4172,cy,CommonPhrases/cy/codi.wav
4173,cy,CommonPhrases/cy/deffro.wav
4174,cy,CommonPhrases/cy/gorwedd.wav
4175,cy,CommonPhrases/cy/eistedd.wav
4176,cy,CommonPhrases/cy/sefyll.wav
4177,cy,CommonPhrases/cy/mynd_allan.wav
4178,cy,CommonPhrases/cy/dychwelyd.wav
4179,cy,CommonPhrases/cy/aros_fewn.wav
4180,cy,CommonPhrases/cy/mynd_allan.wav
4181,cy,CommonPhrases/cy/symud_ymlaen.wav
4182,cy,CommonPhrases/cy/arafwch.wav
4183,cy,CommonPhrases/cy/cyflymwch.wav
4184,cy,CommonPhrases/cy/parhau.wav
4185,cy,CommonPhrases/cy/rhoi_r_gorau_iddi.wav
4186,cy,CommonPhrases/cy/codi.wav
4187,cy,CommonPhrases/cy/rhoi_lawr.wav
4188,cy,CommonPhrases/cy/troi_ymlaen.wav
4189,cy,CommonPhrases/cy/troi_i_ffwrdd.wav
4190,cy,CommonPhrases/cy/glanhau.wav
4191,cy,CommonPhrases/cy/llanastru.wav
4192,cy,CommonPhrases/cy/sefydlu.wav
4193,cy,CommonPhrases/cy/pacio.wav
4194,cy,CommonPhrases/cy/ymddangos.wav
4195,cy,CommonPhrases/cy/gadael_yn_gynnar.wav
4196,cy,CommonPhrases/cy/aros_yn_hwyr.wav
4197,cy,CommonPhrases/cy/tawalu.wav
4198,cy,CommonPhrases/cy/cynhesu.wav
4199,cy,CommonPhrases/cy/oeri.wav
4200,cy,CommonPhrases/cy/gwisgo_n_ffurfiol.wav
4201,cy,CommonPhrases/cy/newid_dillad.wav
4202,cy,CommonPhrases/cy/paratoi.wav
4203,cy,CommonPhrases/cy/ymffresio.wav
4204,cy,CommonPhrases/cy/cymer_egwyl.wav
4205,cy,CommonPhrases/cy/gorffwys.wav
4206,cy,CommonPhrases/cy/dechrau_drosodd.wav
4207,cy,CommonPhrases/cy/ewch_ymlaen.wav
4208,cy,CommonPhrases/cy/dal_ati.wav
4209,cy,CommonPhrases/cy/gollwng.wav
4210,cy,CommonPhrases/cy/camu_o_r_neilltu.wav
4211,cy,CommonPhrases/cy/symud_ymlaen.wav
4212,cy,CommonPhrases/cy/edrych_yn_l.wav
4213,cy,CommonPhrases/cy/sefydlu.wav
4214,cy,CommonPhrases/cy/gorffen.wav
4215,cy,CommonPhrases/cy/gadael.wav
4216,cy,CommonPhrases/cy/edrych_o_gwmpas.wav
4217,cy,CommonPhrases/cy/deffro_rhywun.wav
4218,cy,CommonPhrases/cy/syrthio_i_gysgu.wav
4219,cy,CommonPhrases/cy/dal_i_fyny.wav
4220,cy,CommonPhrases/cy/treulio_amser.wav
4221,cy,CommonPhrases/cy/cyfarfod.wav
4222,cy,CommonPhrases/cy/cwrdd.wav
4223,cy,CommonPhrases/cy/cadw_mewn_cysylltiad.wav
4224,cy,CommonPhrases/cy/cadw_mewn_cysylltiad.wav
4225,cy,CommonPhrases/cy/colli_cysylltiad.wav
4226,cy,CommonPhrases/cy/cofrestru.wav
4227,cy,CommonPhrases/cy/estyn_allan.wav
4228,cy,CommonPhrases/cy/ailgysylltu.wav
4229,cy,CommonPhrases/cy/symud_ar_wah_n.wav
4230,cy,CommonPhrases/cy/dod_yn_agos.wav
4231,cy,CommonPhrases/cy/tyfu_ar_wah_n.wav
4232,cy,CommonPhrases/cy/gwneud_ffrindiau.wav
4233,cy,CommonPhrases/cy/taro_dechrau_n_dda.wav
4234,cy,CommonPhrases/cy/dod_ymlaen.wav
4235,cy,CommonPhrases/cy/cweryla.wav
4236,cy,CommonPhrases/cy/torri_r_i.wav
4237,cy,CommonPhrases/cy/dod_draw.wav
4238,cy,CommonPhrases/cy/dod_gyda_chi.wav
4239,cy,CommonPhrases/cy/dod_rhywun.wav
4240,cy,CommonPhrases/cy/gwahodd_draw.wav
4241,cy,CommonPhrases/cy/galw_heibio.wav
4242,cy,CommonPhrases/cy/galw_heibio.wav
4243,cy,CommonPhrases/cy/dod_draw.wav
4244,cy,CommonPhrases/cy/dangos_cefnogaeth.wav
4245,cy,CommonPhrases/cy/bod_yna_i.wav
4246,cy,CommonPhrases/cy/dibynnu_ar.wav
4247,cy,CommonPhrases/cy/dibynnu_ar.wav
4248,cy,CommonPhrases/cy/ymddiried_mewn_rhywun.wav
4249,cy,CommonPhrases/cy/agor_i_fyny.wav
4250,cy,CommonPhrases/cy/rhannu_teimladau.wav
4251,cy,CommonPhrases/cy/treulio_amser.wav
4252,cy,CommonPhrases/cy/gwneud_cynlluniau.wav
4253,cy,CommonPhrases/cy/canslo_cynlluniau.wav
4254,cy,CommonPhrases/cy/ymuno.wav
4255,cy,CommonPhrases/cy/cefnogi_rhywun.wav
4256,cy,CommonPhrases/cy/sefyll_gyda.wav
4257,cy,CommonPhrases/cy/edrych_allan_am.wav
4258,cy,CommonPhrases/cy/dod_i_adnabod.wav
4259,cy,CommonPhrases/cy/aros_yn_agos.wav
4260,cy,CommonPhrases/cy/teimlo_n_groesawgar.wav
4261,cy,CommonPhrases/cy/teimlo_wedi_ch_anghofio.wav
4262,cy,CommonPhrases/cy/clymu_gyda.wav
4263,cy,CommonPhrases/cy/cysylltu_gyda.wav
4264,cy,CommonPhrases/cy/cymdeithasu.wav
4265,cy,CommonPhrases/cy/helo_yno.wav
4266,cy,CommonPhrases/cy/helo_bawb.wav
4267,cy,CommonPhrases/cy/sut_wyt_ti.wav
4268,cy,CommonPhrases/cy/sut_mae_n_mynd.wav
4269,cy,CommonPhrases/cy/be_sy_n_bod.wav
4270,cy,CommonPhrases/cy/dyfalwch_beth.wav
4271,cy,CommonPhrases/cy/gyda_llaw.wav
4272,cy,CommonPhrases/cy/wrth_siarad_am_hynny.wav
4273,cy,CommonPhrases/cy/mae_hynny_n_fy_atgoffa.wav
4274,cy,CommonPhrases/cy/cyn_i_mi_anghofio.wav
4275,cy,CommonPhrases/cy/beth_bynnag.wav
4276,cy,CommonPhrases/cy/felly_ie.wav
4277,cy,CommonPhrases/cy/yn_fyr.wav
4278,cy,CommonPhrases/cy/a_bod_yn_onest.wav
4279,cy,CommonPhrases/cy/a_dweud_y_gwir.wav
4280,cy,CommonPhrases/cy/dwi_n_dweud.wav
4281,cy,CommonPhrases/cy/os_gofynnwch_chi_i_fi.wav
4282,cy,CommonPhrases/cy/yn_fy_marn_i.wav
4283,cy,CommonPhrases/cy/wyddoch_chi_beth.wav
4284,cy,CommonPhrases/cy/gadewch_i_mi_feddwl.wav
4285,cy,CommonPhrases/cy/un_peth_arall.wav
4286,cy,CommonPhrases/cy/cwestiwn_cyflym.wav
4287,cy,CommonPhrases/cy/ga_i_ofyn.wav
4288,cy,CommonPhrases/cy/sori_am_dorri_ar_draws.wav
4289,cy,CommonPhrases/cy/ewch_ymlaen.wav
4290,cy,CommonPhrases/cy/parhewch_os_gwelwch_yn_dda.wav
4291,cy,CommonPhrases/cy/fel_roeddwn_i_n_dweud.wav
4292,cy,CommonPhrases/cy/i_grynhoi.wav
4293,cy,CommonPhrases/cy/yn_fyr.wav
4294,cy,CommonPhrases/cy/dyna_fo.wav
4295,cy,CommonPhrases/cy/dyna_i_gyd.wav
4296,cy,CommonPhrases/cy/swnio_n_dda.wav
4297,cy,CommonPhrases/cy/mae_n_gweithio_i_mi.wav
4298,cy,CommonPhrases/cy/gadewch_i_ni_stopio_yma.wav
4299,cy,CommonPhrases/cy/galw_heibio_am_y_dydd.wav
4300,cy,CommonPhrases/cy/sgwrsio_n_fuan.wav
4301,cy,CommonPhrases/cy/wela_i_chi_n_hwyrach.wav
4302,cy,CommonPhrases/cy/wela_i_chi_o_gwmpas.wav
4303,cy,CommonPhrases/cy/wela_i_chi_n_hwyrach.wav
4304,cy,CommonPhrases/cy/cofiwch_ofalu.wav
4305,cy,CommonPhrases/cy/cael_un_da.wav
4306,cy,CommonPhrases/cy/braf_siarad_chi.wav
4307,cy,CommonPhrases/cy/diolch_am_eich_amser.wav
4308,cy,CommonPhrases/cy/gwerthfawrogaf_hynny.wav
4309,cy,CommonPhrases/cy/tan_y_tro_nesaf.wav
4310,cy,CommonPhrases/cy/hwyl_am_y_tro.wav
4311,cy,CommonPhrases/cy/rhyw_fath_o_brysur.wav
4312,cy,CommonPhrases/cy/gweddol_dda.wav
4313,cy,CommonPhrases/cy/dim_yn_ddrwg.wav
4314,cy,CommonPhrases/cy/yr_un_fath_yma.wav
4315,cy,CommonPhrases/cy/dw_i_n_tybio.wav
4316,cy,CommonPhrases/cy/efallai_n_hwyrach.wav
4317,cy,CommonPhrases/cy/rhyw_fath_o.wav
4318,cy,CommonPhrases/cy/ychydig.wav
4319,cy,CommonPhrases/cy/ychydig.wav
4320,cy,CommonPhrases/cy/mwy_neu_lai.wav
4321,cy,CommonPhrases/cy/ar_hyn_o_bryd.wav
4322,cy,CommonPhrases/cy/y_dyddiau_hyn.wav
4323,cy,CommonPhrases/cy/yn_ddiweddar.wav
4324,cy,CommonPhrases/cy/fel_arfer.wav
4325,cy,CommonPhrases/cy/dim_syniad.wav
4326,cy,CommonPhrases/cy/pwy_a_yr.wav
4327,cy,CommonPhrases/cy/beth_bynnag_sy_n_gweithio.wav
4328,cy,CommonPhrases/cy/mae_n_digwydd.wav
4329,cy,CommonPhrases/cy/teg_ddigon.wav
4330,cy,CommonPhrases/cy/mae_n_gwneud_synnwyr.wav
4331,cy,CommonPhrases/cy/swnio_n_iawn.wav
4332,cy,CommonPhrases/cy/wyt_ti_byth_yn_gwybod.wav
4333,cy,CommonPhrases/cy/mae_n_dibynnu.wav
4334,cy,CommonPhrases/cy/dim_ots.wav
4335,cy,CommonPhrases/cy/popeth_yn_iawn.wav
4336,cy,CommonPhrases/cy/yn_barod.wav
4337,cy,CommonPhrases/cy/digon_da.wav
4338,cy,CommonPhrases/cy/bron_iawn.wav
4339,cy,CommonPhrases/cy/fel_na.wav
4340,cy,CommonPhrases/cy/o_r_unman.wav
4341,cy,CommonPhrases/cy/yn_sydyn_iawn.wav
4342,cy,CommonPhrases/cy/yn_sicr.wav
4343,cy,CommonPhrases/cy/yn_bendant.wav
4344,cy,CommonPhrases/cy/mae_n_debyg.wav
4345,cy,CommonPhrases/cy/dw_i_n_tybio.wav
4346,cy,CommonPhrases/cy/dw_i_n_meddwl_felly.wav
4347,cy,CommonPhrases/cy/gobeithio.wav
4348,cy,CommonPhrases/cy/gawn_ni_weld.wav
4349,cy,CommonPhrases/cy/croesi_bysedd.wav
4350,cy,CommonPhrases/cy/cer_i_weld.wav
4351,cy,CommonPhrases/cy/dychmyga_hynny.wav
4352,cy,CommonPhrases/cy/y_peth_rhyfedd_yw.wav
4353,cy,CommonPhrases/cy/creda_fe_neu_beidio.wav
4354,cy,CommonPhrases/cy/tybia_i.wav
4355,cy,CommonPhrases/cy/rwyt_ti_n_deall_fi.wav
4356,cy,CommonPhrases/cy/wyddoch_chi.wav
4357,cy,CommonPhrases/cy/gad_i_fi_esbonio.wav
4358,cy,CommonPhrases/cy/dyma_r_peth.wav
4359,cy,CommonPhrases/cy/y_pwynt_yw.wav
4360,cy,CommonPhrases/cy/beth_dwi_n_ei_olygu_yw.wav
4361,cy,CommonPhrases/cy/mewn_geiriau_eraill.wav
4362,cy,CommonPhrases/cy/er_enghraifft.wav
4363,cy,CommonPhrases/cy/er_enghraifft.wav
4364,cy,CommonPhrases/cy/yn_y_b_n.wav
4365,cy,CommonPhrases/cy/yn_syml.wav
4366,cy,CommonPhrases/cy/i_egluro.wav
4367,cy,CommonPhrases/cy/i_fod_yn_glir.wav
4368,cy,CommonPhrases/cy/i_fod_yn_glir.wav
4369,cy,CommonPhrases/cy/y_syniad_yw.wav
4370,cy,CommonPhrases/cy/y_rheswm_yw.wav
4371,cy,CommonPhrases/cy/dyna_pam.wav
4372,cy,CommonPhrases/cy/oherwydd_hynny.wav
4373,cy,CommonPhrases/cy/o_ganlyniad.wav
4374,cy,CommonPhrases/cy/mewn_gwirionedd.wav
4375,cy,CommonPhrases/cy/a_dweud_y_gwir.wav
4376,cy,CommonPhrases/cy/yn_dechnegol.wav
4377,cy,CommonPhrases/cy/yn_l.wav
4378,cy,CommonPhrases/cy/hyd_y_gwn_i.wav
4379,cy,CommonPhrases/cy/o_r_hyn_rwy_n_ei_glywed.wav
4380,cy,CommonPhrases/cy/dywedwyd_wrthyf.wav
4381,cy,CommonPhrases/cy/mae_n_troi_allan.wav
4382,cy,CommonPhrases/cy/mae_n_ymddangos_bod.wav
4383,cy,CommonPhrases/cy/yn_l_pob_s_n.wav
4384,cy,CommonPhrases/cy/fel_y_disgwyliwyd.wav
4385,cy,CommonPhrases/cy/yn_syndod.wav
4386,cy,CommonPhrases/cy/nid_yw_n_syndod.wav
4387,cy,CommonPhrases/cy/y_gwir_yw.wav
4388,cy,CommonPhrases/cy/a_dweud_y_gwir.wav
4389,cy,CommonPhrases/cy/yn_realistig.wav
4390,cy,CommonPhrases/cy/ar_y_cyfan.wav
4391,cy,CommonPhrases/cy/ar_y_cyfan.wav
4392,cy,CommonPhrases/cy/yn_gyffredinol.wav
4393,cy,CommonPhrases/cy/o_leiaf.wav
4394,cy,CommonPhrases/cy/ar_y_mwyaf.wav
4395,cy,CommonPhrases/cy/yn_bwysicach.wav
4396,cy,CommonPhrases/cy/yn_enwedig.wav
4397,cy,CommonPhrases/cy/yn_bennaf.wav
4398,cy,CommonPhrases/cy/gan_amlaf.wav
4399,cy,CommonPhrases/cy/yn_rhannol.wav
4400,cy,CommonPhrases/cy/yn_fras.wav
4401,cy,CommonPhrases/cy/oddeutu.wav
4402,cy,CommonPhrases/cy/yn_union.wav
4403,cy,CommonPhrases/cy/yn_fanwl_gywir.wav
4404,cy,CommonPhrases/cy/allwch_chi_ddweud_wrtha_i.wav
4405,cy,CommonPhrases/cy/ydych_chi_n_gwybod.wav
4406,cy,CommonPhrases/cy/allech_chi_esbonio.wav
4407,cy,CommonPhrases/cy/beth_mae_n_ei_olygu.wav
4408,cy,CommonPhrases/cy/sut_mae_n_gweithio.wav
4409,cy,CommonPhrases/cy/beth_sy_n_digwydd.wav
4410,cy,CommonPhrases/cy/beth_ddigwyddodd.wav
4411,cy,CommonPhrases/cy/beth_yw_r_cynllun.wav
4412,cy,CommonPhrases/cy/beth_ydych_chi_n_ei_feddwl.wav
4413,cy,CommonPhrases/cy/beth_ddylwn_i_ei_wneud.wav
4414,cy,CommonPhrases/cy/unrhyw_syniad.wav
4415,cy,CommonPhrases/cy/unrhyw_feddyliau.wav
4416,cy,CommonPhrases/cy/unrhyw_newyddion.wav
4417,cy,CommonPhrases/cy/beth_sy_n_newydd.wav
4418,cy,CommonPhrases/cy/beth_sydd_nesaf.wav
4419,cy,CommonPhrases/cy/ble_rydyn_ni.wav
4420,cy,CommonPhrases/cy/pa_mor_hir_y_bydd_yn_ei_gymryd.wav
4421,cy,CommonPhrases/cy/pryd_mae_n_ddyledus.wav
4422,cy,CommonPhrases/cy/faint_mae_n_costio.wav
4423,cy,CommonPhrases/cy/faint.wav
4424,cy,CommonPhrases/cy/pa_mor_aml.wav
4425,cy,CommonPhrases/cy/pam_hynny.wav
4426,cy,CommonPhrases/cy/beth_os.wav
4427,cy,CommonPhrases/cy/ydy_n_bosibl.wav
4428,cy,CommonPhrases/cy/ydy_e_n_bwysig.wav
4429,cy,CommonPhrases/cy/ydy_e_n_werth_chweil.wav
4430,cy,CommonPhrases/cy/ga_i_wybod.wav
4431,cy,CommonPhrases/cy/a_fyddech_chi_n_meddwl.wav
4432,cy,CommonPhrases/cy/allech_chi_helpu.wav
4433,cy,CommonPhrases/cy/allech_chi_egluro.wav
4434,cy,CommonPhrases/cy/tynnu_coes.wav
4435,cy,CommonPhrases/cy/o_chwilfrydedd.wav
4436,cy,CommonPhrases/cy/er_gwybodaeth.wav
4437,cy,CommonPhrases/cy/beth_am.wav
4438,cy,CommonPhrases/cy/beth_am.wav
4439,cy,CommonPhrases/cy/pa_un.wav
4440,cy,CommonPhrases/cy/pwy_sy_n_gyfrifol.wav
4441,cy,CommonPhrases/cy/pwy_sy_n_dod.wav
4442,cy,CommonPhrases/cy/beth_arall.wav
4443,cy,CommonPhrases/cy/unrhyw_beth_arall.wav
4444,cy,CommonPhrases/cy/dw_i_n_meddwl.wav
4445,cy,CommonPhrases/cy/dw_i_n_credu.wav
4446,cy,CommonPhrases/cy/dw_i_n_teimlo_fel.wav
4447,cy,CommonPhrases/cy/dw_i_n_cymryd_yn_ganiataol.wav
4448,cy,CommonPhrases/cy/dw_i_n_dyfalu.wav
4449,cy,CommonPhrases/cy/yn_fy_marn_i.wav
4450,cy,CommonPhrases/cy/o_fy_safbwynt_i.wav
4451,cy,CommonPhrases/cy/yn_bersonol.wav
4452,cy,CommonPhrases/cy/i_fi.wav
4453,cy,CommonPhrases/cy/mae_n_ymddangos_i_mi.wav
4454,cy,CommonPhrases/cy/baswn_i_n_dweud.wav
4455,cy,CommonPhrases/cy/baswn_i_n_dadlau.wav
4456,cy,CommonPhrases/cy/baswn_i_n_awgrymu.wav
4457,cy,CommonPhrases/cy/baswn_i_n_argymell.wav
4458,cy,CommonPhrases/cy/byddai_n_well_gen_i.wav
4459,cy,CommonPhrases/cy/dw_i_ddim_yn_meddwl_felly.wav
4460,cy,CommonPhrases/cy/dw_i_n_amau.wav
4461,cy,CommonPhrases/cy/dw_i_ddim_yn_si_r.wav
4462,cy,CommonPhrases/cy/dw_i_wedi_fy_argyhoeddi.wav
4463,cy,CommonPhrases/cy/dw_i_n_sicr.wav
4464,cy,CommonPhrases/cy/dw_i_n_ansicr.wav
4465,cy,CommonPhrases/cy/dw_i_wedi_m_rhannu.wav
4466,cy,CommonPhrases/cy/dw_i_n_tueddu_i.wav
4467,cy,CommonPhrases/cy/dw_i_yn_erbyn.wav
4468,cy,CommonPhrases/cy/dw_i_o_blaid.wav
4469,cy,CommonPhrases/cy/dw_i_n_cytuno.wav
4470,cy,CommonPhrases/cy/dw_i_n_anghytuno.wav
4471,cy,CommonPhrases/cy/dw_i_n_cytuno_n_rhannol.wav
4472,cy,CommonPhrases/cy/dw_i_n_gweld_dy_bwynt_di.wav
4473,cy,CommonPhrases/cy/efallai_dy_fod_ti_n_iawn.wav
4474,cy,CommonPhrases/cy/dw_i_ddim_wedi_m_argyhoeddi.wav
4475,cy,CommonPhrases/cy/mae_gen_i_amheuon.wav
4476,cy,CommonPhrases/cy/mae_gen_i_deimlad.wav
4477,cy,CommonPhrases/cy/fy_argraff_i_yw.wav
4478,cy,CommonPhrases/cy/fy_mhryder_i_yw.wav
4479,cy,CommonPhrases/cy/fy_ngyfarwydd_i_yw.wav
4480,cy,CommonPhrases/cy/fy_marn_i_yw.wav
4481,cy,CommonPhrases/cy/fy_mhwynt_i_yw.wav
4482,cy,CommonPhrases/cy/y_ffordd_dw_i_n_ei_weld_hi.wav
4483,cy,CommonPhrases/cy/a_bod_yn_deg.wav
4484,cy,CommonPhrases/cy/dw_i_n_cytuno_n_llwyr.wav
4485,cy,CommonPhrases/cy/yn_hollol.wav
4486,cy,CommonPhrases/cy/dyna_n_iawn.wav
4487,cy,CommonPhrases/cy/ti_n_iawn.wav
4488,cy,CommonPhrases/cy/dw_i_n_meddwl_felly_hefyd.wav
4489,cy,CommonPhrases/cy/fi_hefyd.wav
4490,cy,CommonPhrases/cy/pynt_teg.wav
4491,cy,CommonPhrases/cy/pynt_da.wav
4492,cy,CommonPhrases/cy/dw_i_n_gweld_hynny.wav
4493,cy,CommonPhrases/cy/dw_i_n_deall_hynny.wav
4494,cy,CommonPhrases/cy/dw_i_ddim_yn_cytuno.wav
4495,cy,CommonPhrases/cy/ddim_mewn_gwirionedd.wav
4496,cy,CommonPhrases/cy/dw_i_ddim_yn_si_r_am_hynny.wav
4497,cy,CommonPhrases/cy/dw_i_n_ei_weld_hi_n_wahanol.wav
4498,cy,CommonPhrases/cy/mae_n_rhaid_i_mi_anghytuno.wav
4499,cy,CommonPhrases/cy/dydy_hynny_ddim_yn_wir.wav
4500,cy,CommonPhrases/cy/dw_i_ddim_yn_ei_gredu.wav
4501,cy,CommonPhrases/cy/efallai_ddim.wav
4502,cy,CommonPhrases/cy/dw_i_ar_y_ffens.wav
4503,cy,CommonPhrases/cy/gallai_fod.wav
4504,cy,CommonPhrases/cy/o_bosib.wav
4505,cy,CommonPhrases/cy/gadewch_i_ni_gytuno_i_anghytuno.wav
4506,cy,CommonPhrases/cy/bydda_i_n_cytuno_hynny.wav
4507,cy,CommonPhrases/cy/gallaf_fi_fyw_gyda_hynny.wav
4508,cy,CommonPhrases/cy/iawn_gen_i.wav
4509,cy,CommonPhrases/cy/dim_gwrthwynebiad.wav
4510,cy,CommonPhrases/cy/mae_n_iawn_gyda_fi.wav
4511,cy,CommonPhrases/cy/nid_yw_n_iawn_gyda_fi.wav
4512,cy,CommonPhrases/cy/dw_i_yn_erbyn_hynny.wav
4513,cy,CommonPhrases/cy/gwneud_dewis.wav
4514,cy,CommonPhrases/cy/penderfynu_ar.wav
4515,cy,CommonPhrases/cy/mynd_gyda.wav
4516,cy,CommonPhrases/cy/glynu_wrth.wav
4517,cy,CommonPhrases/cy/newid_fy_meddwl.wav
4518,cy,CommonPhrases/cy/meddwl_amdano.wav
4519,cy,CommonPhrases/cy/cysgu_arno.wav
4520,cy,CommonPhrases/cy/ystyried_opsiynau.wav
4521,cy,CommonPhrases/cy/ystyried_hynny.wav
4522,cy,CommonPhrases/cy/diystyru.wav
4523,cy,CommonPhrases/cy/culhau_r_dewis.wav
4524,cy,CommonPhrases/cy/dewis_un.wav
4525,cy,CommonPhrases/cy/dewis_yn_ddoeth.wav
4526,cy,CommonPhrases/cy/cymryd_siawns.wav
4527,cy,CommonPhrases/cy/chwarae_n_saff.wav
4528,cy,CommonPhrases/cy/dos_amdani.wav
4529,cy,CommonPhrases/cy/cilio.wav
4530,cy,CommonPhrases/cy/ymrwymo_i.wav
4531,cy,CommonPhrases/cy/dilyn_trwodd.wav
4532,cy,CommonPhrases/cy/canslo.wav
4533,cy,CommonPhrases/cy/atal.wav
4534,cy,CommonPhrases/cy/gohirio.wav
4535,cy,CommonPhrases/cy/camu_n_l.wav
4536,cy,CommonPhrases/cy/cymryd_cyfrifoldeb.wav
4537,cy,CommonPhrases/cy/penderfynu.wav
4538,cy,CommonPhrases/cy/cael_ail_feddyliau.wav
4539,cy,CommonPhrases/cy/difaru_hynny.wav
4540,cy,CommonPhrases/cy/teimlo_n_hyderus.wav
4541,cy,CommonPhrases/cy/teimlo_n_ansicr.wav
4542,cy,CommonPhrases/cy/petruso.wav
4543,cy,CommonPhrases/cy/rhuthro_i_mewn_i.wav
4544,cy,CommonPhrases/cy/cymryd_amser.wav
4545,cy,CommonPhrases/cy/ymddiried_yn_fy_nheimlad_perfedd.wav
4546,cy,CommonPhrases/cy/mynd_i_gyd_i_mewn.wav
4547,cy,CommonPhrases/cy/setlo_am.wav
4548,cy,CommonPhrases/cy/cyfaddawdu.wav
4549,cy,CommonPhrases/cy/tynnu_llinell.wav
4550,cy,CommonPhrases/cy/ar_amser.wav
4551,cy,CommonPhrases/cy/o_flaen_amser.wav
4552,cy,CommonPhrases/cy/ar_ei_h_l_hi.wav
4553,cy,CommonPhrases/cy/bod_yn_hwyr.wav
4554,cy,CommonPhrases/cy/yn_gynnar.wav
4555,cy,CommonPhrases/cy/ar_unwaith.wav
4556,cy,CommonPhrases/cy/mewn_munud.wav
4557,cy,CommonPhrases/cy/mewn_tipyn.wav
4558,cy,CommonPhrases/cy/yn_fuan_iawn.wav
4559,cy,CommonPhrases/cy/cyn_bo_hir.wav
4560,cy,CommonPhrases/cy/am_y_tro.wav
4561,cy,CommonPhrases/cy/ar_hyn_o_bryd.wav
4562,cy,CommonPhrases/cy/ar_hyn_o_bryd.wav
4563,cy,CommonPhrases/cy/yn_y_cyfamser.wav
4564,cy,CommonPhrases/cy/ar_y_funud_olaf.wav
4565,cy,CommonPhrases/cy/o_hyn_ymlaen.wav
4566,cy,CommonPhrases/cy/erbyn_hynny.wav
4567,cy,CommonPhrases/cy/tan_hynny.wav
4568,cy,CommonPhrases/cy/trwy_r_dydd.wav
4569,cy,CommonPhrases/cy/trwy_r_nos.wav
4570,cy,CommonPhrases/cy/yn_ddiweddar.wav
4571,cy,CommonPhrases/cy/amser_maith_yn_l.wav
4572,cy,CommonPhrases/cy/oesoedd_yn_l.wav
4573,cy,CommonPhrases/cy/o_dro_i_dro.wav
4574,cy,CommonPhrases/cy/unwaith_mewn_tro.wav
4575,cy,CommonPhrases/cy/o_bryd_i_w_gilydd.wav
4576,cy,CommonPhrases/cy/cyn_gynted_phosibl.wav
4577,cy,CommonPhrases/cy/cgp.wav
4578,cy,CommonPhrases/cy/cymerwch_eich_amser.wav
4579,cy,CommonPhrases/cy/dim_rhuthr.wav
4580,cy,CommonPhrases/cy/gwneud_amser.wav
4581,cy,CommonPhrases/cy/arbed_amser.wav
4582,cy,CommonPhrases/cy/gwastraffu_amser.wav
4583,cy,CommonPhrases/cy/lladd_amser.wav
4584,cy,CommonPhrases/cy/prynu_amser.wav
4585,cy,CommonPhrases/cy/gosod_amser.wav
4586,cy,CommonPhrases/cy/ail_drefnu.wav
4587,cy,CommonPhrases/cy/gwthio_n_l.wav
4588,cy,CommonPhrases/cy/symud_ymlaen.wav
4589,cy,CommonPhrases/cy/o_ddydd_i_ddydd.wav
4590,cy,CommonPhrases/cy/o_wythnos_i_wythnos.wav
4591,cy,CommonPhrases/cy/yn_gynt_na_r_disgwyl.wav
4592,cy,CommonPhrases/cy/yn_hwyrach_na_r_bwriad.wav
4593,cy,CommonPhrases/cy/mynd_i_r_gwaith.wav
4594,cy,CommonPhrases/cy/dechrau_gweithio.wav
4595,cy,CommonPhrases/cy/canolbwyntio_ar.wav
4596,cy,CommonPhrases/cy/gweithio_ar.wav
4597,cy,CommonPhrases/cy/daliwch_ati_i_weithio.wav
4598,cy,CommonPhrases/cy/cwblhewch_e.wav
4599,cy,CommonPhrases/cy/gofalwch_amdano.wav
4600,cy,CommonPhrases/cy/delio_ag_e.wav
4601,cy,CommonPhrases/cy/delio_thasgau.wav
4602,cy,CommonPhrases/cy/rheoli_amser.wav
4603,cy,CommonPhrases/cy/cyrraedd_dyddiad_cau.wav
4604,cy,CommonPhrases/cy/methu_dyddiad_cau.wav
4605,cy,CommonPhrases/cy/cadw_ar_y_trywydd_iawn.wav
4606,cy,CommonPhrases/cy/syrthio_ar_ei_h_l.wav
4607,cy,CommonPhrases/cy/dilyn_i_fyny.wav
4608,cy,CommonPhrases/cy/gwirio_cynnydd.wav
4609,cy,CommonPhrases/cy/rhoi_diweddariad.wav
4610,cy,CommonPhrases/cy/adrodd_yn_l.wav
4611,cy,CommonPhrases/cy/cysylltu.wav
4612,cy,CommonPhrases/cy/cydamseru.wav
4613,cy,CommonPhrases/cy/cynnwys.wav
4614,cy,CommonPhrases/cy/rhoi_r_wybodaeth_ddiweddaraf_i_chi.wav
4615,cy,CommonPhrases/cy/gorffen_e.wav
4616,cy,CommonPhrases/cy/cwblhau.wav
4617,cy,CommonPhrases/cy/cymryd_rhan.wav
4618,cy,CommonPhrases/cy/cynyddu_ymdrech.wav
4619,cy,CommonPhrases/cy/cymryd_y_cam_cyntaf.wav
4620,cy,CommonPhrases/cy/dirprwyo_tasgau.wav
4621,cy,CommonPhrases/cy/blaenoriaethu_gwaith.wav
4622,cy,CommonPhrases/cy/amldasgio.wav
4623,cy,CommonPhrases/cy/parhau_n_gynhyrchiol.wav
4624,cy,CommonPhrases/cy/gweithio_goramser.wav
4625,cy,CommonPhrases/cy/clocio_mewn.wav
4626,cy,CommonPhrases/cy/clocio_allan.wav
4627,cy,CommonPhrases/cy/cymryd_amser_i_ffwrdd.wav
4628,cy,CommonPhrases/cy/ffonio_n_s_l.wav
4629,cy,CommonPhrases/cy/mynychu_cyfarfod.wav
4630,cy,CommonPhrases/cy/trefnu_cyfarfod.wav
4631,cy,CommonPhrases/cy/ymuno_galwad.wav
4632,cy,CommonPhrases/cy/arwain_trafodaeth.wav
4633,cy,CommonPhrases/cy/rhannu_adborth.wav
4634,cy,CommonPhrases/cy/rhoi_mewnbwn.wav
4635,cy,CommonPhrases/cy/codi_pryder.wav
4636,cy,CommonPhrases/cy/nodi_problem.wav
4637,cy,CommonPhrases/cy/datrys_e.wav
4638,cy,CommonPhrases/cy/dwys_u_e.wav
4639,cy,CommonPhrases/cy/rhedeg_i_mewn_i_drafferth.wav
4640,cy,CommonPhrases/cy/wynebu_problem.wav
4641,cy,CommonPhrases/cy/cael_problem.wav
4642,cy,CommonPhrases/cy/delio_ag_e.wav
4643,cy,CommonPhrases/cy/datrys_e.wav
4644,cy,CommonPhrases/cy/canfod_e.wav
4645,cy,CommonPhrases/cy/datrys_y_peth.wav
4646,cy,CommonPhrases/cy/trwsio_r_broblem.wav
4647,cy,CommonPhrases/cy/datrys_y_broblem.wav
4648,cy,CommonPhrases/cy/dod_o_hyd_i_ateb.wav
4649,cy,CommonPhrases/cy/mynd_i_r_afael_ag_e.wav
4650,cy,CommonPhrases/cy/ymchwilio_iddo.wav
4651,cy,CommonPhrases/cy/gwirio_fe.wav
4652,cy,CommonPhrases/cy/osgoi_fe.wav
4653,cy,CommonPhrases/cy/dod_drwyddo.wav
4654,cy,CommonPhrases/cy/gorbwyso_fe.wav
4655,cy,CommonPhrases/cy/ymyrru_phwysau.wav
4656,cy,CommonPhrases/cy/gwneud_camgymeriad.wav
4657,cy,CommonPhrases/cy/llithro.wav
4658,cy,CommonPhrases/cy/cyfaddef.wav
4659,cy,CommonPhrases/cy/cymryd_y_bai.wav
4660,cy,CommonPhrases/cy/ymddiheuro_am.wav
4661,cy,CommonPhrases/cy/gwneud_iawn.wav
4662,cy,CommonPhrases/cy/dysgu_ohono.wav
4663,cy,CommonPhrases/cy/atal_fe.wav
4664,cy,CommonPhrases/cy/osgoi_fe.wav
4665,cy,CommonPhrases/cy/lleihau_risg.wav
4666,cy,CommonPhrases/cy/lleihau_difrod.wav
4667,cy,CommonPhrases/cy/rheoli_difrod.wav
4668,cy,CommonPhrases/cy/datrys_problemau.wav
4669,cy,CommonPhrases/cy/chwalu.wav
4670,cy,CommonPhrases/cy/culhau.wav
4671,cy,CommonPhrases/cy/adnabod_achos.wav
4672,cy,CommonPhrases/cy/achos_sylfaenol.wav
4673,cy,CommonPhrases/cy/ateb_dros_dro.wav
4674,cy,CommonPhrases/cy/ateb_hirdymor.wav
4675,cy,CommonPhrases/cy/clytio_fe.wav
4676,cy,CommonPhrases/cy/smwddio_pethau.wav
4677,cy,CommonPhrases/cy/eclareiddio_pethau.wav
4678,cy,CommonPhrases/cy/tawelu_pethau.wav
4679,cy,CommonPhrases/cy/diffodd_tanau.wav
4680,cy,CommonPhrases/cy/delio_chanlyniadau.wav
4681,cy,CommonPhrases/cy/gweithredu.wav
4682,cy,CommonPhrases/cy/cymryd_camau.wav
4683,cy,CommonPhrases/cy/camau_nesaf.wav
4684,cy,CommonPhrases/cy/datrys_yn_gyflym.wav
4685,cy,CommonPhrases/cy/dwys_u_r_broblem.wav
4686,cy,CommonPhrases/cy/teimlo_n_hapus.wav
4687,cy,CommonPhrases/cy/teimlo_n_drist.wav
4688,cy,CommonPhrases/cy/teimlo_n_ddig.wav
4689,cy,CommonPhrases/cy/teimlo_n_ofidus.wav
4690,cy,CommonPhrases/cy/teimlo_dan_straen.wav
4691,cy,CommonPhrases/cy/teimlo_n_hamddenol.wav
4692,cy,CommonPhrases/cy/teimlo_n_dawel.wav
4693,cy,CommonPhrases/cy/teimlo_n_nerfus.wav
4694,cy,CommonPhrases/cy/teimlo_n_gyffrous.wav
4695,cy,CommonPhrases/cy/teimlo_n_falch.wav
4696,cy,CommonPhrases/cy/teimlo_cywilydd.wav
4697,cy,CommonPhrases/cy/teimlo_n_euog.wav
4698,cy,CommonPhrases/cy/teimlo_rhyddhad.wav
4699,cy,CommonPhrases/cy/teimlo_n_ddiolchgar.wav
4700,cy,CommonPhrases/cy/teimlo_n_ddiolchgar.wav
4701,cy,CommonPhrases/cy/teimlo_n_rhwystredig.wav
4702,cy,CommonPhrases/cy/teimlo_n_siomedig.wav
4703,cy,CommonPhrases/cy/teimlo_n_synnu.wav
4704,cy,CommonPhrases/cy/teimlo_n_sioc.wav
4705,cy,CommonPhrases/cy/teimlo_n_ddryslyd.wav
4706,cy,CommonPhrases/cy/teimlo_n_ansicr.wav
4707,cy,CommonPhrases/cy/teimlo_wedi_m_cymell.wav
4708,cy,CommonPhrases/cy/teimlo_n_flinedig.wav
4709,cy,CommonPhrases/cy/teimlo_wedi_blino_n_l_n.wav
4710,cy,CommonPhrases/cy/teimlo_n_egn_ol.wav
4711,cy,CommonPhrases/cy/teimlo_n_diflas.wav
4712,cy,CommonPhrases/cy/teimlo_diddordeb.wav
4713,cy,CommonPhrases/cy/teimlo_n_chwilfrydig.wav
4714,cy,CommonPhrases/cy/teimlo_n_obeithiol.wav
4715,cy,CommonPhrases/cy/teimlo_n_bryderus.wav
4716,cy,CommonPhrases/cy/teimlo_n_nerfus.wav
4717,cy,CommonPhrases/cy/teimlo_ofn.wav
4718,cy,CommonPhrases/cy/teimlo_n_ddiogel.wav
4719,cy,CommonPhrases/cy/teimlo_n_gyfforddus.wav
4720,cy,CommonPhrases/cy/teimlo_n_anghyfforddus.wav
4721,cy,CommonPhrases/cy/teimlo_n_fodlon.wav
4722,cy,CommonPhrases/cy/teimlo_n_anfodlon.wav
4723,cy,CommonPhrases/cy/teimlo_dan_bwysau.wav
4724,cy,CommonPhrases/cy/teimlo_n_gytbwys.wav
4725,cy,CommonPhrases/cy/teimlo_wedi_m_cefnogi.wav
4726,cy,CommonPhrases/cy/ymateb_yn_gyflym.wav
4727,cy,CommonPhrases/cy/gor_ymateb.wav
4728,cy,CommonPhrases/cy/cadw_n_dawel.wav
4729,cy,CommonPhrases/cy/colli_amynedd.wav
4730,cy,CommonPhrases/cy/cadw_n_bwyllog.wav
4731,cy,CommonPhrases/cy/ei_gymryd_yn_bersonol.wav
4732,cy,CommonPhrases/cy/ei_anwybyddu.wav
4733,cy,CommonPhrases/cy/ysgwyddo_r_bai.wav
4734,cy,CommonPhrases/cy/os_gwelwch_yn_dda_helpwch.wav
4735,cy,CommonPhrases/cy/diolch.wav
4736,cy,CommonPhrases/cy/diolch_yn_fawr.wav
4737,cy,CommonPhrases/cy/gwerthfawrogir_yn_fawr.wav
4738,cy,CommonPhrases/cy/rydw_i_n_ei_werthfawrogi.wav
4739,cy,CommonPhrases/cy/esgusodwch_fi.wav
4740,cy,CommonPhrases/cy/sori_am_hynny.wav
4741,cy,CommonPhrases/cy/pardwn.wav
4742,cy,CommonPhrases/cy/ymddiheuriadau.wav
4743,cy,CommonPhrases/cy/dim_problem.wav
4744,cy,CommonPhrases/cy/dim_ots.wav
4745,cy,CommonPhrases/cy/croeso.wav
4746,cy,CommonPhrases/cy/unrhyw_bryd.wav
4747,cy,CommonPhrases/cy/os_nad_oes_ots_gennych_chi.wav
4748,cy,CommonPhrases/cy/a_allech_chi_os_gwelwch_yn_dda.wav
4749,cy,CommonPhrases/cy/a_gaf_i.wav
4750,cy,CommonPhrases/cy/os_yn_bosibl.wav
4751,cy,CommonPhrases/cy/byddwn_i_n_gwerthfawrogi.wav
4752,cy,CommonPhrases/cy/munud_bach.wav
4753,cy,CommonPhrases/cy/eiliad_os_gwelwch_yn_dda.wav
4754,cy,CommonPhrases/cy/ar_eich_l_chi.wav
4755,cy,CommonPhrases/cy/mae_croeso_i_chi.wav
4756,cy,CommonPhrases/cy/paid_phoeni.wav
4757,cy,CommonPhrases/cy/mae_hynny_n_iawn.wav
4758,cy,CommonPhrases/cy/os_yw_hynny_n_iawn.wav
4759,cy,CommonPhrases/cy/rwy_n_deall.wav
4760,cy,CommonPhrases/cy/rwy_n_parchu_hynny.wav
4761,cy,CommonPhrases/cy/dim_trosedd.wav
4762,cy,CommonPhrases/cy/gyda_pharch.wav
4763,cy,CommonPhrases/cy/noder_yn_garedig.wav
4764,cy,CommonPhrases/cy/i_gadarnhau.wav
4765,cy,CommonPhrases/cy/rhowch_wybod_i_mi_os_gwelwch_yn_dda.wav
4766,cy,CommonPhrases/cy/dal_ati.wav
4767,cy,CommonPhrases/cy/gallwch_chi_wneud_hyn.wav
4768,cy,CommonPhrases/cy/peidiwch_rhoi_r_gorau_iddi.wav
4769,cy,CommonPhrases/cy/arhoswch_yn_gryf.wav
4770,cy,CommonPhrases/cy/cymerwch_hi_n_hawdd.wav
4771,cy,CommonPhrases/cy/gwnewch_eich_gorau.wav
4772,cy,CommonPhrases/cy/un_cam_ar_y_tro.wav
4773,cy,CommonPhrases/cy/daliwch_ati_i_geisio.wav
4774,cy,CommonPhrases/cy/daliwch_ati.wav
4775,cy,CommonPhrases/cy/da_iawn.wav
4776,cy,CommonPhrases/cy/gwaith_da.wav
4777,cy,CommonPhrases/cy/gwaith_neis.wav
4778,cy,CommonPhrases/cy/rwy_n_falch_ohonoch_chi.wav
4779,cy,CommonPhrases/cy/credwch_ynoch_chi_ch_hun.wav
4780,cy,CommonPhrases/cy/ymddiriedwch_ynoch_chi_ch_hun.wav
4781,cy,CommonPhrases/cy/arhoswch_yn_bositif.wav
4782,cy,CommonPhrases/cy/arhoswch_yn_canolbwyntio.wav
4783,cy,CommonPhrases/cy/bydd_popeth_yn_iawn.wav
4784,cy,CommonPhrases/cy/dw_i_yma.wav
4785,cy,CommonPhrases/cy/mae_gen_ti_fi.wav
4786,cy,CommonPhrases/cy/dw_i_n_dy_gefnogi_di.wav
4787,cy,CommonPhrases/cy/dydy_ti_ddim_ar_dy_ben_dy_hun.wav
4788,cy,CommonPhrases/cy/bydd_pethau_n_gwella.wav
4789,cy,CommonPhrases/cy/rho_amser_iddo.wav
4790,cy,CommonPhrases/cy/fe_gyrhaeddi_di_yno.wav
4791,cy,CommonPhrases/cy/dos_ymlaen.wav
4792,cy,CommonPhrases/cy/talu_amdano.wav
4793,cy,CommonPhrases/cy/ad_dalu.wav
4794,cy,CommonPhrases/cy/dyledu_arian.wav
4795,cy,CommonPhrases/cy/arbed_arian.wav
4796,cy,CommonPhrases/cy/gwario_arian.wav
4797,cy,CommonPhrases/cy/gwastraffu_arian.wav
4798,cy,CommonPhrases/cy/gwneud_arian.wav
4799,cy,CommonPhrases/cy/ennill_arian.wav
4800,cy,CommonPhrases/cy/colli_arian.wav
4801,cy,CommonPhrases/cy/cyllidebu_ar_gyfer.wav
4802,cy,CommonPhrases/cy/torri_costau.wav
4803,cy,CommonPhrases/cy/lleihau_gwariant.wav
4804,cy,CommonPhrases/cy/fforddio_fe.wav
4805,cy,CommonPhrases/cy/methu_fforddio.wav
4806,cy,CommonPhrases/cy/werth_e.wav
4807,cy,CommonPhrases/cy/gwerth_da.wav
4808,cy,CommonPhrases/cy/gorddrud.wav
4809,cy,CommonPhrases/cy/opsiwn_rhad.wav
4810,cy,CommonPhrases/cy/eitem_ddrud.wav
4811,cy,CommonPhrases/cy/rhannu_r_bil.wav
4812,cy,CommonPhrases/cy/talu_r_bil.wav
4813,cy,CommonPhrases/cy/tal_am_y_gost.wav
4814,cy,CommonPhrases/cy/codir_ffi.wav
4815,cy,CommonPhrases/cy/cael_ad_daliad.wav
4816,cy,CommonPhrases/cy/dychwelyd_eitem.wav
4817,cy,CommonPhrases/cy/cyfnewid_e.wav
4818,cy,CommonPhrases/cy/arian_yn_l.wav
4819,cy,CommonPhrases/cy/amrediad_prisiau.wav
4820,cy,CommonPhrases/cy/cyfanswm_y_gost.wav
4821,cy,CommonPhrases/cy/ffioedd_cudd.wav
4822,cy,CommonPhrases/cy/taliad_misol.wav
4823,cy,CommonPhrases/cy/dyddiad_dyledus.wav
4824,cy,CommonPhrases/cy/ffi_hwyr.wav
4825,cy,CommonPhrases/cy/cyfradd_llog.wav
4826,cy,CommonPhrases/cy/sg_r_credyd.wav
4827,cy,CommonPhrases/cy/straen_ariannol.wav
4828,cy,CommonPhrases/cy/cwrdd_r_pen.wav
4829,cy,CommonPhrases/cy/byw_o_fewn_modd.wav
4830,cy,CommonPhrases/cy/torri_hyd_yn_oed.wav
4831,cy,CommonPhrases/cy/maint_elw.wav
4832,cy,CommonPhrases/cy/cael_brecwast.wav
4833,cy,CommonPhrases/cy/hepgor_cinio.wav
4834,cy,CommonPhrases/cy/cipio_brathiad.wav
4835,cy,CommonPhrases/cy/bwyta_allan.wav
4836,cy,CommonPhrases/cy/bwyta_gartre.wav
4837,cy,CommonPhrases/cy/archebu_bwyd.wav
4838,cy,CommonPhrases/cy/gosod_archeb.wav
4839,cy,CommonPhrases/cy/tecaw.wav
4840,cy,CommonPhrases/cy/tecaw.wav
4841,cy,CommonPhrases/cy/gwasanaeth_danfon.wav
4842,cy,CommonPhrases/cy/coginio_gartre.wav
4843,cy,CommonPhrases/cy/paratoi_swper.wav
4844,cy,CommonPhrases/cy/rhoi_cynnig_ar_ddysgl.wav
4845,cy,CommonPhrases/cy/blasu_n_dda.wav
4846,cy,CommonPhrases/cy/blasu_n_ddrwg.wav
4847,cy,CommonPhrases/cy/rhy_sbeislyd.wav
4848,cy,CommonPhrases/cy/rhy_hallt.wav
4849,cy,CommonPhrases/cy/yn_berffaith.wav
4850,cy,CommonPhrases/cy/dw_i_n_llawn.wav
4851,cy,CommonPhrases/cy/dal_yn_newynog.wav
4852,cy,CommonPhrases/cy/angen_bwydydd.wav
4853,cy,CommonPhrases/cy/mynd_i_siopa.wav
4854,cy,CommonPhrases/cy/prynu_bwyd.wav
4855,cy,CommonPhrases/cy/stocio_i_fyny.wav
4856,cy,CommonPhrases/cy/rhedeg_allan.wav
4857,cy,CommonPhrases/cy/angen_d_r.wav
4858,cy,CommonPhrases/cy/cipio_diod.wav
4859,cy,CommonPhrases/cy/sychedig.wav
4860,cy,CommonPhrases/cy/newynog.wav
4861,cy,CommonPhrases/cy/bodloni_chwant.wav
4862,cy,CommonPhrases/cy/troi_mlaen.wav
4863,cy,CommonPhrases/cy/troi_mach.wav
4864,cy,CommonPhrases/cy/mewngofnodi.wav
4865,cy,CommonPhrases/cy/allgofnodi.wav
4866,cy,CommonPhrases/cy/cofrestru.wav
4867,cy,CommonPhrases/cy/mewngofnodi.wav
4868,cy,CommonPhrases/cy/ailosod_cyfrinair.wav
4869,cy,CommonPhrases/cy/diweddaru_meddalwedd.wav
4870,cy,CommonPhrases/cy/lawrlwytho_ap.wav
4871,cy,CommonPhrases/cy/gosod_diweddariad.wav
4872,cy,CommonPhrases/cy/dileu_ffeil.wav
4873,cy,CommonPhrases/cy/cadw_newidiadau.wav
4874,cy,CommonPhrases/cy/gwneud_copi_wrth_gefn.wav
4875,cy,CommonPhrases/cy/cysoni_data.wav
4876,cy,CommonPhrases/cy/colli_cysylltiad.wav
4877,cy,CommonPhrases/cy/signal_gwan.wav
4878,cy,CommonPhrases/cy/signal_cryf.wav
4879,cy,CommonPhrases/cy/llwytho_n_araf.wav
4880,cy,CommonPhrases/cy/chwalu_n_sydyn.wav
4881,cy,CommonPhrases/cy/rhewi.wav
4882,cy,CommonPhrases/cy/ailgychwyn_y_system.wav
4883,cy,CommonPhrases/cy/ailddechrau_r_ddyfais.wav
4884,cy,CommonPhrases/cy/gwirio_r_gosodiadau.wav
4885,cy,CommonPhrases/cy/newid_y_gosodiadau.wav
4886,cy,CommonPhrases/cy/addasu_r_cyfaint.wav
4887,cy,CommonPhrases/cy/distewi_r_sain.wav
4888,cy,CommonPhrases/cy/dad_distewi.wav
4889,cy,CommonPhrases/cy/anfon_neges.wav
4890,cy,CommonPhrases/cy/ateb.wav
4891,cy,CommonPhrases/cy/cael_hysbysiad.wav
4892,cy,CommonPhrases/cy/methu_galwad.wav
4893,cy,CommonPhrases/cy/gadael_neges_llais.wav
4894,cy,CommonPhrases/cy/ymuno_ar_lein.wav
4895,cy,CommonPhrases/cy/rhannu_sgrin.wav
4896,cy,CommonPhrases/cy/rhewi_r_sgrin.wav
4897,cy,CommonPhrases/cy/problem_dechnegol.wav
4898,cy,CommonPhrases/cy/datrys_problemau_technegol.wav
4899,cy,CommonPhrases/cy/trwsio_nam.wav
4900,cy,CommonPhrases/cy/adrodd_am_nam.wav
4901,cy,CommonPhrases/cy/archebu_tocyn.wav
4902,cy,CommonPhrases/cy/canslo_archeb.wav
4903,cy,CommonPhrases/cy/bwrddio_hediad.wav
4904,cy,CommonPhrases/cy/methu_hediad.wav
4905,cy,CommonPhrases/cy/dal_tr_n.wav
4906,cy,CommonPhrases/cy/cymryd_bws.wav
4907,cy,CommonPhrases/cy/cael_tacsi.wav
4908,cy,CommonPhrases/cy/galw_tacsi.wav
4909,cy,CommonPhrases/cy/rhentu_car.wav
4910,cy,CommonPhrases/cy/dychwelyd_car.wav
4911,cy,CommonPhrases/cy/gofyn_am_gyfarwyddiadau.wav
4912,cy,CommonPhrases/cy/colli_r_ffordd.wav
4913,cy,CommonPhrases/cy/darganfod_y_ffordd.wav
4914,cy,CommonPhrases/cy/lle_cyfagos.wav
4915,cy,CommonPhrases/cy/pell_i_ffwrdd.wav
4916,cy,CommonPhrases/cy/trafnidiaeth_gyhoeddus.wav
4917,cy,CommonPhrases/cy/awr_frys.wav
4918,cy,CommonPhrases/cy/oddi_ar_yr_oriau_brig.wav
4919,cy,CommonPhrases/cy/lle_gorlawn.wav
4920,cy,CommonPhrases/cy/ardal_dawel.wav
4921,cy,CommonPhrases/cy/man_twristaidd.wav
4922,cy,CommonPhrases/cy/ardal_leol.wav
4923,cy,CommonPhrases/cy/aros_dros_nos.wav
4924,cy,CommonPhrases/cy/ystafell_gwesty.wav
4925,cy,CommonPhrases/cy/gwneud_archeb.wav
4926,cy,CommonPhrases/cy/canslo_archeb.wav
4927,cy,CommonPhrases/cy/allanfa_frys.wav
4928,cy,CommonPhrases/cy/galw_r_gwasanaethau_brys.wav
4929,cy,CommonPhrases/cy/gofyn_am_help.wav
4930,cy,CommonPhrases/cy/gorsaf_heddlu.wav
4931,cy,CommonPhrases/cy/ysbyty_gerllaw.wav
4932,cy,CommonPhrases/cy/eiddo_coll.wav
4933,cy,CommonPhrases/cy/rheolau_diogelwch.wav
4934,cy,CommonPhrases/cy/dilynwch_yr_arwyddion.wav
4935,cy,CommonPhrases/cy/sefyll_mewn_ciw.wav
4936,cy,CommonPhrases/cy/aros_eich_tro.wav
4937,cy,CommonPhrases/cy/toiled_cyhoeddus.wav
4938,cy,CommonPhrases/cy/dysgu_rhywbeth_newydd.wav
4939,cy,CommonPhrases/cy/codi_e.wav
4940,cy,CommonPhrases/cy/ymarfer_yn_ddyddiol.wav
4941,cy,CommonPhrases/cy/gwella_sgiliau.wav
4942,cy,CommonPhrases/cy/gweithio_arnoch_chi_ch_hun.wav
4943,cy,CommonPhrases/cy/gosod_nodau.wav
4944,cy,CommonPhrases/cy/cyrraedd_nodau.wav
4945,cy,CommonPhrases/cy/gwneud_cynnydd.wav
4946,cy,CommonPhrases/cy/cynnydd_araf.wav
4947,cy,CommonPhrases/cy/cynnydd_cyson.wav
4948,cy,CommonPhrases/cy/adolygu_nodiadau.wav
4949,cy,CommonPhrases/cy/cymryd_nodiadau.wav
4950,cy,CommonPhrases/cy/gofyn_cwestiynau.wav
4951,cy,CommonPhrases/cy/ceisio_adborth.wav
4952,cy,CommonPhrases/cy/derbyn_adborth.wav
4953,cy,CommonPhrases/cy/gweithredu_ar_adborth.wav
4954,cy,CommonPhrases/cy/gwneud_camgymeriadau.wav
4955,cy,CommonPhrases/cy/dysgu_o_gamgymeriadau.wav
4956,cy,CommonPhrases/cy/parhau_i_ddysgu.wav
4957,cy,CommonPhrases/cy/aros_yn_chwilfrydig.wav
4958,cy,CommonPhrases/cy/aros_yn_frwdfrydig.wav
4959,cy,CommonPhrases/cy/meithrin_arferion.wav
4960,cy,CommonPhrases/cy/torri_arferion.wav
4961,cy,CommonPhrases/cy/datblygu_sgiliau.wav
4962,cy,CommonPhrases/cy/ennill_hyder.wav
4963,cy,CommonPhrases/cy/goresgyn_ofn.wav
4964,cy,CommonPhrases/cy/camu_allan_o_ch_parth_cysur.wav
4965,cy,CommonPhrases/cy/twf_personol.wav
4172,ga,CommonPhrases/ga/irigh.wav
4173,ga,CommonPhrases/ga/d_isigh.wav
4174,ga,CommonPhrases/ga/luigh_s_os.wav
4175,ga,CommonPhrases/ga/suigh_s_os.wav
4176,ga,CommonPhrases/ga/seas_suas.wav
4177,ga,CommonPhrases/ga/imigh_leat.wav
4178,ga,CommonPhrases/ga/tar_ar_ais.wav
4179,ga,CommonPhrases/ga/fan_istigh.wav
4180,ga,CommonPhrases/ga/t_igh_amach.wav
4181,ga,CommonPhrases/ga/bog_ar_aghaidh.wav
4182,ga,CommonPhrases/ga/mallachtaigh_s_os.wav
4183,ga,CommonPhrases/ga/brostaigh_suas.wav
4184,ga,CommonPhrases/ga/lean_ort.wav
4185,ga,CommonPhrases/ga/irigh_as.wav
4186,ga,CommonPhrases/ga/t_g_suas.wav
4187,ga,CommonPhrases/ga/cuir_s_os.wav
4188,ga,CommonPhrases/ga/cuir_ar_si_l.wav
4189,ga,CommonPhrases/ga/cuir_as.wav
4190,ga,CommonPhrases/ga/glan_suas.wav
4191,ga,CommonPhrases/ga/d_an_praiseach_de.wav
4192,ga,CommonPhrases/ga/socraigh_suas.wav
4193,ga,CommonPhrases/ga/pac_il_suas.wav
4194,ga,CommonPhrases/ga/tar_i_l_thair.wav
4195,ga,CommonPhrases/ga/imigh_go_luath.wav
4196,ga,CommonPhrases/ga/fan_go_d_anach.wav
4197,ga,CommonPhrases/ga/socair_s_os.wav
4198,ga,CommonPhrases/ga/t_igh_suas.wav
4199,ga,CommonPhrases/ga/fuar_s_os.wav
4200,ga,CommonPhrases/ga/gl_as_suas.wav
4201,ga,CommonPhrases/ga/athraigh_ada.wav
4202,ga,CommonPhrases/ga/faigh_r_idh.wav
4203,ga,CommonPhrases/ga/athnuachan_a_dh_anamh_ort_f_in.wav
4204,ga,CommonPhrases/ga/glac_sos.wav
4205,ga,CommonPhrases/ga/faigh_sc_th.wav
4206,ga,CommonPhrases/ga/cuir_t_s_ar_s.wav
4207,ga,CommonPhrases/ga/lean_ort.wav
4208,ga,CommonPhrases/ga/fan_go_f_ill.wav
4209,ga,CommonPhrases/ga/scaoil.wav
4210,ga,CommonPhrases/ga/tar_i_leataobh.wav
4211,ga,CommonPhrases/ga/bog_ar_aghaidh.wav
4212,ga,CommonPhrases/ga/f_ach_siar.wav
4213,ga,CommonPhrases/ga/socraigh_s_os.wav
4214,ga,CommonPhrases/ga/cuir_cr_och_le.wav
4215,ga,CommonPhrases/ga/cl_raigh_amach.wav
4216,ga,CommonPhrases/ga/f_ach_timpeall.wav
4217,ga,CommonPhrases/ga/d_isigh_duine.wav
4218,ga,CommonPhrases/ga/tit_i_do_chodladh.wav
4219,ga,CommonPhrases/ga/teacht_suas.wav
4220,ga,CommonPhrases/ga/croch_amach.wav
4221,ga,CommonPhrases/ga/buail_le_ch_ile.wav
4222,ga,CommonPhrases/ga/teacht_le_ch_ile.wav
4223,ga,CommonPhrases/ga/fanacht_i_dteagmh_il.wav
4224,ga,CommonPhrases/ga/coinnigh_i_dteagmh_il.wav
4225,ga,CommonPhrases/ga/cailleadh_teagmh_la.wav
4226,ga,CommonPhrases/ga/cl_raigh_isteach.wav
4227,ga,CommonPhrases/ga/dul_i_dteagmh_il.wav
4228,ga,CommonPhrases/ga/athcheangail.wav
4229,ga,CommonPhrases/ga/scaradh_na_ch_ile.wav
4230,ga,CommonPhrases/ga/f_s_gar.wav
4231,ga,CommonPhrases/ga/f_s_na_ch_ile.wav
4232,ga,CommonPhrases/ga/cairde_a_dh_anamh.wav
4233,ga,CommonPhrases/ga/thaitin_go_m_r_lena_ch_ile.wav
4234,ga,CommonPhrases/ga/teacht_ar_aghaidh_le.wav
4235,ga,CommonPhrases/ga/tit_amach.wav
4236,ga,CommonPhrases/ga/an_br_a_bhriseadh.wav
4237,ga,CommonPhrases/ga/tar_leat.wav
4238,ga,CommonPhrases/ga/gabh_il_leat.wav
4239,ga,CommonPhrases/ga/duine_a_thabhairt_leat.wav
4240,ga,CommonPhrases/ga/tabhair_cuireadh_do_dhuine.wav
4241,ga,CommonPhrases/ga/tit_isteach.wav
4242,ga,CommonPhrases/ga/luasc_thart.wav
4243,ga,CommonPhrases/ga/tar_anall.wav
4244,ga,CommonPhrases/ga/taispe_in_taca_ocht.wav
4245,ga,CommonPhrases/ga/bheith_ann_do.wav
4246,ga,CommonPhrases/ga/bheith_ag_brath_ar.wav
4247,ga,CommonPhrases/ga/cuir_do_mhuin_n_i.wav
4248,ga,CommonPhrases/ga/muin_n_a_bheith_agat_as_duine.wav
4249,ga,CommonPhrases/ga/oscailt_suas.wav
4250,ga,CommonPhrases/ga/moth_ch_in_a_roinnt.wav
4251,ga,CommonPhrases/ga/am_a_chaitheamh.wav
4252,ga,CommonPhrases/ga/pleananna_a_dh_anamh.wav
4253,ga,CommonPhrases/ga/pleananna_a_chur_ar_ceal.wav
4254,ga,CommonPhrases/ga/p_irt_a_ghlacadh.wav
4255,ga,CommonPhrases/ga/tac_le_duine.wav
4256,ga,CommonPhrases/ga/seas_le.wav
4257,ga,CommonPhrases/ga/bheith_ag_faire_amach_do.wav
4258,ga,CommonPhrases/ga/aithne_a_chur_ar.wav
4259,ga,CommonPhrases/ga/fanacht_gar.wav
4260,ga,CommonPhrases/ga/bheith_ar_do_shuaimhneas.wav
4261,ga,CommonPhrases/ga/bheith_f_gtha_ar_l_r.wav
4262,ga,CommonPhrases/ga/ceangal_a_dh_anamh_le.wav
4263,ga,CommonPhrases/ga/ceangal_a_dh_anamh_le.wav
4264,ga,CommonPhrases/ga/cairdeas_a_dh_anamh.wav
4265,ga,CommonPhrases/ga/dia_duit.wav
4266,ga,CommonPhrases/ga/dia_daoibh_go_l_ir.wav
4267,ga,CommonPhrases/ga/conas_at_t.wav
4268,ga,CommonPhrases/ga/conas_at_ag_ir_leat.wav
4269,ga,CommonPhrases/ga/cad_an_sc_al.wav
4270,ga,CommonPhrases/ga/buille_faoi_thuairim_cad.wav
4271,ga,CommonPhrases/ga/d_la_an_sc_il.wav
4272,ga,CommonPhrases/ga/agus_m_ag_smaoineamh_air.wav
4273,ga,CommonPhrases/ga/cuireann_sin_i_gcuimhne_dom.wav
4274,ga,CommonPhrases/ga/sula_nd_anaim_dearmad.wav
4275,ga,CommonPhrases/ga/ar_aon_n_s.wav
4276,ga,CommonPhrases/ga/mar_sin_sea.wav
4277,ga,CommonPhrases/ga/ina_dhiaidh_sin_is_uile.wav
4278,ga,CommonPhrases/ga/le_bheith_ionraic.wav
4279,ga,CommonPhrases/ga/go_hionraic.wav
4280,ga,CommonPhrases/ga/n_l_ach_ag_r.wav
4281,ga,CommonPhrases/ga/m_fhiafra_onn_t_d_om.wav
4282,ga,CommonPhrases/ga/i_mo_bhar_il.wav
4283,ga,CommonPhrases/ga/t_a_fhios_agat_cad.wav
4284,ga,CommonPhrases/ga/lig_dom_smaoineamh.wav
4285,ga,CommonPhrases/ga/rud_amh_in_eile.wav
4286,ga,CommonPhrases/ga/ceist_thapa.wav
4287,ga,CommonPhrases/ga/an_f_idir_liom_fiafra.wav
4288,ga,CommonPhrases/ga/t_br_n_orm_as_cur_isteach_ort.wav
4289,ga,CommonPhrases/ga/gabh_ar_aghaidh.wav
4290,ga,CommonPhrases/ga/lean_ort_le_do_thoil.wav
4291,ga,CommonPhrases/ga/mar_a_bh_m_a_r.wav
4292,ga,CommonPhrases/ga/ag_cur_i_mbeag_n_focal.wav
4293,ga,CommonPhrases/ga/go_hachomair.wav
4294,ga,CommonPhrases/ga/sin.wav
4295,ga,CommonPhrases/ga/sin.wav
4296,ga,CommonPhrases/ga/fuaimeann_s_go_maith.wav
4297,ga,CommonPhrases/ga/oibr_onn_s_dom.wav
4298,ga,CommonPhrases/ga/stopaimis_anseo.wav
4299,ga,CommonPhrases/ga/cuir_deireadh_leis_don_l.wav
4300,ga,CommonPhrases/ga/labhr_imid_go_luath.wav
4301,ga,CommonPhrases/ga/sl_n_go_f_ill.wav
4302,ga,CommonPhrases/ga/feicfidh_m_th_m_rthimpeall.wav
4303,ga,CommonPhrases/ga/feicfidh_m_th_n_os_d_ana.wav
4304,ga,CommonPhrases/ga/b_c_ramach.wav
4305,ga,CommonPhrases/ga/b_odh_l_maith_agat.wav
4306,ga,CommonPhrases/ga/bh_s_go_deas_ag_caint_leat.wav
4307,ga,CommonPhrases/ga/go_raibh_maith_agat_as_do_chuid_ama.wav
4308,ga,CommonPhrases/ga/is_m_r_agam.wav
4309,ga,CommonPhrases/ga/go_dt_an_ch_ad_uair_eile.wav
4310,ga,CommonPhrases/ga/sl_n_go_dt_seo.wav
4311,ga,CommonPhrases/ga/beag_n_gn_thach.wav
4312,ga,CommonPhrases/ga/go_maith_a_mhaith.wav
4313,ga,CommonPhrases/ga/n_l_s_go_dona.wav
4314,ga,CommonPhrases/ga/mar_an_gc_anna.wav
4315,ga,CommonPhrases/ga/s_lim_go_bhfuil.wav
4316,ga,CommonPhrases/ga/b_fh_idir_n_os_d_ana.wav
4317,ga,CommonPhrases/ga/de_shaghas_igin.wav
4318,ga,CommonPhrases/ga/beag_n.wav
4319,ga,CommonPhrases/ga/beag_n.wav
4320,ga,CommonPhrases/ga/n_os_m_n_n_os_l.wav
4321,ga,CommonPhrases/ga/anois_l_ithreach.wav
4322,ga,CommonPhrases/ga/na_laethanta_seo.wav
4323,ga,CommonPhrases/ga/le_d_ana.wav
4324,ga,CommonPhrases/ga/mar_is_gn_ch.wav
4325,ga,CommonPhrases/ga/n_l_tuairim_agam.wav
4326,ga,CommonPhrases/ga/c_a_bhfuil_a_fhios.wav
4327,ga,CommonPhrases/ga/p_rud_a_oibr_onn.wav
4328,ga,CommonPhrases/ga/tarla_onn_s.wav
4329,ga,CommonPhrases/ga/cothrom_go_leor.wav
4330,ga,CommonPhrases/ga/t_ciall_leis.wav
4331,ga,CommonPhrases/ga/t_cuma_cheart_air.wav
4332,ga,CommonPhrases/ga/n_fheiceann_t_go_deo.wav
4333,ga,CommonPhrases/ga/braithfidh_s.wav
4334,ga,CommonPhrases/ga/n_l_aon_mh_r_n_ann.wav
4335,ga,CommonPhrases/ga/t_gach_rud_go_bre.wav
4336,ga,CommonPhrases/ga/ullmhaithe.wav
4337,ga,CommonPhrases/ga/maith_go_leor.wav
4338,ga,CommonPhrases/ga/gar_go_leor.wav
4339,ga,CommonPhrases/ga/d_reach_mar_sin.wav
4340,ga,CommonPhrases/ga/as_an_it_aineoil.wav
4341,ga,CommonPhrases/ga/go_tobann.wav
4342,ga,CommonPhrases/ga/go_cinnte.wav
4343,ga,CommonPhrases/ga/go_hiond_il.wav
4344,ga,CommonPhrases/ga/is_d_cha.wav
4345,ga,CommonPhrases/ga/ceapaim.wav
4346,ga,CommonPhrases/ga/s_lim.wav
4347,ga,CommonPhrases/ga/t_s_il_agam.wav
4348,ga,CommonPhrases/ga/feicfimid.wav
4349,ga,CommonPhrases/ga/m_ara_trasna.wav
4350,ga,CommonPhrases/ga/smaoinigh_air_sin.wav
4351,ga,CommonPhrases/ga/samhlaigh_sin.wav
4352,ga,CommonPhrases/ga/an_rud_greannmhar_n.wav
4353,ga,CommonPhrases/ga/creid_n_n_creid.wav
4354,ga,CommonPhrases/ga/ceapaim.wav
4355,ga,CommonPhrases/ga/t_t_fh_il.wav
4356,ga,CommonPhrases/ga/t_a_fhios_agat.wav
4357,ga,CommonPhrases/ga/lig_dom_a_mh_ni.wav
4358,ga,CommonPhrases/ga/seo_an_rud.wav
4359,ga,CommonPhrases/ga/is_an_pointe_n.wav
4360,ga,CommonPhrases/ga/is_at_i_gceist_agam_n.wav
4361,ga,CommonPhrases/ga/i_bhfocail_eile.wav
4362,ga,CommonPhrases/ga/mar_shampla.wav
4363,ga,CommonPhrases/ga/mar_shampla.wav
4364,ga,CommonPhrases/ga/go_bun_sach.wav
4365,ga,CommonPhrases/ga/go_simpl.wav
4366,ga,CommonPhrases/ga/chun_a_shoil_iri.wav
4367,ga,CommonPhrases/ga/le_bheith_soil_ir.wav
4368,ga,CommonPhrases/ga/le_bheith_soil_ir.wav
4369,ga,CommonPhrases/ga/is_an_smaoineamh_n.wav
4370,ga,CommonPhrases/ga/is_an_f_th_n.wav
4371,ga,CommonPhrases/ga/sin_an_f_th.wav
4372,ga,CommonPhrases/ga/mar_gheall_air_sin.wav
4373,ga,CommonPhrases/ga/mar_thoradh_air_sin.wav
4374,ga,CommonPhrases/ga/i_nd_ir_re.wav
4375,ga,CommonPhrases/ga/i_nd_ir_re.wav
4376,ga,CommonPhrases/ga/go_teicni_il.wav
4377,ga,CommonPhrases/ga/de_r_ir.wav
4378,ga,CommonPhrases/ga/chomh_fada_agus_is_eol_dom.wav
4379,ga,CommonPhrases/ga/chuala_m.wav
4380,ga,CommonPhrases/ga/d_radh_liom.wav
4381,ga,CommonPhrases/ga/tharla_onn_s.wav
4382,ga,CommonPhrases/ga/is_cos_il_go.wav
4383,ga,CommonPhrases/ga/de_r_ir_dealraimh.wav
4384,ga,CommonPhrases/ga/mar_a_bh_othas_ag_s_il_leis.wav
4385,ga,CommonPhrases/ga/go_hiontach.wav
4386,ga,CommonPhrases/ga/n_nach_ionadh.wav
4387,ga,CommonPhrases/ga/is_an_fh_rinne_n.wav
4388,ga,CommonPhrases/ga/go_hionraic.wav
4389,ga,CommonPhrases/ga/go_r_ala_och.wav
4390,ga,CommonPhrases/ga/go_ginear_lta.wav
4391,ga,CommonPhrases/ga/ar_an_ioml_n.wav
4392,ga,CommonPhrases/ga/go_ginear_lta.wav
4393,ga,CommonPhrases/ga/ar_a_laghad.wav
4394,ga,CommonPhrases/ga/ar_a_mh_ad.wav
4395,ga,CommonPhrases/ga/n_os_t_bhachta_f_s.wav
4396,ga,CommonPhrases/ga/go_h_irithe.wav
4397,ga,CommonPhrases/ga/go_pr_omha.wav
4398,ga,CommonPhrases/ga/den_chuid_is_m.wav
4399,ga,CommonPhrases/ga/go_p_irteach.wav
4400,ga,CommonPhrases/ga/a_bheag_n_a_mh_r.wav
4401,ga,CommonPhrases/ga/thart_ar.wav
4402,ga,CommonPhrases/ga/go_d_reach.wav
4403,ga,CommonPhrases/ga/go_beacht.wav
4404,ga,CommonPhrases/ga/an_f_idir_leat_a_insint_dom.wav
4405,ga,CommonPhrases/ga/an_bhfuil_a_fhios_agat.wav
4406,ga,CommonPhrases/ga/an_bhf_adf_a_mh_ni.wav
4407,ga,CommonPhrases/ga/cad_a_chialla_onn_s.wav
4408,ga,CommonPhrases/ga/conas_a_oibr_onn_s.wav
4409,ga,CommonPhrases/ga/cad_at_ar_si_l.wav
4410,ga,CommonPhrases/ga/cad_a_tharla.wav
4411,ga,CommonPhrases/ga/cad_an_plean.wav
4412,ga,CommonPhrases/ga/cad_a_cheapann_t.wav
4413,ga,CommonPhrases/ga/cad_ba_cheart_dom_a_dh_anamh.wav
4414,ga,CommonPhrases/ga/aon_smaoineamh.wav
4415,ga,CommonPhrases/ga/aon_tuairim.wav
4416,ga,CommonPhrases/ga/aon_nuacht.wav
4417,ga,CommonPhrases/ga/cad_an_sc_al.wav
4418,ga,CommonPhrases/ga/cad_at_romhainn.wav
4419,ga,CommonPhrases/ga/c_bhfuilimid.wav
4420,ga,CommonPhrases/ga/c_fhad_a_th_gfaidh_s.wav
4421,ga,CommonPhrases/ga/c_n_uair_a_bhfuil_s_dlite.wav
4422,ga,CommonPhrases/ga/c_mh_ad_at_ann.wav
4423,ga,CommonPhrases/ga/c_mh_ad.wav
4424,ga,CommonPhrases/ga/c_chomh_minic.wav
4425,ga,CommonPhrases/ga/c_n_f_th_sin.wav
4426,ga,CommonPhrases/ga/cad_a_tharl_dh_d.wav
4427,ga,CommonPhrases/ga/an_bhfuil_s_ind_anta.wav
4428,ga,CommonPhrases/ga/an_bhfuil_t_bhacht_leis.wav
4429,ga,CommonPhrases/ga/an_fi.wav
4430,ga,CommonPhrases/ga/an_f_idir_a_fhios_a_bheith_agam.wav
4431,ga,CommonPhrases/ga/an_miste_leat.wav
4432,ga,CommonPhrases/ga/an_f_idir_leat_cabhr.wav
4433,ga,CommonPhrases/ga/an_f_idir_leat_a_shoil_iri.wav
4434,ga,CommonPhrases/ga/n_l_ach_ag_smaoineamh.wav
4435,ga,CommonPhrases/ga/as_fiosracht.wav
4436,ga,CommonPhrases/ga/le_haghaidh_tagartha.wav
4437,ga,CommonPhrases/ga/cad_faoi.wav
4438,ga,CommonPhrases/ga/cad_faoi.wav
4439,ga,CommonPhrases/ga/c_acu.wav
4440,ga,CommonPhrases/ga/c_at_freagrach.wav
4441,ga,CommonPhrases/ga/c_at_ag_teacht.wav
4442,ga,CommonPhrases/ga/cad_eile.wav
4443,ga,CommonPhrases/ga/aon_rud_eile.wav
4444,ga,CommonPhrases/ga/s_lim.wav
4445,ga,CommonPhrases/ga/creidim.wav
4446,ga,CommonPhrases/ga/braithim_go.wav
4447,ga,CommonPhrases/ga/glacaim_leis.wav
4448,ga,CommonPhrases/ga/ceapaim.wav
4449,ga,CommonPhrases/ga/i_mo_thuairim.wav
4450,ga,CommonPhrases/ga/mo_thaobhsa_de.wav
4451,ga,CommonPhrases/ga/go_pearsanta.wav
4452,ga,CommonPhrases/ga/domsa.wav
4453,ga,CommonPhrases/ga/is_cos_il_liom.wav
4454,ga,CommonPhrases/ga/d_arfainn.wav
4455,ga,CommonPhrases/ga/d_iteoinn.wav
4456,ga,CommonPhrases/ga/mholfainn.wav
4457,ga,CommonPhrases/ga/mholfainn.wav
4458,ga,CommonPhrases/ga/b_fhearr_liom.wav
4459,ga,CommonPhrases/ga/n_d_igh_liom.wav
4460,ga,CommonPhrases/ga/t_amhras_orm.wav
4461,ga,CommonPhrases/ga/n_l_m_cinnte.wav
4462,ga,CommonPhrases/ga/t_m_cinnte_de.wav
4463,ga,CommonPhrases/ga/t_m_cinnte.wav
4464,ga,CommonPhrases/ga/n_l_m_cinnte.wav
4465,ga,CommonPhrases/ga/t_im_idir_dh_chomhairle.wav
4466,ga,CommonPhrases/ga/t_im_ag_claonadh_i_dtreo.wav
4467,ga,CommonPhrases/ga/t_im_ina_aghaidh.wav
4468,ga,CommonPhrases/ga/t_im_ar_son.wav
4469,ga,CommonPhrases/ga/aonta_m.wav
4470,ga,CommonPhrases/ga/n_aonta_m.wav
4471,ga,CommonPhrases/ga/aonta_m_go_p_irteach.wav
4472,ga,CommonPhrases/ga/tuigim_do_phointe.wav
4473,ga,CommonPhrases/ga/b_fh_idir_go_bhfuil_an_ceart_agat.wav
4474,ga,CommonPhrases/ga/n_l_m_diongbh_ilte.wav
4475,ga,CommonPhrases/ga/t_amhras_orm.wav
4476,ga,CommonPhrases/ga/t_moth_agam.wav
4477,ga,CommonPhrases/ga/is_mo_thuairim.wav
4478,ga,CommonPhrases/ga/is_an_imn_at_orm.wav
4479,ga,CommonPhrases/ga/is_mo_thuairim.wav
4480,ga,CommonPhrases/ga/seo_an_chaoi_a_bhfeicim.wav
4481,ga,CommonPhrases/ga/is_an_pointe_at_dh_anamh_agam.wav
4482,ga,CommonPhrases/ga/mar_a_fheicimse.wav
4483,ga,CommonPhrases/ga/le_bheith_cothrom.wav
4484,ga,CommonPhrases/ga/aonta_m_go_hioml_n.wav
4485,ga,CommonPhrases/ga/go_hioml_n.wav
4486,ga,CommonPhrases/ga/sin_ceart.wav
4487,ga,CommonPhrases/ga/t_an_ceart_agat.wav
4488,ga,CommonPhrases/ga/s_lim_sin_freisin.wav
4489,ga,CommonPhrases/ga/mise_freisin.wav
4490,ga,CommonPhrases/ga/pointe_c_ir.wav
4491,ga,CommonPhrases/ga/pointe_maith.wav
4492,ga,CommonPhrases/ga/feicim_sin.wav
4493,ga,CommonPhrases/ga/faighim_sin.wav
4494,ga,CommonPhrases/ga/n_aonta_m.wav
4495,ga,CommonPhrases/ga/n_hea_i_nd_ir_re.wav
4496,ga,CommonPhrases/ga/n_l_m_cinnte_faoi_sin.wav
4497,ga,CommonPhrases/ga/feicim_go_difri_il.wav
4498,ga,CommonPhrases/ga/caithfidh_m_easaont.wav
4499,ga,CommonPhrases/ga/n_f_or_sin.wav
4500,ga,CommonPhrases/ga/n_chreidim.wav
4501,ga,CommonPhrases/ga/b_fh_idir_nach_ea.wav
4502,ga,CommonPhrases/ga/t_im_idir_dh_chomhairle.wav
4503,ga,CommonPhrases/ga/d_fh_adfadh_s_a_bheith.wav
4504,ga,CommonPhrases/ga/b_fh_idir.wav
4505,ga,CommonPhrases/ga/aonta_mid_gan_aont.wav
4506,ga,CommonPhrases/ga/beidh_m_s_sta_leis.wav
4507,ga,CommonPhrases/ga/is_f_idir_liom_maireacht_il_leis_sin.wav
4508,ga,CommonPhrases/ga/t_s_ceart_go_leor_dom.wav
4509,ga,CommonPhrases/ga/n_l_aon_ag_id_agam.wav
4510,ga,CommonPhrases/ga/t_m_ceart_go_leor_leis.wav
4511,ga,CommonPhrases/ga/n_l_m_ceart_go_leor_leis.wav
4512,ga,CommonPhrases/ga/t_m_ina_choinne.wav
4513,ga,CommonPhrases/ga/roghnaigh.wav
4514,ga,CommonPhrases/ga/socraigh_ar.wav
4515,ga,CommonPhrases/ga/imigh_le.wav
4516,ga,CommonPhrases/ga/fan_le.wav
4517,ga,CommonPhrases/ga/athraigh_m_intinn.wav
4518,ga,CommonPhrases/ga/smaoinigh_air.wav
4519,ga,CommonPhrases/ga/codlaigh_air.wav
4520,ga,CommonPhrases/ga/d_an_me_ar_na_roghanna.wav
4521,ga,CommonPhrases/ga/smaoinigh_air.wav
4522,ga,CommonPhrases/ga/cuir_as_an_ireamh.wav
4523,ga,CommonPhrases/ga/caolaigh_s_os.wav
4524,ga,CommonPhrases/ga/roghnaigh_ceann.wav
4525,ga,CommonPhrases/ga/roghnaigh_go_ciallmhar.wav
4526,ga,CommonPhrases/ga/bain_triail_as.wav
4527,ga,CommonPhrases/ga/seinn_go_s_bh_ilte.wav
4528,ga,CommonPhrases/ga/t_igh_ar_aghaidh.wav
4529,ga,CommonPhrases/ga/tarraing_siar.wav
4530,ga,CommonPhrases/ga/geall_le.wav
4531,ga,CommonPhrases/ga/lean_tr_d.wav
4532,ga,CommonPhrases/ga/cuir_ar_ceal.wav
4533,ga,CommonPhrases/ga/fan_go_f_ill.wav
4534,ga,CommonPhrases/ga/cuir_ar_athl.wav
4535,ga,CommonPhrases/ga/c_im_siar.wav
4536,ga,CommonPhrases/ga/glac_freagracht.wav
4537,ga,CommonPhrases/ga/socraigh_m_intinn.wav
4538,ga,CommonPhrases/ga/b_odh_amhras_orm.wav
4539,ga,CommonPhrases/ga/beidh_aif_ala_orm.wav
4540,ga,CommonPhrases/ga/t_muin_n_agam.wav
4541,ga,CommonPhrases/ga/b_odh_amhras_orm.wav
4542,ga,CommonPhrases/ga/b_odh_leisce_orm.wav
4543,ga,CommonPhrases/ga/d_an_deifir_isteach.wav
4544,ga,CommonPhrases/ga/t_g_am.wav
4545,ga,CommonPhrases/ga/mu_n_as_mo_chuid_moth_ch_n.wav
4546,ga,CommonPhrases/ga/t_igh_isteach_go_hioml_n.wav
4547,ga,CommonPhrases/ga/s_saigh_le.wav
4548,ga,CommonPhrases/ga/d_an_comhr_iteach.wav
4549,ga,CommonPhrases/ga/tarraing_an_l_ne.wav
4550,ga,CommonPhrases/ga/in_am.wav
4551,ga,CommonPhrases/ga/roimh_am.wav
4552,ga,CommonPhrases/ga/ar_gc_l_le_sceideal.wav
4553,ga,CommonPhrases/ga/bheith_mall.wav
4554,ga,CommonPhrases/ga/go_luath_ar_dt_s.wav
4555,ga,CommonPhrases/ga/l_ithreach.wav
4556,ga,CommonPhrases/ga/i_gceann_n_im_id.wav
4557,ga,CommonPhrases/ga/i_gceann_tamaill.wav
4558,ga,CommonPhrases/ga/go_luath_go_leor.wav
4559,ga,CommonPhrases/ga/luath_n_mall.wav
4560,ga,CommonPhrases/ga/faoi_l_thair.wav
4561,ga,CommonPhrases/ga/don_n_im_ad.wav
4562,ga,CommonPhrases/ga/faoi_l_thair.wav
4563,ga,CommonPhrases/ga/idir_an_d_linn.wav
4564,ga,CommonPhrases/ga/ar_an_n_im_ad_deireanach.wav
4565,ga,CommonPhrases/ga/feasta.wav
4566,ga,CommonPhrases/ga/faoin_am_sin.wav
4567,ga,CommonPhrases/ga/go_dt_sin.wav
4568,ga,CommonPhrases/ga/an_l_ar_fad.wav
4569,ga,CommonPhrases/ga/an_o_che_ar_fad.wav
4570,ga,CommonPhrases/ga/le_gairid.wav
4571,ga,CommonPhrases/ga/fad.wav
4572,ga,CommonPhrases/ga/na_cianta_cairbreacha_shin.wav
4573,ga,CommonPhrases/ga/am_go_ham.wav
4574,ga,CommonPhrases/ga/corruair.wav
4575,ga,CommonPhrases/ga/am_go_ham.wav
4576,ga,CommonPhrases/ga/chomh_luath_agus_is_f_idir.wav
4577,ga,CommonPhrases/ga/a_luaithe_is_f_idir.wav
4578,ga,CommonPhrases/ga/t_g_do_chuid_ama.wav
4579,ga,CommonPhrases/ga/n_l_aon_deifir.wav
4580,ga,CommonPhrases/ga/cruthaigh_am.wav
4581,ga,CommonPhrases/ga/s_bh_il_am.wav
4582,ga,CommonPhrases/ga/cuir_am_am.wav
4583,ga,CommonPhrases/ga/mar_am.wav
4584,ga,CommonPhrases/ga/ceannaigh_am.wav
4585,ga,CommonPhrases/ga/socraigh_am.wav
4586,ga,CommonPhrases/ga/athsceideal.wav
4587,ga,CommonPhrases/ga/cuir_siar.wav
4588,ga,CommonPhrases/ga/cuir_chun_cinn.wav
4589,ga,CommonPhrases/ga/l_i_ndiaidh_lae.wav
4590,ga,CommonPhrases/ga/seachtain_i_ndiaidh_seachtaine.wav
4591,ga,CommonPhrases/ga/n_os_luaithe_n_mar_a_bh_othas_ag_s_il_leis.wav
4592,ga,CommonPhrases/ga/n_os_d_ana_n_mar_a_bh_beartaithe.wav
4593,ga,CommonPhrases/ga/t_igh_ag_obair.wav
4594,ga,CommonPhrases/ga/tosnaigh_ag_obair.wav
4595,ga,CommonPhrases/ga/d_righ_ar.wav
4596,ga,CommonPhrases/ga/oibrigh_ar.wav
4597,ga,CommonPhrases/ga/coinnigh_ort_ag_obair.wav
4598,ga,CommonPhrases/ga/faigh_r_idh_leis.wav
4599,ga,CommonPhrases/ga/tabhair_aire_d.wav
4600,ga,CommonPhrases/ga/d_ile_il_leis.wav
4601,ga,CommonPhrases/ga/d_ile_il_le_c_raim.wav
4602,ga,CommonPhrases/ga/bainistigh_am.wav
4603,ga,CommonPhrases/ga/clo_gh_le_spriocdh_ta.wav
4604,ga,CommonPhrases/ga/teip_ar_spriocdh_ta.wav
4605,ga,CommonPhrases/ga/fan_ar_an_mb_thar_ceart.wav
4606,ga,CommonPhrases/ga/f_gtha_ar_gc_l.wav
4607,ga,CommonPhrases/ga/lean_ort.wav
4608,ga,CommonPhrases/ga/seice_il_an_dul_chun_cinn.wav
4609,ga,CommonPhrases/ga/tabhair_nuashonr.wav
4610,ga,CommonPhrases/ga/tuairisc_ar_ais.wav
4611,ga,CommonPhrases/ga/buail_leis.wav
4612,ga,CommonPhrases/ga/sioncronaigh.wav
4613,ga,CommonPhrases/ga/cuir_san_ireamh.wav
4614,ga,CommonPhrases/ga/coinnigh_ar_an_eolas.wav
4615,ga,CommonPhrases/ga/cuir_deireadh_leis.wav
4616,ga,CommonPhrases/ga/cr_ochnaigh.wav
4617,ga,CommonPhrases/ga/idirghabh_il.wav
4618,ga,CommonPhrases/ga/seas_le_do_dhualgas.wav
4619,ga,CommonPhrases/ga/glac_tionscnamh.wav
4620,ga,CommonPhrases/ga/tarmligean_c_raim.wav
4621,ga,CommonPhrases/ga/tosa_ocht_a_thabhairt_don_obair.wav
4622,ga,CommonPhrases/ga/ilobair_a_dh_anamh.wav
4623,ga,CommonPhrases/ga/fan_t_irgi_il.wav
4624,ga,CommonPhrases/ga/obair_ragoibre_a_dh_anamh.wav
4625,ga,CommonPhrases/ga/clog_isteach.wav
4626,ga,CommonPhrases/ga/clog_amach.wav
4627,ga,CommonPhrases/ga/glac_sos.wav
4628,ga,CommonPhrases/ga/cuir_glaoch_isteach_tinn.wav
4629,ga,CommonPhrases/ga/freastal_ar_chruinni.wav
4630,ga,CommonPhrases/ga/sceideal_cruinni.wav
4631,ga,CommonPhrases/ga/p_irt_a_ghlacadh_i_nglao.wav
4632,ga,CommonPhrases/ga/pl_a_threor.wav
4633,ga,CommonPhrases/ga/aiseolas_a_roinnt.wav
4634,ga,CommonPhrases/ga/ionchur_a_thabhairt.wav
4635,ga,CommonPhrases/ga/bhar_imn_a_ard.wav
4636,ga,CommonPhrases/ga/bratach_a_chur_ar_shaincheist.wav
4637,ga,CommonPhrases/ga/r_itigh.wav
4638,ga,CommonPhrases/ga/d_an_a_dhian.wav
4639,ga,CommonPhrases/ga/rith_isteach_i_dtriobl_id.wav
4640,ga,CommonPhrases/ga/tabhair_aghaidh_ar_shaincheist.wav
4641,ga,CommonPhrases/ga/t_fadhb_agam.wav
4642,ga,CommonPhrases/ga/d_ile_il_leis.wav
4643,ga,CommonPhrases/ga/r_itigh.wav
4644,ga,CommonPhrases/ga/faigh_amach.wav
4645,ga,CommonPhrases/ga/r_itigh_amach.wav
4646,ga,CommonPhrases/ga/deisigh_an_fhadhb.wav
4647,ga,CommonPhrases/ga/r_itigh_an_fhadhb.wav
4648,ga,CommonPhrases/ga/faigh_r_iteach.wav
4649,ga,CommonPhrases/ga/tabhair_aghaidh_air.wav
4650,ga,CommonPhrases/ga/f_ach_isteach_air.wav
4651,ga,CommonPhrases/ga/seice_il.wav
4652,ga,CommonPhrases/ga/t_igh_timpeall_air.wav
4653,ga,CommonPhrases/ga/faigh_tr_d.wav
4654,ga,CommonPhrases/ga/s_raigh.wav
4655,ga,CommonPhrases/ga/d_ile_il_le_br.wav
4656,ga,CommonPhrases/ga/d_an_bot_n.wav
4657,ga,CommonPhrases/ga/d_an_bot_n_beag.wav
4658,ga,CommonPhrases/ga/admhaigh.wav
4659,ga,CommonPhrases/ga/glac_an_mille_n.wav
4660,ga,CommonPhrases/ga/gabh_leithsc_al_as.wav
4661,ga,CommonPhrases/ga/ceartaigh.wav
4662,ga,CommonPhrases/ga/foghlaim_uaidh.wav
4663,ga,CommonPhrases/ga/seachain.wav
4664,ga,CommonPhrases/ga/seachain.wav
4665,ga,CommonPhrases/ga/laghdaigh_an_riosca.wav
4666,ga,CommonPhrases/ga/sligh_an_dam_iste.wav
4667,ga,CommonPhrases/ga/rial_dam_iste.wav
4668,ga,CommonPhrases/ga/fabhtcheartaigh.wav
4669,ga,CommonPhrases/ga/briseadh_s_os.wav
4670,ga,CommonPhrases/ga/c_ngaigh_s_os.wav
4671,ga,CommonPhrases/ga/aithin_an_ch_is.wav
4672,ga,CommonPhrases/ga/bunch_is.wav
4673,ga,CommonPhrases/ga/deisi_sealadach.wav
4674,ga,CommonPhrases/ga/deisi_fadt_armach.wav
4675,ga,CommonPhrases/ga/paiste_il_suas.wav
4676,ga,CommonPhrases/ga/r_itigh_ruda.wav
4677,ga,CommonPhrases/ga/soil_irigh_ruda.wav
4678,ga,CommonPhrases/ga/socraigh_ruda_s_os.wav
4679,ga,CommonPhrases/ga/m_ch_tinte.wav
4680,ga,CommonPhrases/ga/d_ile_il_le_hiarmhairt.wav
4681,ga,CommonPhrases/ga/gabh_i_mbun_gn_mh.wav
4682,ga,CommonPhrases/ga/glac_c_imeanna.wav
4683,ga,CommonPhrases/ga/na_ch_ad_ch_imeanna_eile.wav
4684,ga,CommonPhrases/ga/r_itigh_go_tapa.wav
4685,ga,CommonPhrases/ga/ardaigh_an_cheist.wav
4686,ga,CommonPhrases/ga/b_s_sta.wav
4687,ga,CommonPhrases/ga/b_br_nach.wav
4688,ga,CommonPhrases/ga/b_feargach.wav
4689,ga,CommonPhrases/ga/b_tr_na_ch_ile.wav
4690,ga,CommonPhrases/ga/b_faoi_strus.wav
4691,ga,CommonPhrases/ga/b_suaimhneach.wav
4692,ga,CommonPhrases/ga/b_socair.wav
4693,ga,CommonPhrases/ga/b_neirbh_seach.wav
4694,ga,CommonPhrases/ga/t_sceitim_n_orm.wav
4695,ga,CommonPhrases/ga/t_im_br_d_il.wav
4696,ga,CommonPhrases/ga/t_n_ire_orm.wav
4697,ga,CommonPhrases/ga/t_ciontacht_orm.wav
4698,ga,CommonPhrases/ga/t_faoiseamh_orm.wav
4699,ga,CommonPhrases/ga/t_im_bu_och.wav
4700,ga,CommonPhrases/ga/t_im_bu_och.wav
4701,ga,CommonPhrases/ga/t_im_frustrach.wav
4702,ga,CommonPhrases/ga/t_d_om_orm.wav
4703,ga,CommonPhrases/ga/t_iontas_orm.wav
4704,ga,CommonPhrases/ga/t_turraing_orm.wav
4705,ga,CommonPhrases/ga/t_mearbhall_orm.wav
4706,ga,CommonPhrases/ga/t_im_neamhchinnte.wav
4707,ga,CommonPhrases/ga/t_spreagadh_agam.wav
4708,ga,CommonPhrases/ga/t_tuirse_orm.wav
4709,ga,CommonPhrases/ga/t_im_traochta.wav
4710,ga,CommonPhrases/ga/t_fuinneamh_agam.wav
4711,ga,CommonPhrases/ga/t_leadr_n_orm.wav
4712,ga,CommonPhrases/ga/t_suim_agam.wav
4713,ga,CommonPhrases/ga/t_fiosracht_orm.wav
4714,ga,CommonPhrases/ga/t_d_chas_agam.wav
4715,ga,CommonPhrases/ga/t_imn_orm.wav
4716,ga,CommonPhrases/ga/t_im_l_n_d_imn.wav
4717,ga,CommonPhrases/ga/t_eagla_orm.wav
4718,ga,CommonPhrases/ga/t_im_sl_n.wav
4719,ga,CommonPhrases/ga/t_im_compordach.wav
4720,ga,CommonPhrases/ga/t_im_m_chompordach.wav
4721,ga,CommonPhrases/ga/t_im_s_sta.wav
4722,ga,CommonPhrases/ga/t_im_m_sh_sta.wav
4723,ga,CommonPhrases/ga/t_im_faoi_l_igear.wav
4724,ga,CommonPhrases/ga/t_im_cothrom.wav
4725,ga,CommonPhrases/ga/t_taca_ocht_agam.wav
4726,ga,CommonPhrases/ga/imoibrigh_go_tapa.wav
4727,ga,CommonPhrases/ga/imoibrigh_thar_f_ir.wav
4728,ga,CommonPhrases/ga/fan_socair.wav
4729,ga,CommonPhrases/ga/caill_foighne.wav
4730,ga,CommonPhrases/ga/coinnigh_ort_f_in.wav
4731,ga,CommonPhrases/ga/glac_go_pearsanta.wav
4732,ga,CommonPhrases/ga/cuir_de_dhroim_l_imhe.wav
4733,ga,CommonPhrases/ga/cuir_de_dhroim_l_imhe.wav
4734,ga,CommonPhrases/ga/cabhraigh_liom_le_do_thoil.wav
4735,ga,CommonPhrases/ga/go_raibh_maith_agat.wav
4736,ga,CommonPhrases/ga/go_raibh_m_le_maith_agat.wav
4737,ga,CommonPhrases/ga/is_m_r_an_meas_at_agam_air.wav
4738,ga,CommonPhrases/ga/t_im_bu_och_as.wav
4739,ga,CommonPhrases/ga/gabh_mo_leithsc_al.wav
4740,ga,CommonPhrases/ga/t_br_n_orm_faoi_sin.wav
4741,ga,CommonPhrases/ga/gabh_mo_leithsc_al.wav
4742,ga,CommonPhrases/ga/mo_leithsc_al.wav
4743,ga,CommonPhrases/ga/n_l_aon_fhadhb_ann.wav
4744,ga,CommonPhrases/ga/n_b_buartha.wav
4745,ga,CommonPhrases/ga/t_f_ilte_romhat.wav
4746,ga,CommonPhrases/ga/am_ar_bith.wav
4747,ga,CommonPhrases/ga/mura_miste_leat.wav
4748,ga,CommonPhrases/ga/an_bhf_adf_le_do_thoil.wav
4749,ga,CommonPhrases/ga/an_f_idir_liom.wav
4750,ga,CommonPhrases/ga/m_s_f_idir.wav
4751,ga,CommonPhrases/ga/bheinn_bu_och.wav
4752,ga,CommonPhrases/ga/n_im_ad_beag.wav
4753,ga,CommonPhrases/ga/soicind_amh_in_le_do_thoil.wav
4754,ga,CommonPhrases/ga/i_ndiaidh_duit.wav
4755,ga,CommonPhrases/ga/b_odh_leisce_ort.wav
4756,ga,CommonPhrases/ga/n_b_odh_imn_ort.wav
4757,ga,CommonPhrases/ga/t_sin_go_maith.wav
4758,ga,CommonPhrases/ga/m_t_sin_ceart_go_leor.wav
4759,ga,CommonPhrases/ga/tuigim.wav
4760,ga,CommonPhrases/ga/t_meas_agam_air_sin.wav
4761,ga,CommonPhrases/ga/gan_aon_chion_a_bheith_ort.wav
4762,ga,CommonPhrases/ga/le_meas.wav
4763,ga,CommonPhrases/ga/tabhair_faoi_deara_le_do_thoil.wav
4764,ga,CommonPhrases/ga/just_a_dheimhni.wav
4765,ga,CommonPhrases/ga/cuir_in_i_l_dom_le_do_thoil.wav
4766,ga,CommonPhrases/ga/coinnigh_ort.wav
4767,ga,CommonPhrases/ga/t_s_agat.wav
4768,ga,CommonPhrases/ga/n_g_ill_suas.wav
4769,ga,CommonPhrases/ga/fan_l_idir.wav
4770,ga,CommonPhrases/ga/glac_go_r_idh.wav
4771,ga,CommonPhrases/ga/d_an_do_dh_cheall.wav
4772,ga,CommonPhrases/ga/c_im_ar_ch_im.wav
4773,ga,CommonPhrases/ga/coinnigh_ort_ag_iarraidh.wav
4774,ga,CommonPhrases/ga/coinnigh_ort_mar_sin.wav
4775,ga,CommonPhrases/ga/maith_th.wav
4776,ga,CommonPhrases/ga/obair_mhaith.wav
4777,ga,CommonPhrases/ga/obair_bhre.wav
4778,ga,CommonPhrases/ga/t_im_br_d_il_asat.wav
4779,ga,CommonPhrases/ga/creid_ionat_f_in.wav
4780,ga,CommonPhrases/ga/mu_n_asat_f_in.wav
4781,ga,CommonPhrases/ga/fan_dearfach.wav
4782,ga,CommonPhrases/ga/fan_d_rithe.wav
4783,ga,CommonPhrases/ga/beidh_s_ceart_go_leor.wav
4784,ga,CommonPhrases/ga/t_m_anseo.wav
4785,ga,CommonPhrases/ga/t_m_leat.wav
4786,ga,CommonPhrases/ga/taca_m_leat.wav
4787,ga,CommonPhrases/ga/n_l_t_i_d_aonar.wav
4788,ga,CommonPhrases/ga/tiocfaidh_feabhas_ar_ruda.wav
4789,ga,CommonPhrases/ga/tabhair_am_d.wav
4790,ga,CommonPhrases/ga/bainfidh_t_ansin_amach.wav
4791,ga,CommonPhrases/ga/coinnigh_ort_ag_dul_ar_aghaidh.wav
4792,ga,CommonPhrases/ga/oc_as.wav
4793,ga,CommonPhrases/ga/oc_ar_ais.wav
4794,ga,CommonPhrases/ga/t_airgead_faoi_chomaoin_agat.wav
4795,ga,CommonPhrases/ga/s_bh_il_airgead.wav
4796,ga,CommonPhrases/ga/caitheamh_airgid.wav
4797,ga,CommonPhrases/ga/cur_am_airgid.wav
4798,ga,CommonPhrases/ga/d_an_airgead.wav
4799,ga,CommonPhrases/ga/tuilleamh_airgid.wav
4800,ga,CommonPhrases/ga/caill_airgead.wav
4801,ga,CommonPhrases/ga/buis_ad_a_dh_anamh_do.wav
4802,ga,CommonPhrases/ga/gearr_costais.wav
4803,ga,CommonPhrases/ga/laghdaigh_caiteachas.wav
4804,ga,CommonPhrases/ga/oc_as.wav
4805,ga,CommonPhrases/ga/n_f_idir_liom_oc_as.wav
4806,ga,CommonPhrases/ga/is_fi.wav
4807,ga,CommonPhrases/ga/luach_maith.wav
4808,ga,CommonPhrases/ga/r_dh_taithe.wav
4809,ga,CommonPhrases/ga/rogha_saor.wav
4810,ga,CommonPhrases/ga/m_r_costasach.wav
4811,ga,CommonPhrases/ga/roinn_an_bille.wav
4812,ga,CommonPhrases/ga/oc_an_bille.wav
4813,ga,CommonPhrases/ga/cl_daigh_an_costas.wav
4814,ga,CommonPhrases/ga/gearr_t_ille.wav
4815,ga,CommonPhrases/ga/faigh_ais_oca_ocht.wav
4816,ga,CommonPhrases/ga/cuir_m_r_ar_ais.wav
4817,ga,CommonPhrases/ga/malartaigh.wav
4818,ga,CommonPhrases/ga/airgead_ar_ais.wav
4819,ga,CommonPhrases/ga/raon_praghsanna.wav
4820,ga,CommonPhrases/ga/an_costas_ioml_n.wav
4821,ga,CommonPhrases/ga/t_ill_ceilte.wav
4822,ga,CommonPhrases/ga/oca_ocht_mh_os_il.wav
4823,ga,CommonPhrases/ga/d_ta_dlite.wav
4824,ga,CommonPhrases/ga/t_ille_d_anach.wav
4825,ga,CommonPhrases/ga/r_ta_is.wav
4826,ga,CommonPhrases/ga/sc_r_creidmheasa.wav
4827,ga,CommonPhrases/ga/strus_airgeadais.wav
4828,ga,CommonPhrases/ga/ag_coinne_il_an_la_in_ineacht.wav
4829,ga,CommonPhrases/ga/maireacht_il_laistigh_d_acmhainn.wav
4830,ga,CommonPhrases/ga/briste_fi.wav
4831,ga,CommonPhrases/ga/imeall_brab_is.wav
4832,ga,CommonPhrases/ga/ithe_bricfeasta.wav
4833,ga,CommonPhrases/ga/scipe_il_l_in.wav
4834,ga,CommonPhrases/ga/greim_bia_a_fh_il.wav
4835,ga,CommonPhrases/ga/ithe_amuigh.wav
4836,ga,CommonPhrases/ga/ithe_sa_bhaile.wav
4837,ga,CommonPhrases/ga/bia_a_ord.wav
4838,ga,CommonPhrases/ga/ord_a_chur_isteach.wav
4839,ga,CommonPhrases/ga/beir_leat.wav
4840,ga,CommonPhrases/ga/bia_le_beir_leat.wav
4841,ga,CommonPhrases/ga/seirbh_s_seachadta.wav
4842,ga,CommonPhrases/ga/c_caireacht_sa_bhaile.wav
4843,ga,CommonPhrases/ga/dinn_ar_a_dh_anamh.wav
4844,ga,CommonPhrases/ga/blas_a_fh_il_ar_mhias.wav
4845,ga,CommonPhrases/ga/t_blas_maith_air.wav
4846,ga,CommonPhrases/ga/t_blas_dona_air.wav
4847,ga,CommonPhrases/ga/r_sp_osrach.wav
4848,ga,CommonPhrases/ga/r_shalann.wav
4849,ga,CommonPhrases/ga/ar_fheabhas.wav
4850,ga,CommonPhrases/ga/t_im_l_n.wav
4851,ga,CommonPhrases/ga/t_ocras_orm_f_s.wav
4852,ga,CommonPhrases/ga/t_earra_gr_saera_de_dh_th_orm.wav
4853,ga,CommonPhrases/ga/dul_ag_siopad_ireacht.wav
4854,ga,CommonPhrases/ga/bia_a_cheannach.wav
4855,ga,CommonPhrases/ga/stoc_a_charnadh.wav
4856,ga,CommonPhrases/ga/rith_as.wav
4857,ga,CommonPhrases/ga/t_uisce_de_dh_th_orm.wav
4858,ga,CommonPhrases/ga/deoch_a_fh_il.wav
4859,ga,CommonPhrases/ga/t_tart_orm.wav
4860,ga,CommonPhrases/ga/t_ocras_orm.wav
4861,ga,CommonPhrases/ga/s_samh_a_thabhairt_do_chraos.wav
4862,ga,CommonPhrases/ga/cas_air.wav
4863,ga,CommonPhrases/ga/cas_as.wav
4864,ga,CommonPhrases/ga/log_il_isteach.wav
4865,ga,CommonPhrases/ga/log_il_amach.wav
4866,ga,CommonPhrases/ga/cl_raigh.wav
4867,ga,CommonPhrases/ga/s_nigh_isteach.wav
4868,ga,CommonPhrases/ga/athshocraigh_pasfhocal.wav
4869,ga,CommonPhrases/ga/nuashonraigh_bogearra.wav
4870,ga,CommonPhrases/ga/osl_d_il_aip.wav
4871,ga,CommonPhrases/ga/suite_il_nuashonr.wav
4872,ga,CommonPhrases/ga/scrios_comhad.wav
4873,ga,CommonPhrases/ga/s_bh_il_athruithe.wav
4874,ga,CommonPhrases/ga/d_an_c_ltaca_de.wav
4875,ga,CommonPhrases/ga/sioncronaigh_sonra.wav
4876,ga,CommonPhrases/ga/caill_nasc.wav
4877,ga,CommonPhrases/ga/comhartha_lag.wav
4878,ga,CommonPhrases/ga/comhartha_l_idir.wav
4879,ga,CommonPhrases/ga/l_d_il_go_mall.wav
4880,ga,CommonPhrases/ga/tuairte_il_go_tobann.wav
4881,ga,CommonPhrases/ga/reoigh.wav
4882,ga,CommonPhrases/ga/athatos_an_c_ras.wav
4883,ga,CommonPhrases/ga/athimirt_an_gl_as.wav
4884,ga,CommonPhrases/ga/seice_il_na_socruithe.wav
4885,ga,CommonPhrases/ga/athraigh_na_socruithe.wav
4886,ga,CommonPhrases/ga/coigeartaigh_an_toirt.wav
4887,ga,CommonPhrases/ga/balbh_an_fhuaim.wav
4888,ga,CommonPhrases/ga/d_bhalbh.wav
4889,ga,CommonPhrases/ga/seol_teachtaireacht.wav
4890,ga,CommonPhrases/ga/freagair_ar_ais.wav
4891,ga,CommonPhrases/ga/faigh_f_gra.wav
4892,ga,CommonPhrases/ga/caill_glao.wav
4893,ga,CommonPhrases/ga/f_g_gl_rphost.wav
4894,ga,CommonPhrases/ga/ceangail_ar_l_ne.wav
4895,ga,CommonPhrases/ga/roinn_sc_ile_n.wav
4896,ga,CommonPhrases/ga/reo_an_sc_ile_in.wav
4897,ga,CommonPhrases/ga/fadhb_theicni_il.wav
4898,ga,CommonPhrases/ga/fabhtcheartaigh_teicneola_ocht.wav
4899,ga,CommonPhrases/ga/deisigh_fabht.wav
4900,ga,CommonPhrases/ga/tuairiscigh_fabht.wav
4901,ga,CommonPhrases/ga/cuir_tic_ad_in_irithe.wav
4902,ga,CommonPhrases/ga/cuir_irithint_ar_ceal.wav
4903,ga,CommonPhrases/ga/t_igh_ar_bord_eitilte.wav
4904,ga,CommonPhrases/ga/caill_eitilt.wav
4905,ga,CommonPhrases/ga/faigh_traein.wav
4906,ga,CommonPhrases/ga/glac_bus.wav
4907,ga,CommonPhrases/ga/faigh_tacsa.wav
4908,ga,CommonPhrases/ga/glaoigh_ar_thacsa.wav
4909,ga,CommonPhrases/ga/faigh_carr_ar_c_os.wav
4910,ga,CommonPhrases/ga/tabhair_carr_ar_ais.wav
4911,ga,CommonPhrases/ga/f_g_treoracha.wav
4912,ga,CommonPhrases/ga/caill_ar_strae.wav
4913,ga,CommonPhrases/ga/faigh_an_bealach.wav
4914,ga,CommonPhrases/ga/it_in_aice_l_imhe.wav
4915,ga,CommonPhrases/ga/i_bhfad_i_gc_in.wav
4916,ga,CommonPhrases/ga/iompar_poibl.wav
4917,ga,CommonPhrases/ga/buaic_am.wav
4918,ga,CommonPhrases/ga/lasmuigh_den_bhuaic.wav
4919,ga,CommonPhrases/ga/it_phl_daithe.wav
4920,ga,CommonPhrases/ga/ceantar_ci_in.wav
4921,ga,CommonPhrases/ga/l_thair_turas_ireachta.wav
4922,ga,CommonPhrases/ga/ceantar_iti_il.wav
4923,ga,CommonPhrases/ga/fan_thar_o_che.wav
4924,ga,CommonPhrases/ga/seomra_st_in.wav
4925,ga,CommonPhrases/ga/d_an_irithint.wav
4926,ga,CommonPhrases/ga/cuir_irithint_ar_ceal.wav
4927,ga,CommonPhrases/ga/bealach_amach_igeand_la.wav
4928,ga,CommonPhrases/ga/glaoigh_ar_na_seirbh_s_igeand_la.wav
4929,ga,CommonPhrases/ga/iarr_cabhair.wav
4930,ga,CommonPhrases/ga/st_isi_n_p_il_n.wav
4931,ga,CommonPhrases/ga/ospid_al_in_aice_l_imhe.wav
4932,ga,CommonPhrases/ga/oifig_na_gcaillte_agus_na_bhfaighte.wav
4933,ga,CommonPhrases/ga/rialacha_s_bh_ilteachta.wav
4934,ga,CommonPhrases/ga/lean_na_comhartha.wav
4935,ga,CommonPhrases/ga/seas_i_scuaine.wav
4936,ga,CommonPhrases/ga/fan_do_sheal.wav
4937,ga,CommonPhrases/ga/leithreas_poibl.wav
4938,ga,CommonPhrases/ga/foghlaim_rud_igin_nua.wav
4939,ga,CommonPhrases/ga/faigh_greim_air.wav
4940,ga,CommonPhrases/ga/d_an_cleachtadh_gach_l.wav
4941,ga,CommonPhrases/ga/feabhas_a_chur_ar_scileanna.wav
4942,ga,CommonPhrases/ga/oibrigh_ort_f_in.wav
4943,ga,CommonPhrases/ga/socraigh_spriocanna.wav
4944,ga,CommonPhrases/ga/bain_spriocanna_amach.wav
4945,ga,CommonPhrases/ga/d_an_dul_chun_cinn.wav
4946,ga,CommonPhrases/ga/dul_chun_cinn_mall.wav
4947,ga,CommonPhrases/ga/dul_chun_cinn_seasta.wav
4948,ga,CommonPhrases/ga/athbhreithnigh_n_ta.wav
4949,ga,CommonPhrases/ga/glac_n_ta.wav
4950,ga,CommonPhrases/ga/cuir_ceisteanna.wav
4951,ga,CommonPhrases/ga/iarr_aiseolas.wav
4952,ga,CommonPhrases/ga/glac_le_haiseolas.wav
4953,ga,CommonPhrases/ga/cuir_aiseolas_i_bhfeidhm.wav
4954,ga,CommonPhrases/ga/d_an_bot_in.wav
4955,ga,CommonPhrases/ga/foghlaim_bhot_in.wav
4956,ga,CommonPhrases/ga/coinnigh_ort_ag_foghlaim.wav
4957,ga,CommonPhrases/ga/fan_fiosrach.wav
4958,ga,CommonPhrases/ga/fan_spreagtha.wav
4959,ga,CommonPhrases/ga/cruthaigh_n_sanna.wav
4960,ga,CommonPhrases/ga/bris_n_sanna.wav
4961,ga,CommonPhrases/ga/forbair_scileanna.wav
4962,ga,CommonPhrases/ga/faigh_muin_n.wav
4963,ga,CommonPhrases/ga/s_raigh_eagla.wav
4964,ga,CommonPhrases/ga/c_im_amach_as_an_gcrios_chompord.wav
4965,ga,CommonPhrases/ga/f_s_pearsanta.wav
4172,mt,CommonPhrases/mt/qum.wav
4173,mt,CommonPhrases/mt/stenba.wav
4174,mt,CommonPhrases/mt/imtedd.wav
4175,mt,CommonPhrases/mt/po_i_bilqieg_da.wav
4176,mt,CommonPhrases/mt/qum_bilwieqfa.wav
4177,mt,CommonPhrases/mt/iere.wav
4178,mt,CommonPhrases/mt/ejja_lura.wav
4179,mt,CommonPhrases/mt/ibqa_ewwa.wav
4180,mt,CommonPhrases/mt/mur_barra.wav
4181,mt,CommonPhrases/mt/g_addi_g_al.wav
4182,mt,CommonPhrases/mt/naqqas_il_pass.wav
4183,mt,CommonPhrases/mt/id_il_pass.wav
4184,mt,CommonPhrases/mt/kompli.wav
4185,mt,CommonPhrases/mt/edi.wav
4186,mt,CommonPhrases/mt/aqbad.wav
4187,mt,CommonPhrases/mt/po_i.wav
4188,mt,CommonPhrases/mt/ixg_el.wav
4189,mt,CommonPhrases/mt/itfi.wav
4190,mt,CommonPhrases/mt/naddaf.wav
4191,mt,CommonPhrases/mt/n_assru.wav
4192,mt,CommonPhrases/mt/waqqaf.wav
4193,mt,CommonPhrases/mt/ippakkja.wav
4194,mt,CommonPhrases/mt/uri_ru_ek.wav
4195,mt,CommonPhrases/mt/itlaq_kmieni.wav
4196,mt,CommonPhrases/mt/ibqa_tard.wav
4197,mt,CommonPhrases/mt/ikkalma.wav
4198,mt,CommonPhrases/mt/sa_an.wav
4199,mt,CommonPhrases/mt/berred.wav
4200,mt,CommonPhrases/mt/ilbes_pulit.wav
4201,mt,CommonPhrases/mt/biddel_il_wejje.wav
4202,mt,CommonPhrases/mt/ejji_ru_ek.wav
4203,mt,CommonPhrases/mt/ag_ti_daqqa.wav
4204,mt,CommonPhrases/mt/u_pawsa.wav
4205,mt,CommonPhrases/mt/strie_ftit.wav
4206,mt,CommonPhrases/mt/ibda_mill_did.wav
4207,mt,CommonPhrases/mt/ibqg_a_sejjer.wav
4208,mt,CommonPhrases/mt/omm.wav
4209,mt,CommonPhrases/mt/itlaq.wav
4210,mt,CommonPhrases/mt/warrab.wav
4211,mt,CommonPhrases/mt/mexxi_l_quddiem.wav
4212,mt,CommonPhrases/mt/ares_lura.wav
4213,mt,CommonPhrases/mt/ikkalma.wav
4214,mt,CommonPhrases/mt/ag_laq.wav
4215,mt,CommonPhrases/mt/ag_mel_i_check_out.wav
4216,mt,CommonPhrases/mt/ares_madwarek.wav
4217,mt,CommonPhrases/mt/qajjem_lil_xi_add.wav
4218,mt,CommonPhrases/mt/raqad.wav
4219,mt,CommonPhrases/mt/la_aq.wav
4220,mt,CommonPhrases/mt/oqg_od.wav
4221,mt,CommonPhrases/mt/iltaqa.wav
4222,mt,CommonPhrases/mt/niltaqg_u.wav
4223,mt,CommonPhrases/mt/nibqg_u_f_kuntatt.wav
4224,mt,CommonPhrases/mt/in_ommu_kuntatt.wav
4225,mt,CommonPhrases/mt/nitilfu_kuntatt.wav
4226,mt,CommonPhrases/mt/ag_mel_i_check_in.wav
4227,mt,CommonPhrases/mt/nikkuntattja.wav
4228,mt,CommonPhrases/mt/ner_g_u_nikkonnettjaw.wav
4229,mt,CommonPhrases/mt/nibdew_ninfirdu.wav
4230,mt,CommonPhrases/mt/insiru_qrib_xulxin.wav
4231,mt,CommonPhrases/mt/nibdew_ninfirdu.wav
4232,mt,CommonPhrases/mt/nag_mel_bieb.wav
4233,mt,CommonPhrases/mt/niftiehmu_mill_ewwel.wav
4234,mt,CommonPhrases/mt/niftiehmu.wav
4235,mt,CommonPhrases/mt/nargumentaw.wav
4236,mt,CommonPhrases/mt/inkissru_s_silenzju.wav
4237,mt,CommonPhrases/mt/ti_i_mag_na.wav
4238,mt,CommonPhrases/mt/ni_i_mag_kom.wav
4239,mt,CommonPhrases/mt/i_ib_lil_xi_add.wav
4240,mt,CommonPhrases/mt/nistedinkom.wav
4241,mt,CommonPhrases/mt/nag_ti_daqqa_t_g_ajn.wav
4242,mt,CommonPhrases/mt/ng_addi.wav
4243,mt,CommonPhrases/mt/ejja.wav
4244,mt,CommonPhrases/mt/nuri_appo.wav
4245,mt,CommonPhrases/mt/inkun_hemm_g_al.wav
4246,mt,CommonPhrases/mt/nserra_fuq.wav
4247,mt,CommonPhrases/mt/noqg_od_fuq.wav
4248,mt,CommonPhrases/mt/nafda_f_xi_add.wav
4249,mt,CommonPhrases/mt/ninfeta.wav
4250,mt,CommonPhrases/mt/naqsam_is_sentimenti.wav
4251,mt,CommonPhrases/mt/nqattg_u_in.wav
4252,mt,CommonPhrases/mt/nag_mlu_pjanijiet.wav
4253,mt,CommonPhrases/mt/nikkan_ellaw_il_pjanijiet.wav
4254,mt,CommonPhrases/mt/ning_aqad.wav
4255,mt,CommonPhrases/mt/nappo_ja_lil_xi_add.wav
4256,mt,CommonPhrases/mt/noqg_od_ma_enb.wav
4257,mt,CommonPhrases/mt/nie_u_sieb.wav
4258,mt,CommonPhrases/mt/nsir_naf.wav
4259,mt,CommonPhrases/mt/nibqg_u_qrib.wav
4260,mt,CommonPhrases/mt/in_ossni_milqug.wav
4261,mt,CommonPhrases/mt/in_ossni_mwarrab.wav
4262,mt,CommonPhrases/mt/norbot_ma.wav
4263,mt,CommonPhrases/mt/nikkonnettja_ma.wav
4264,mt,CommonPhrases/mt/nisso_jalizza.wav
4265,mt,CommonPhrases/mt/ej.wav
4266,mt,CommonPhrases/mt/elow_kul_add.wav
4267,mt,CommonPhrases/mt/kif_inti.wav
4268,mt,CommonPhrases/mt/kif_sejra.wav
4269,mt,CommonPhrases/mt/x_hemm.wav
4270,mt,CommonPhrases/mt/ara_x_ara.wav
4271,mt,CommonPhrases/mt/mill_mod.wav
4272,mt,CommonPhrases/mt/mill_bqija.wav
4273,mt,CommonPhrases/mt/dan_ifakkarni.wav
4274,mt,CommonPhrases/mt/qabel_ma_ninsa.wav
4275,mt,CommonPhrases/mt/xorta_wa_da.wav
4276,mt,CommonPhrases/mt/mela_iva.wav
4277,mt,CommonPhrases/mt/fil_qosor.wav
4278,mt,CommonPhrases/mt/biex_inkun_onest.wav
4279,mt,CommonPhrases/mt/onestament.wav
4280,mt,CommonPhrases/mt/qieg_ed_ng_id.wav
4281,mt,CommonPhrases/mt/jekk_tistaqsini.wav
4282,mt,CommonPhrases/mt/fl_opinjoni_tieg_i.wav
4283,mt,CommonPhrases/mt/taf_x_inhu.wav
4284,mt,CommonPhrases/mt/allini_na_seb.wav
4285,mt,CommonPhrases/mt/a_a_o_ra.wav
4286,mt,CommonPhrases/mt/mistoqsija_malajr.wav
4287,mt,CommonPhrases/mt/nista_nistaqsi.wav
4288,mt,CommonPhrases/mt/sku_i_li_qed_naqta_kelmtek.wav
4289,mt,CommonPhrases/mt/mur.wav
4290,mt,CommonPhrases/mt/jekk_jog_bok_kompli.wav
4291,mt,CommonPhrases/mt/kif_kont_qed_ng_id.wav
4292,mt,CommonPhrases/mt/fil_qosor.wav
4293,mt,CommonPhrases/mt/fil_qosor.wav
4294,mt,CommonPhrases/mt/dak_kollox.wav
4295,mt,CommonPhrases/mt/dak_kollox.wav
4296,mt,CommonPhrases/mt/tinstema_tajba.wav
4297,mt,CommonPhrases/mt/ja_dem_g_alija.wav
4298,mt,CommonPhrases/mt/nieqfu_hawn.wav
4299,mt,CommonPhrases/mt/ejja_nieqfu_g_al_lum.wav
4300,mt,CommonPhrases/mt/nitkellmu_dalwaqt.wav
4301,mt,CommonPhrases/mt/narawk_aktar_tard.wav
4302,mt,CommonPhrases/mt/narawk.wav
4303,mt,CommonPhrases/mt/narawk_aktar_tard.wav
4304,mt,CommonPhrases/mt/oqg_od_attent.wav
4305,mt,CommonPhrases/mt/g_addi_urnata_tajba.wav
4306,mt,CommonPhrases/mt/adt_gost_nitkellem_mieg_ek.wav
4307,mt,CommonPhrases/mt/grazzi_tal_in_tieg_ek.wav
4308,mt,CommonPhrases/mt/napprezza.wav
4309,mt,CommonPhrases/mt/sa_darba_o_ra.wav
4310,mt,CommonPhrases/mt/sa_a.wav
4311,mt,CommonPhrases/mt/daqsxejn_okkupat.wav
4312,mt,CommonPhrases/mt/pjuttost_tajjeb.wav
4313,mt,CommonPhrases/mt/mhux_a_in.wav
4314,mt,CommonPhrases/mt/l_istess_hawn.wav
4315,mt,CommonPhrases/mt/na_seb_hekk.wav
4316,mt,CommonPhrases/mt/forsi_aktar_tard.wav
4317,mt,CommonPhrases/mt/tip_ta.wav
4318,mt,CommonPhrases/mt/ftit.wav
4319,mt,CommonPhrases/mt/ftit.wav
4320,mt,CommonPhrases/mt/bejn_wie_ed_u_ie_or.wav
4321,mt,CommonPhrases/mt/issa_stess.wav
4322,mt,CommonPhrases/mt/illum_il_urnata.wav
4323,mt,CommonPhrases/mt/dan_l_a_ar.wav
4324,mt,CommonPhrases/mt/b_as_soltu.wav
4325,mt,CommonPhrases/mt/l_ebda_idea.wav
4326,mt,CommonPhrases/mt/min_jaf.wav
4327,mt,CommonPhrases/mt/dak_li_ja_dem.wav
4328,mt,CommonPhrases/mt/ji_ri.wav
4329,mt,CommonPhrases/mt/sewwa.wav
4330,mt,CommonPhrases/mt/jag_mel_sens.wav
4331,mt,CommonPhrases/mt/jidher_li_hu_hekk.wav
4332,mt,CommonPhrases/mt/qatt_ma_taf.wav
4333,mt,CommonPhrases/mt/jiddependi.wav
4334,mt,CommonPhrases/mt/mhux_xi_a_a_kbira.wav
4335,mt,CommonPhrases/mt/kollox_sew.wav
4336,mt,CommonPhrases/mt/kollox_lest.wav
4337,mt,CommonPhrases/mt/tajjeb_bi_ejjed.wav
4338,mt,CommonPhrases/mt/qrib_bi_ejjed.wav
4339,mt,CommonPhrases/mt/hekk_kif.wav
4340,mt,CommonPhrases/mt/minn_imkien.wav
4341,mt,CommonPhrases/mt/f_daqqa_wa_da.wav
4342,mt,CommonPhrases/mt/gur.wav
4343,mt,CommonPhrases/mt/definitivament.wav
4344,mt,CommonPhrases/mt/probabbilment.wav
4345,mt,CommonPhrases/mt/nissoponi.wav
4346,mt,CommonPhrases/mt/na_seb.wav
4347,mt,CommonPhrases/mt/nispera.wav
4348,mt,CommonPhrases/mt/naraw.wav
4349,mt,CommonPhrases/mt/nisperaw.wav
4350,mt,CommonPhrases/mt/mur_ara.wav
4351,mt,CommonPhrases/mt/imma_ina.wav
4352,mt,CommonPhrases/mt/il_a_a_umoristika_hi.wav
4353,mt,CommonPhrases/mt/emmnu_jew_le.wav
4354,mt,CommonPhrases/mt/na_seb.wav
4355,mt,CommonPhrases/mt/tifhimni.wav
4356,mt,CommonPhrases/mt/taf.wav
4357,mt,CommonPhrases/mt/allini_nispjega.wav
4358,mt,CommonPhrases/mt/ara_x_inhi_l_istorja.wav
4359,mt,CommonPhrases/mt/il_punt_hu.wav
4360,mt,CommonPhrases/mt/dak_li_rrid_ng_id_hu.wav
4361,mt,CommonPhrases/mt/fi_kliem_ie_or.wav
4362,mt,CommonPhrases/mt/pere_empju.wav
4363,mt,CommonPhrases/mt/per_e_empju.wav
4364,mt,CommonPhrases/mt/ba_ikament.wav
4365,mt,CommonPhrases/mt/fi_kliem_sempli_i.wav
4366,mt,CommonPhrases/mt/biex_ni_ara.wav
4367,mt,CommonPhrases/mt/biex_inkun_ar.wav
4368,mt,CommonPhrases/mt/biex_inkun_ar.wav
4369,mt,CommonPhrases/mt/l_idea_hi.wav
4370,mt,CommonPhrases/mt/ir_ra_uni_hi.wav
4371,mt,CommonPhrases/mt/g_alhekk.wav
4372,mt,CommonPhrases/mt/min_abba_f_hekk.wav
4373,mt,CommonPhrases/mt/b_ri_ultat_ta_dan.wav
4374,mt,CommonPhrases/mt/fil_fatt.wav
4375,mt,CommonPhrases/mt/fil_fatt.wav
4376,mt,CommonPhrases/mt/teknikament.wav
4377,mt,CommonPhrases/mt/skont.wav
4378,mt,CommonPhrases/mt/sa_fejn_naf_jien.wav
4379,mt,CommonPhrases/mt/minn_dak_li_qed_nisma.wav
4380,mt,CommonPhrases/mt/qaluli.wav
4381,mt,CommonPhrases/mt/jirri_ulta_li.wav
4382,mt,CommonPhrases/mt/jidher_li.wav
4383,mt,CommonPhrases/mt/milli_jidher.wav
4384,mt,CommonPhrases/mt/kif_mistenni.wav
4385,mt,CommonPhrases/mt/sorprendentement.wav
4386,mt,CommonPhrases/mt/mhux_ta_b_xejn.wav
4387,mt,CommonPhrases/mt/il_verit_hi.wav
4388,mt,CommonPhrases/mt/onestament.wav
4389,mt,CommonPhrases/mt/b_mod_realistiku.wav
4390,mt,CommonPhrases/mt/eneralment.wav
4391,mt,CommonPhrases/mt/b_mod_enerali.wav
4392,mt,CommonPhrases/mt/b_mod_enerali.wav
4393,mt,CommonPhrases/mt/tal_anqas.wav
4394,mt,CommonPhrases/mt/l_aktar.wav
4395,mt,CommonPhrases/mt/iktar_importanti.wav
4396,mt,CommonPhrases/mt/spe_jalment.wav
4397,mt,CommonPhrases/mt/prin_ipalment.wav
4398,mt,CommonPhrases/mt/l_aktar.wav
4399,mt,CommonPhrases/mt/parzjalment.wav
4400,mt,CommonPhrases/mt/bejn_wie_ed_u_ie_or.wav
4401,mt,CommonPhrases/mt/bejn_wie_ed_u_ie_or.wav
4402,mt,CommonPhrases/mt/e_attament.wav
4403,mt,CommonPhrases/mt/pre_i_ament.wav
4404,mt,CommonPhrases/mt/tista_tg_idli.wav
4405,mt,CommonPhrases/mt/taf.wav
4406,mt,CommonPhrases/mt/tista_tispjega.wav
4407,mt,CommonPhrases/mt/xi_jfisser.wav
4408,mt,CommonPhrases/mt/kif_ja_dem.wav
4409,mt,CommonPhrases/mt/x_qed_ji_ri.wav
4410,mt,CommonPhrases/mt/x_ara.wav
4411,mt,CommonPhrases/mt/x_inhu_l_pjan.wav
4412,mt,CommonPhrases/mt/x_ta_seb.wav
4413,mt,CommonPhrases/mt/x_g_andi_nag_mel.wav
4414,mt,CommonPhrases/mt/xi_idea.wav
4415,mt,CommonPhrases/mt/xi_sibijiet.wav
4416,mt,CommonPhrases/mt/xi_a_ornamenti.wav
4417,mt,CommonPhrases/mt/x_hemm_did.wav
4418,mt,CommonPhrases/mt/x_hemm_wara.wav
4419,mt,CommonPhrases/mt/fejn_qeg_din.wav
4420,mt,CommonPhrases/mt/kemm_se_jdum.wav
4421,mt,CommonPhrases/mt/meta_g_andu_jkun_lest.wav
4422,mt,CommonPhrases/mt/kemm_jiswa.wav
4423,mt,CommonPhrases/mt/kemm_hemm.wav
4424,mt,CommonPhrases/mt/kemm_il_darba.wav
4425,mt,CommonPhrases/mt/g_aliex_hekk.wav
4426,mt,CommonPhrases/mt/xi_ng_idu_jekk.wav
4427,mt,CommonPhrases/mt/huwa_possibbli.wav
4428,mt,CommonPhrases/mt/jag_mel_differenza.wav
4429,mt,CommonPhrases/mt/jiswa.wav
4430,mt,CommonPhrases/mt/nista_nkun_naf.wav
4431,mt,CommonPhrases/mt/tiddejjaq_jekk.wav
4432,mt,CommonPhrases/mt/tista_tg_in.wav
4433,mt,CommonPhrases/mt/tista_tikkjarifika.wav
4434,mt,CommonPhrases/mt/kont_qed_na_seb.wav
4435,mt,CommonPhrases/mt/minn_kur_it.wav
4436,mt,CommonPhrases/mt/g_al_referenza.wav
4437,mt,CommonPhrases/mt/xi_ng_idu_dwar.wav
4438,mt,CommonPhrases/mt/xi_ng_idu.wav
4439,mt,CommonPhrases/mt/liema_wa_da.wav
4440,mt,CommonPhrases/mt/min_hu_responsabbli.wav
4441,mt,CommonPhrases/mt/min_ej.wav
4442,mt,CommonPhrases/mt/x_iktar.wav
4443,mt,CommonPhrases/mt/xi_a_a_o_ra.wav
4444,mt,CommonPhrases/mt/na_seb.wav
4445,mt,CommonPhrases/mt/nemmen.wav
4446,mt,CommonPhrases/mt/jiena_n_ossni_li.wav
4447,mt,CommonPhrases/mt/nassumi.wav
4448,mt,CommonPhrases/mt/nimma_ina.wav
4449,mt,CommonPhrases/mt/fil_fehma_tieg_i.wav
4450,mt,CommonPhrases/mt/mill_perspettiva_tieg_i.wav
4451,mt,CommonPhrases/mt/personalment.wav
4452,mt,CommonPhrases/mt/g_alija.wav
4453,mt,CommonPhrases/mt/jidhirli.wav
4454,mt,CommonPhrases/mt/ng_id.wav
4455,mt,CommonPhrases/mt/nargumenta.wav
4456,mt,CommonPhrases/mt/nissu_erixxi.wav
4457,mt,CommonPhrases/mt/nirrakkomanda.wav
4458,mt,CommonPhrases/mt/nippreferi.wav
4459,mt,CommonPhrases/mt/ma_na_sibx.wav
4460,mt,CommonPhrases/mt/niddubita.wav
4461,mt,CommonPhrases/mt/m_inix_ert.wav
4462,mt,CommonPhrases/mt/jien_konvint.wav
4463,mt,CommonPhrases/mt/jien_ert.wav
4464,mt,CommonPhrases/mt/m_inix_ert.wav
4465,mt,CommonPhrases/mt/ninsab_im_awwad.wav
4466,mt,CommonPhrases/mt/qed_inklinja_lejn.wav
4467,mt,CommonPhrases/mt/jien_kontra.wav
4468,mt,CommonPhrases/mt/jien_favur.wav
4469,mt,CommonPhrases/mt/naqbel.wav
4470,mt,CommonPhrases/mt/ma_naqbilx.wav
4471,mt,CommonPhrases/mt/naqbel_parzjalment.wav
4472,mt,CommonPhrases/mt/nifhem_il_punt_tieg_ek.wav
4473,mt,CommonPhrases/mt/jista_jkun_li_g_andek_ra_un.wav
4474,mt,CommonPhrases/mt/m_inix_konvint.wav
4475,mt,CommonPhrases/mt/g_andi_dubji.wav
4476,mt,CommonPhrases/mt/g_andi_sensazzjoni.wav
4477,mt,CommonPhrases/mt/l_impressjoni_tieg_i_hi.wav
4478,mt,CommonPhrases/mt/it_t_assib_tieg_i_hu.wav
4479,mt,CommonPhrases/mt/na_seb_li.wav
4480,mt,CommonPhrases/mt/l_opinjoni_tieg_i_hi.wav
4481,mt,CommonPhrases/mt/il_punt_tieg_i_hu.wav
4482,mt,CommonPhrases/mt/kif_naraha_jien.wav
4483,mt,CommonPhrases/mt/biex_inkun_ust.wav
4484,mt,CommonPhrases/mt/naqbel_totalment.wav
4485,mt,CommonPhrases/mt/assolutament.wav
4486,mt,CommonPhrases/mt/hekk_hu.wav
4487,mt,CommonPhrases/mt/g_andek_ra_un.wav
4488,mt,CommonPhrases/mt/na_seb_hekk_jien_ukoll.wav
4489,mt,CommonPhrases/mt/jien_ukoll.wav
4490,mt,CommonPhrases/mt/punt_ust.wav
4491,mt,CommonPhrases/mt/punt_tajjeb.wav
4492,mt,CommonPhrases/mt/nara_hekk.wav
4493,mt,CommonPhrases/mt/nifhem.wav
4494,mt,CommonPhrases/mt/ma_naqbilx.wav
4495,mt,CommonPhrases/mt/mhux_veru.wav
4496,mt,CommonPhrases/mt/m_inix_ert.wav
4497,mt,CommonPhrases/mt/naraha_b_mod_differenti.wav
4498,mt,CommonPhrases/mt/ma_naqbilx.wav
4499,mt,CommonPhrases/mt/mhux_veru.wav
4500,mt,CommonPhrases/mt/ma_nemminx.wav
4501,mt,CommonPhrases/mt/forsi_le.wav
4502,mt,CommonPhrases/mt/ninsab_bejn_altejn.wav
4503,mt,CommonPhrases/mt/jista_jkun.wav
4504,mt,CommonPhrases/mt/possibilment.wav
4505,mt,CommonPhrases/mt/a_naqblu_li_ma_naqblux.wav
4506,mt,CommonPhrases/mt/naqbel_mieg_ek.wav
4507,mt,CommonPhrases/mt/nista_ng_ix_mag_ha.wav
4508,mt,CommonPhrases/mt/tajjeb_g_alija.wav
4509,mt,CommonPhrases/mt/m_g_andi_l_ebda_o_ezzjoni.wav
4510,mt,CommonPhrases/mt/tajjeb_g_alija.wav
4511,mt,CommonPhrases/mt/mhux_tajjeb_g_alija.wav
4512,mt,CommonPhrases/mt/jien_kontra.wav
4513,mt,CommonPhrases/mt/ag_mel_g_a_la.wav
4514,mt,CommonPhrases/mt/idde_iedi_fuq.wav
4515,mt,CommonPhrases/mt/ag_el.wav
4516,mt,CommonPhrases/mt/omm_ma.wav
4517,mt,CommonPhrases/mt/nibdel_fehmti.wav
4518,mt,CommonPhrases/mt/na_seb_fuqha.wav
4519,mt,CommonPhrases/mt/norqod_fuqha.wav
4520,mt,CommonPhrases/mt/ni_en_l_g_a_liet.wav
4521,mt,CommonPhrases/mt/nikkunsidraha.wav
4522,mt,CommonPhrases/mt/inwarrab.wav
4523,mt,CommonPhrases/mt/naqqas_l_g_a_liet.wav
4524,mt,CommonPhrases/mt/ag_el_wa_da.wav
4525,mt,CommonPhrases/mt/ag_el_bil_g_aqal.wav
4526,mt,CommonPhrases/mt/u_ans.wav
4527,mt,CommonPhrases/mt/omm_is_sigurt.wav
4528,mt,CommonPhrases/mt/mur_g_aliha.wav
4529,mt,CommonPhrases/mt/nirtira.wav
4530,mt,CommonPhrases/mt/nimpenja_ru_i_g_al.wav
4531,mt,CommonPhrases/mt/inkompli_sal_a_ar.wav
4532,mt,CommonPhrases/mt/nikkan_ella.wav
4533,mt,CommonPhrases/mt/i_omm_lura.wav
4534,mt,CommonPhrases/mt/nipposponiha.wav
4535,mt,CommonPhrases/mt/nie_u_pass_lura.wav
4536,mt,CommonPhrases/mt/nie_u_r_responsabbilt.wav
4537,mt,CommonPhrases/mt/nidde_iedi.wav
4538,mt,CommonPhrases/mt/g_andi_dubji.wav
4539,mt,CommonPhrases/mt/jiddispja_ini.wav
4540,mt,CommonPhrases/mt/in_ossni_kunfidenti.wav
4541,mt,CommonPhrases/mt/in_ossni_in_ert.wav
4542,mt,CommonPhrases/mt/nezita.wav
4543,mt,CommonPhrases/mt/ng_a_el.wav
4544,mt,CommonPhrases/mt/u_l_in.wav
4545,mt,CommonPhrases/mt/nafda_l_intwizzjoni_tieg_i.wav
4546,mt,CommonPhrases/mt/nag_ti_kollox.wav
4547,mt,CommonPhrases/mt/nikkuntenta_b.wav
4548,mt,CommonPhrases/mt/nag_mel_kompromess.wav
4549,mt,CommonPhrases/mt/inpo_i_linja.wav
4550,mt,CommonPhrases/mt/fil_in.wav
4551,mt,CommonPhrases/mt/qabel_il_in.wav
4552,mt,CommonPhrases/mt/lura_mill_iskeda.wav
4553,mt,CommonPhrases/mt/se_jkun_tard.wav
4554,mt,CommonPhrases/mt/fil_bidu.wav
4555,mt,CommonPhrases/mt/minnufih.wav
4556,mt,CommonPhrases/mt/f_minuta.wav
4557,mt,CommonPhrases/mt/wara_ftit.wav
4558,mt,CommonPhrases/mt/dalwaqt.wav
4559,mt,CommonPhrases/mt/illum_jew_g_ada.wav
4560,mt,CommonPhrases/mt/g_alissa.wav
4561,mt,CommonPhrases/mt/g_alissa.wav
4562,mt,CommonPhrases/mt/b_alissa.wav
4563,mt,CommonPhrases/mt/sadattant.wav
4564,mt,CommonPhrases/mt/fl_a_ar_minuta.wav
4565,mt,CommonPhrases/mt/minn_issa_l_quddiem.wav
4566,mt,CommonPhrases/mt/sa_dak_i_mien.wav
4567,mt,CommonPhrases/mt/sa_dakinhar.wav
4568,mt,CommonPhrases/mt/il_urnata_kollha.wav
4569,mt,CommonPhrases/mt/il_lejl_kollu.wav
4570,mt,CommonPhrases/mt/ri_entement.wav
4571,mt,CommonPhrases/mt/mien_ilu.wav
4572,mt,CommonPhrases/mt/mien_twil_ilu.wav
4573,mt,CommonPhrases/mt/minn_mien_g_al_mien.wav
4574,mt,CommonPhrases/mt/xi_kultant.wav
4575,mt,CommonPhrases/mt/kultant.wav
4576,mt,CommonPhrases/mt/kemm_jista_jkun_malajr.wav
4577,mt,CommonPhrases/mt/kemm_jista_jkun_malajr.wav
4578,mt,CommonPhrases/mt/u_l_in_tieg_ek.wav
4579,mt,CommonPhrases/mt/m_hemmx_g_a_la.wav
4580,mt,CommonPhrases/mt/sib_in.wav
4581,mt,CommonPhrases/mt/iffranka_l_in.wav
4582,mt,CommonPhrases/mt/ela_l_in.wav
4583,mt,CommonPhrases/mt/g_addi_l_in.wav
4584,mt,CommonPhrases/mt/ixtri_l_in.wav
4585,mt,CommonPhrases/mt/iffissa_in.wav
4586,mt,CommonPhrases/mt/er_a_skeda.wav
4587,mt,CommonPhrases/mt/imbotta_l_quddiem.wav
4588,mt,CommonPhrases/mt/ressaq_il_quddiem.wav
4589,mt,CommonPhrases/mt/jum_wara_jum.wav
4590,mt,CommonPhrases/mt/img_a_wara_img_a.wav
4591,mt,CommonPhrases/mt/qabel_milli_mistenni.wav
4592,mt,CommonPhrases/mt/aktar_tard_milli_ppjanat.wav
4593,mt,CommonPhrases/mt/ibda_a_dem.wav
4594,mt,CommonPhrases/mt/ibda_a_dem.wav
4595,mt,CommonPhrases/mt/iffoka_fuq.wav
4596,mt,CommonPhrases/mt/a_dem_fuq.wav
4597,mt,CommonPhrases/mt/ibqa_a_dem.wav
4598,mt,CommonPhrases/mt/ag_mel.wav
4599,mt,CommonPhrases/mt/u_siebha.wav
4600,mt,CommonPhrases/mt/ittrattawha.wav
4601,mt,CommonPhrases/mt/ittratta_l_kompiti.wav
4602,mt,CommonPhrases/mt/immani_ja_l_in.wav
4603,mt,CommonPhrases/mt/omm_mad_data_tal_g_eluq.wav
4604,mt,CommonPhrases/mt/titlef_id_data_tal_g_eluq.wav
4605,mt,CommonPhrases/mt/ibqa_fit_triq_it_tajba.wav
4606,mt,CommonPhrases/mt/tibqa_lura.wav
4607,mt,CommonPhrases/mt/segwi.wav
4608,mt,CommonPhrases/mt/i_ekkja_l_progress.wav
4609,mt,CommonPhrases/mt/ag_ti_a_ornament.wav
4610,mt,CommonPhrases/mt/irrrapporta.wav
4611,mt,CommonPhrases/mt/ikkuntattja.wav
4612,mt,CommonPhrases/mt/issinkronizza.wav
4613,mt,CommonPhrases/mt/da_al_lil_xi_add.wav
4614,mt,CommonPhrases/mt/ommna_a_ornati.wav
4615,mt,CommonPhrases/mt/ag_laqha.wav
4616,mt,CommonPhrases/mt/lesti.wav
4617,mt,CommonPhrases/mt/intervjeni.wav
4618,mt,CommonPhrases/mt/id_l_isforz.wav
4619,mt,CommonPhrases/mt/u_l_inizjattiva.wav
4620,mt,CommonPhrases/mt/iddelega_l_kompiti.wav
4621,mt,CommonPhrases/mt/ipprijoritizza_x_xog_ol.wav
4622,mt,CommonPhrases/mt/ag_mel_diversi_affarijiet_fl_istess_in.wav
4623,mt,CommonPhrases/mt/ibqa_produttiv.wav
4624,mt,CommonPhrases/mt/a_dem_is_sahra.wav
4625,mt,CommonPhrases/mt/id_ol.wav
4626,mt,CommonPhrases/mt/o_ro.wav
4627,mt,CommonPhrases/mt/u_mien_liberu.wav
4628,mt,CommonPhrases/mt/empel_marid.wav
4629,mt,CommonPhrases/mt/attendi_laqg_a.wav
4630,mt,CommonPhrases/mt/iskeda_laqg_a.wav
4631,mt,CommonPhrases/mt/ing_aqad_f_telefonata.wav
4632,mt,CommonPhrases/mt/mexxi_diskussjoni.wav
4633,mt,CommonPhrases/mt/aqsam_feedback.wav
4634,mt,CommonPhrases/mt/ag_ti_input.wav
4635,mt,CommonPhrases/mt/qajjem_t_assib.wav
4636,mt,CommonPhrases/mt/irrapporta_problema.wav
4637,mt,CommonPhrases/mt/solviha.wav
4638,mt,CommonPhrases/mt/eskala.wav
4639,mt,CommonPhrases/mt/sib_ru_ek_fl_inkwiet.wav
4640,mt,CommonPhrases/mt/iffa_ja_problema.wav
4641,mt,CommonPhrases/mt/g_andi_problema.wav
4642,mt,CommonPhrases/mt/ittrattawha.wav
4643,mt,CommonPhrases/mt/irran_aha.wav
4644,mt,CommonPhrases/mt/skopriha.wav
4645,mt,CommonPhrases/mt/insibu_soluzzjoni.wav
4646,mt,CommonPhrases/mt/nirran_aw_il_kwistjoni.wav
4647,mt,CommonPhrases/mt/insolvu_l_problema.wav
4648,mt,CommonPhrases/mt/nsibu_soluzzjoni.wav
4649,mt,CommonPhrases/mt/nindirizzawha.wav
4650,mt,CommonPhrases/mt/naraw_x_hemm.wav
4651,mt,CommonPhrases/mt/ni_ekkjawha.wav
4652,mt,CommonPhrases/mt/nevitawha.wav
4653,mt,CommonPhrases/mt/ng_addu_minnha.wav
4654,mt,CommonPhrases/mt/neg_lbuha.wav
4655,mt,CommonPhrases/mt/naffa_jaw_il_pressjoni.wav
4656,mt,CommonPhrases/mt/nag_mlu_ball.wav
4657,mt,CommonPhrases/mt/ni_olqu.wav
4658,mt,CommonPhrases/mt/nammettu.wav
4659,mt,CommonPhrases/mt/nie_du_r_responsabbilt.wav
4660,mt,CommonPhrases/mt/nisku_aw_ru_na_g_al.wav
4661,mt,CommonPhrases/mt/nirran_aw.wav
4662,mt,CommonPhrases/mt/nitg_allmu_minnha.wav
4663,mt,CommonPhrases/mt/nipprevjenuha.wav
4664,mt,CommonPhrases/mt/nevitawha.wav
4665,mt,CommonPhrases/mt/naqqsu_r_riskju.wav
4666,mt,CommonPhrases/mt/nimminimizzaw_il_sara.wav
4667,mt,CommonPhrases/mt/kontroll_tal_sara.wav
4668,mt,CommonPhrases/mt/insolvu_l_problemi.wav
4669,mt,CommonPhrases/mt/niksru.wav
4670,mt,CommonPhrases/mt/naqtg_u.wav
4671,mt,CommonPhrases/mt/nidentifikaw_il_kaw_a.wav
4672,mt,CommonPhrases/mt/il_kaw_a_ewlenija.wav
4673,mt,CommonPhrases/mt/soluzzjoni_temporanja.wav
4674,mt,CommonPhrases/mt/soluzzjoni_fit_tul.wav
4675,mt,CommonPhrases/mt/inqattg_uha.wav
4676,mt,CommonPhrases/mt/inran_aw_is_sitwazzjoni.wav
4677,mt,CommonPhrases/mt/ni_araw_l_affarijiet.wav
4678,mt,CommonPhrases/mt/nikkalmaw_is_sitwazzjoni.wav
4679,mt,CommonPhrases/mt/nitfu_n_nar.wav
4680,mt,CommonPhrases/mt/naffa_jaw_il_konsegwenzi.wav
4681,mt,CommonPhrases/mt/nie_du_azzjoni.wav
4682,mt,CommonPhrases/mt/nie_du_passi.wav
4683,mt,CommonPhrases/mt/il_passi_li_jmiss.wav
4684,mt,CommonPhrases/mt/insolvu_malajr.wav
4685,mt,CommonPhrases/mt/neskalaw_il_kwistjoni.wav
4686,mt,CommonPhrases/mt/n_ossni_kuntent.wav
4687,mt,CommonPhrases/mt/n_ossni_mdejjaq.wav
4688,mt,CommonPhrases/mt/n_ossni_rrabjat.wav
4689,mt,CommonPhrases/mt/n_ossni_mqalleb.wav
4690,mt,CommonPhrases/mt/n_ossni_stressat.wav
4691,mt,CommonPhrases/mt/n_ossni_rilassat.wav
4692,mt,CommonPhrases/mt/n_ossni_kalm.wav
4693,mt,CommonPhrases/mt/n_ossni_nervu.wav
4694,mt,CommonPhrases/mt/in_ossni_e_itat.wav
4695,mt,CommonPhrases/mt/in_ossni_kburi.wav
4696,mt,CommonPhrases/mt/nist_i.wav
4697,mt,CommonPhrases/mt/in_ossni_ati.wav
4698,mt,CommonPhrases/mt/in_ossni_me_lus.wav
4699,mt,CommonPhrases/mt/in_ossni_grat.wav
4700,mt,CommonPhrases/mt/ninsab_grati.wav
4701,mt,CommonPhrases/mt/in_ossni_frustrat.wav
4702,mt,CommonPhrases/mt/in_ossni_di_appuntat.wav
4703,mt,CommonPhrases/mt/ninsab_sorpri.wav
4704,mt,CommonPhrases/mt/ninsab_ixxukkjat.wav
4705,mt,CommonPhrases/mt/ninsab_im_awwad.wav
4706,mt,CommonPhrases/mt/in_ossni_in_ert.wav
4707,mt,CommonPhrases/mt/in_ossni_motivat.wav
4708,mt,CommonPhrases/mt/in_ossni_g_ajjien.wav
4709,mt,CommonPhrases/mt/in_ossni_e_awrit.wav
4710,mt,CommonPhrases/mt/in_ossni_ener_izzat.wav
4711,mt,CommonPhrases/mt/ddejjaqni.wav
4712,mt,CommonPhrases/mt/ninsab_interessat.wav
4713,mt,CommonPhrases/mt/kurju_ni.wav
4714,mt,CommonPhrases/mt/ninsab_mimli.wav
4715,mt,CommonPhrases/mt/ninsab_inkwetat.wav
4716,mt,CommonPhrases/mt/ninsab_ansju.wav
4717,mt,CommonPhrases/mt/nib_a.wav
4718,mt,CommonPhrases/mt/in_ossni_sigur.wav
4719,mt,CommonPhrases/mt/in_ossni_komdu.wav
4720,mt,CommonPhrases/mt/in_ossni_skomdu.wav
4721,mt,CommonPhrases/mt/ninsab_sodisfatt.wav
4722,mt,CommonPhrases/mt/m_iniex_sodisfatt.wav
4723,mt,CommonPhrases/mt/in_ossni_meg_lub.wav
4724,mt,CommonPhrases/mt/in_ossni_bilan_jat.wav
4725,mt,CommonPhrases/mt/in_ossni_appo_jat.wav
4726,mt,CommonPhrases/mt/nirrea_ixxi_malajr.wav
4727,mt,CommonPhrases/mt/nesa_era_fir_reazzjoni.wav
4728,mt,CommonPhrases/mt/ibqa_kalm.wav
4729,mt,CommonPhrases/mt/nitlef_il_pa_enzja.wav
4730,mt,CommonPhrases/mt/in_omm_il_kalma.wav
4731,mt,CommonPhrases/mt/nie_uha_personalment.wav
4732,mt,CommonPhrases/mt/ninjoraha.wav
4733,mt,CommonPhrases/mt/ng_olli_spallejja.wav
4734,mt,CommonPhrases/mt/jekk_jog_bok_g_inni.wav
4735,mt,CommonPhrases/mt/grazzi.wav
4736,mt,CommonPhrases/mt/grazzi_afna.wav
4737,mt,CommonPhrases/mt/apprezzat_afna.wav
4738,mt,CommonPhrases/mt/napprezza.wav
4739,mt,CommonPhrases/mt/sku_ani.wav
4740,mt,CommonPhrases/mt/sku_ani_ta_dan.wav
4741,mt,CommonPhrases/mt/sku_ani.wav
4742,mt,CommonPhrases/mt/sku_ani.wav
4743,mt,CommonPhrases/mt/l_ebda_problema.wav
4744,mt,CommonPhrases/mt/m_hemmx_g_alfejn_tinkwieta.wav
4745,mt,CommonPhrases/mt/m_hemmx_g_alfejn.wav
4746,mt,CommonPhrases/mt/kulmeta_trid.wav
4747,mt,CommonPhrases/mt/jekk_ma_tiddejjaqx.wav
4748,mt,CommonPhrases/mt/tista_jekk_jog_bok.wav
4749,mt,CommonPhrases/mt/nista_jien.wav
4750,mt,CommonPhrases/mt/jekk_possibbli.wav
4751,mt,CommonPhrases/mt/napprezza.wav
4752,mt,CommonPhrases/mt/mument_biss.wav
4753,mt,CommonPhrases/mt/sekonda_jekk_jog_bok.wav
4754,mt,CommonPhrases/mt/wara_tieg_ek.wav
4755,mt,CommonPhrases/mt/ossok_liberu.wav
4756,mt,CommonPhrases/mt/tinkwetax.wav
4757,mt,CommonPhrases/mt/tajjeb_hekk.wav
4758,mt,CommonPhrases/mt/jekk_tajjeb_hekk.wav
4759,mt,CommonPhrases/mt/nifhem.wav
4760,mt,CommonPhrases/mt/nirrispetta_dan.wav
4761,mt,CommonPhrases/mt/bla_offi_a.wav
4762,mt,CommonPhrases/mt/bir_rispett_kollu.wav
4763,mt,CommonPhrases/mt/jekk_jog_bok_innota.wav
4764,mt,CommonPhrases/mt/biex_nikkonferma.wav
4765,mt,CommonPhrases/mt/jekk_jog_bok_g_arrafni.wav
4766,mt,CommonPhrases/mt/omm_s_i.wav
4767,mt,CommonPhrases/mt/g_andek_dan.wav
4768,mt,CommonPhrases/mt/tiqtax_qalbek.wav
4769,mt,CommonPhrases/mt/ibqa_b_sa_tek.wav
4770,mt,CommonPhrases/mt/uha_bil_mod.wav
4771,mt,CommonPhrases/mt/ag_mel_l_almu_tieg_ek.wav
4772,mt,CommonPhrases/mt/pass_pass.wav
4773,mt,CommonPhrases/mt/ibqg_a_pprova.wav
4774,mt,CommonPhrases/mt/kompli_sejjer_hekk.wav
4775,mt,CommonPhrases/mt/bravo.wav
4776,mt,CommonPhrases/mt/xog_ol_tajjeb.wav
4777,mt,CommonPhrases/mt/xog_ol_sabi.wav
4778,mt,CommonPhrases/mt/kburi.wav
4779,mt,CommonPhrases/mt/emmen.wav
4780,mt,CommonPhrases/mt/afda.wav
4781,mt,CommonPhrases/mt/ibqa_po_ittiv.wav
4782,mt,CommonPhrases/mt/ibqa_ffukat.wav
4783,mt,CommonPhrases/mt/se_jkun_kollox_sew.wav
4784,mt,CommonPhrases/mt/jien_hawn.wav
4785,mt,CommonPhrases/mt/qieg_ed.wav
4786,mt,CommonPhrases/mt/jien_nappo_jak.wav
4787,mt,CommonPhrases/mt/m_intix_wa_dek.wav
4788,mt,CommonPhrases/mt/l_affarijiet_se_jitjiebu.wav
4789,mt,CommonPhrases/mt/ag_tiha.wav
4790,mt,CommonPhrases/mt/se_tasal.wav
4791,mt,CommonPhrases/mt/ibqa_miexi.wav
4792,mt,CommonPhrases/mt/allas.wav
4793,mt,CommonPhrases/mt/allas_lura.wav
4794,mt,CommonPhrases/mt/g_andi.wav
4795,mt,CommonPhrases/mt/iffranka_l_flus.wav
4796,mt,CommonPhrases/mt/nefaq.wav
4797,mt,CommonPhrases/mt/ela_l_flus.wav
4798,mt,CommonPhrases/mt/aqla_l_flus.wav
4799,mt,CommonPhrases/mt/jaqlag.wav
4800,mt,CommonPhrases/mt/tilef.wav
4801,mt,CommonPhrases/mt/ibbagettja_g_al.wav
4802,mt,CommonPhrases/mt/naqqas_l_ispejje.wav
4803,mt,CommonPhrases/mt/naqqas_in_nefqa.wav
4804,mt,CommonPhrases/mt/nifla.wav
4805,mt,CommonPhrases/mt/ma_nifla_x.wav
4806,mt,CommonPhrases/mt/jiswa.wav
4807,mt,CommonPhrases/mt/valur_tajjeb.wav
4808,mt,CommonPhrases/mt/g_oli_ejjed.wav
4809,mt,CommonPhrases/mt/g_a_la_r_isa.wav
4810,mt,CommonPhrases/mt/o_ett_g_ali.wav
4811,mt,CommonPhrases/mt/naqsmu_l_kont.wav
4812,mt,CommonPhrases/mt/allas_il_kont.wav
4813,mt,CommonPhrases/mt/g_atti_l_ispi_a.wav
4814,mt,CommonPhrases/mt/i_ar_ja_tariffa.wav
4815,mt,CommonPhrases/mt/ir_ievi_rifu_joni.wav
4816,mt,CommonPhrases/mt/irritorna_o_ett.wav
4817,mt,CommonPhrases/mt/ibdelha.wav
4818,mt,CommonPhrases/mt/flus_lura.wav
4819,mt,CommonPhrases/mt/firxa_ta_prezzijiet.wav
4820,mt,CommonPhrases/mt/spi_a_totali.wav
4821,mt,CommonPhrases/mt/tariffi_mo_bija.wav
4822,mt,CommonPhrases/mt/las_ta_kull_xahar.wav
4823,mt,CommonPhrases/mt/data_tal_las.wav
4824,mt,CommonPhrases/mt/tariffa_tal_las_tard.wav
4825,mt,CommonPhrases/mt/rata_tal_img_ax.wav
4826,mt,CommonPhrases/mt/punte_tal_kreditu.wav
4827,mt,CommonPhrases/mt/stress_finanzjarju.wav
4828,mt,CommonPhrases/mt/la_aq.wav
4829,mt,CommonPhrases/mt/g_ix.wav
4830,mt,CommonPhrases/mt/ikkumpensa.wav
4831,mt,CommonPhrases/mt/mar_ni_ta_profitt.wav
4832,mt,CommonPhrases/mt/nie_u_l_kolazzjon.wav
4833,mt,CommonPhrases/mt/naqbe_l_ikel_ta_nofsinhar.wav
4834,mt,CommonPhrases/mt/nikol_xi_a_a_g_ira.wav
4835,mt,CommonPhrases/mt/nieklu_barra.wav
4836,mt,CommonPhrases/mt/nieklu_d_dar.wav
4837,mt,CommonPhrases/mt/nordna_l_ikel.wav
4838,mt,CommonPhrases/mt/nag_mel_ordni.wav
4839,mt,CommonPhrases/mt/take_away.wav
4840,mt,CommonPhrases/mt/take_away.wav
4841,mt,CommonPhrases/mt/servizz_ta_kunsinna.wav
4842,mt,CommonPhrases/mt/nsajjar_id_dar.wav
4843,mt,CommonPhrases/mt/nag_mel_il_pranzu.wav
4844,mt,CommonPhrases/mt/nittie_em_dixx.wav
4845,mt,CommonPhrases/mt/tog_obni.wav
4846,mt,CommonPhrases/mt/ma_tog_obnix.wav
4847,mt,CommonPhrases/mt/pikkanti_wisq.wav
4848,mt,CommonPhrases/mt/mel_in_wisq.wav
4849,mt,CommonPhrases/mt/e_att.wav
4850,mt,CommonPhrases/mt/inxebba.wav
4851,mt,CommonPhrases/mt/g_adni_bil_u.wav
4852,mt,CommonPhrases/mt/g_andi_b_onn_il_mer_a.wav
4853,mt,CommonPhrases/mt/immur_nixtri.wav
4854,mt,CommonPhrases/mt/nixtri_l_ikel.wav
4855,mt,CommonPhrases/mt/na_en.wav
4856,mt,CommonPhrases/mt/spi_ali.wav
4857,mt,CommonPhrases/mt/g_andi_b_onn_l_ilma.wav
4858,mt,CommonPhrases/mt/nie_u_xarba.wav
4859,mt,CommonPhrases/mt/g_atx.wav
4860,mt,CommonPhrases/mt/u.wav
4861,mt,CommonPhrases/mt/naqta_x_xewqa.wav
4862,mt,CommonPhrases/mt/ixg_el.wav
4863,mt,CommonPhrases/mt/itfi.wav
4864,mt,CommonPhrases/mt/id_ol.wav
4865,mt,CommonPhrases/mt/o_ro.wav
4866,mt,CommonPhrases/mt/irre_istra.wav
4867,mt,CommonPhrases/mt/id_ol.wav
4868,mt,CommonPhrases/mt/irrisettja_l_password.wav
4869,mt,CommonPhrases/mt/a_orna_s_softwer.wav
4870,mt,CommonPhrases/mt/ni_el_app.wav
4871,mt,CommonPhrases/mt/installa_a_ornament.wav
4872,mt,CommonPhrases/mt/assar_fajl.wav
4873,mt,CommonPhrases/mt/salva_l_bidliet.wav
4874,mt,CommonPhrases/mt/ag_mel_backup.wav
4875,mt,CommonPhrases/mt/issinkronizza_d_data.wav
4876,mt,CommonPhrases/mt/nitlef_il_konnessjoni.wav
4877,mt,CommonPhrases/mt/sinjal_dg_ajjef.wav
4878,mt,CommonPhrases/mt/sinjal_qawwi.wav
4879,mt,CommonPhrases/mt/jitg_abba_bil_mod.wav
4880,mt,CommonPhrases/mt/ji_arraf_f_daqqa.wav
4881,mt,CommonPhrases/mt/jiffri_a.wav
4882,mt,CommonPhrases/mt/er_a_ibda_s_sistema.wav
4883,mt,CommonPhrases/mt/er_a_ibda_l_apparat.wav
4884,mt,CommonPhrases/mt/i_ekkja_s_settings.wav
4885,mt,CommonPhrases/mt/ibdel_is_settings.wav
4886,mt,CommonPhrases/mt/a_usta_l_volum.wav
4887,mt,CommonPhrases/mt/sikket_il_oss.wav
4888,mt,CommonPhrases/mt/ne_i_s_silenzju.wav
4889,mt,CommonPhrases/mt/ibg_at_messa.wav
4890,mt,CommonPhrases/mt/wie_eb.wav
4891,mt,CommonPhrases/mt/ir_ievi_notifika.wav
4892,mt,CommonPhrases/mt/itlef_telefonata.wav
4893,mt,CommonPhrases/mt/alli_voicemail.wav
4894,mt,CommonPhrases/mt/ing_aqad_online.wav
4895,mt,CommonPhrases/mt/aqsam_l_iskrin.wav
4896,mt,CommonPhrases/mt/l_iskrin_iffri_a.wav
4897,mt,CommonPhrases/mt/problema_teknika.wav
4898,mt,CommonPhrases/mt/solvi_problema_teknika.wav
4899,mt,CommonPhrases/mt/irran_a_bug.wav
4900,mt,CommonPhrases/mt/irrapporta_bug.wav
4901,mt,CommonPhrases/mt/ibbukkja_biljett.wav
4902,mt,CommonPhrases/mt/ikkan_ella_booking.wav
4903,mt,CommonPhrases/mt/imbarka_fuq_titjira.wav
4904,mt,CommonPhrases/mt/itlef_titjira.wav
4905,mt,CommonPhrases/mt/aqbad_ferrovija.wav
4906,mt,CommonPhrases/mt/aqbad_karozza_tal_linja.wav
4907,mt,CommonPhrases/mt/aqbad_taxi.wav
4908,mt,CommonPhrases/mt/empel_taxi.wav
4909,mt,CommonPhrases/mt/ikri_karozza.wav
4910,mt,CommonPhrases/mt/irritorna_karozza.wav
4911,mt,CommonPhrases/mt/staqsi_g_ad_direzzjonijiet.wav
4912,mt,CommonPhrases/mt/intilef.wav
4913,mt,CommonPhrases/mt/sib_it_triq.wav
4914,mt,CommonPhrases/mt/post_fil_qrib.wav
4915,mt,CommonPhrases/mt/imbieg_ed.wav
4916,mt,CommonPhrases/mt/trasport_pubbliku.wav
4917,mt,CommonPhrases/mt/in_tal_g_a_la.wav
4918,mt,CommonPhrases/mt/barra_l_in_tal_aqwa.wav
4919,mt,CommonPhrases/mt/post_iffullat.wav
4920,mt,CommonPhrases/mt/ona_kwieta.wav
4921,mt,CommonPhrases/mt/post_turistiku.wav
4922,mt,CommonPhrases/mt/ona_lokali.wav
4923,mt,CommonPhrases/mt/iqatta_l_lejl.wav
4924,mt,CommonPhrases/mt/kamra_tal_lukanda.wav
4925,mt,CommonPhrases/mt/ag_mel_riserva.wav
4926,mt,CommonPhrases/mt/ikkan_ella_riserva.wav
4927,mt,CommonPhrases/mt/ru_ta_emer_enza.wav
4928,mt,CommonPhrases/mt/empel_l_emer_enza.wav
4929,mt,CommonPhrases/mt/itlob_l_g_ajnuna.wav
4930,mt,CommonPhrases/mt/l_g_assa_tal_pulizija.wav
4931,mt,CommonPhrases/mt/sptar_fil_qrib.wav
4932,mt,CommonPhrases/mt/uffi_ju_tal_affarijiet_mitlufa.wav
4933,mt,CommonPhrases/mt/regoli_tas_sigurt.wav
4934,mt,CommonPhrases/mt/segwi_s_sinjali.wav
4935,mt,CommonPhrases/mt/oqg_od_fil_kju.wav
4936,mt,CommonPhrases/mt/stenna_d_dawra_tieg_ek.wav
4937,mt,CommonPhrases/mt/toilet_pubbliku.wav
4938,mt,CommonPhrases/mt/tg_allem_xi_a_a_dida.wav
4939,mt,CommonPhrases/mt/aqbadha.wav
4940,mt,CommonPhrases/mt/ipprattika_kuljum.wav
4941,mt,CommonPhrases/mt/ittejjeb_il_iliet.wav
4942,mt,CommonPhrases/mt/a_dem_fuqek_innifsek.wav
4943,mt,CommonPhrases/mt/iffissa_miri.wav
4944,mt,CommonPhrases/mt/il_aq_il_miri.wav
4945,mt,CommonPhrases/mt/ag_mel_progress.wav
4946,mt,CommonPhrases/mt/progress_bil_mod.wav
4947,mt,CommonPhrases/mt/progress_stabbli.wav
4948,mt,CommonPhrases/mt/irrevedi_n_noti.wav
4949,mt,CommonPhrases/mt/u_noti.wav
4950,mt,CommonPhrases/mt/staqsi_mistoqsijiet.wav
4951,mt,CommonPhrases/mt/fittex_rispons.wav
4952,mt,CommonPhrases/mt/a_etta_r_rispons.wav
4953,mt,CommonPhrases/mt/applika_r_rispons.wav
4954,mt,CommonPhrases/mt/ag_mel_balji.wav
4955,mt,CommonPhrases/mt/tg_allem_mill_i_balji.wav
4956,mt,CommonPhrases/mt/ibqa_titg_allem.wav
4957,mt,CommonPhrases/mt/ibqa_kurju.wav
4958,mt,CommonPhrases/mt/ibqa_motivat.wav
4959,mt,CommonPhrases/mt/ibni_drawwiet.wav
4960,mt,CommonPhrases/mt/kisser_drawwiet.wav
4961,mt,CommonPhrases/mt/viluppa_iliet.wav
4962,mt,CommonPhrases/mt/ikseb_kunfidenza.wav
4963,mt,CommonPhrases/mt/g_eleb_il_bi_a.wav
4964,mt,CommonPhrases/mt/o_ro_mi_ona_tal_kumdit.wav
4965,mt,CommonPhrases/mt/tkabbir_personali.wav