vocabulary_id,language_code,file_path
5689,en,EssentialWords/en/i.mp3
5689,ar,EssentialWords/ar/i.mp3
5689,bg,EssentialWords/bg/i.mp3
5689,bn,EssentialWords/bn/i.mp3
5689,ca,EssentialWords/ca/i.mp3
5689,cs,EssentialWords/cs/i.mp3
5689,da,EssentialWords/da/i.mp3
5689,de,EssentialWords/de/i.mp3
5689,el,EssentialWords/el/i.mp3
5689,es,EssentialWords/es/i.mp3
5689,et,EssentialWords/et/i.mp3
5689,eu,EssentialWords/eu/i.mp3
5689,fi,EssentialWords/fi/i.mp3
5689,fr,EssentialWords/fr/i.mp3
5689,he,EssentialWords/he/i.mp3
5689,hi,EssentialWords/hi/i.mp3
5689,hr,EssentialWords/hr/i.mp3
5689,hu,EssentialWords/hu/i.mp3
5689,it,EssentialWords/it/i.mp3
5689,ja,EssentialWords/ja/i.mp3
5689,ko,EssentialWords/ko/i.mp3
5689,lt,EssentialWords/lt/i.mp3
5689,lv,EssentialWords/lv/i.mp3
5689,nl,EssentialWords/nl/i.mp3
5689,no,EssentialWords/no/i.mp3
5689,pl,EssentialWords/pl/i.mp3
5689,pt,EssentialWords/pt/i.mp3
5689,ro,EssentialWords/ro/i.mp3
5689,ru,EssentialWords/ru/i.mp3
5689,sk,EssentialWords/sk/i.mp3
5689,sl,EssentialWords/sl/i.mp3
5689,sv,EssentialWords/sv/i.mp3
5689,ta,EssentialWords/ta/i.mp3
5689,te,EssentialWords/te/i.mp3
5689,th,EssentialWords/th/i.mp3
5689,tr,EssentialWords/tr/i.mp3
5689,uk,EssentialWords/uk/i.mp3
5689,ur,EssentialWords/ur/i.mp3
5689,vi,EssentialWords/vi/i.mp3
5689,zh,EssentialWords/zh/i.mp3
5690,en,EssentialWords/en/you.mp3
5690,ar,EssentialWords/ar/you.mp3
5690,bg,EssentialWords/bg/you.mp3
5690,bn,EssentialWords/bn/you.mp3
5690,ca,EssentialWords/ca/you.mp3
5690,cs,EssentialWords/cs/you.mp3
5690,da,EssentialWords/da/you.mp3
5690,de,EssentialWords/de/you.mp3
5690,el,EssentialWords/el/you.mp3
5690,es,EssentialWords/es/you.mp3
5690,et,EssentialWords/et/you.mp3
5690,eu,EssentialWords/eu/you.mp3
5690,fi,EssentialWords/fi/you.mp3
5690,fr,EssentialWords/fr/you.mp3
5690,he,EssentialWords/he/you.mp3
5690,hi,EssentialWords/hi/you.mp3
5690,hr,EssentialWords/hr/you.mp3
5690,hu,EssentialWords/hu/you.mp3
5690,it,EssentialWords/it/you.mp3
5690,ja,EssentialWords/ja/you.mp3
5690,ko,EssentialWords/ko/you.mp3
5690,lt,EssentialWords/lt/you.mp3
5690,lv,EssentialWords/lv/you.mp3
5690,nl,EssentialWords/nl/you.mp3
5690,no,EssentialWords/no/you.mp3
5690,pl,EssentialWords/pl/you.mp3
5690,pt,EssentialWords/pt/you.mp3
5690,ro,EssentialWords/ro/you.mp3
5690,ru,EssentialWords/ru/you.mp3
5690,sk,EssentialWords/sk/you.mp3
5690,sl,EssentialWords/sl/you.mp3
5690,sv,EssentialWords/sv/you.mp3
5690,ta,EssentialWords/ta/you.mp3
5690,te,EssentialWords/te/you.mp3
5690,th,EssentialWords/th/you.mp3
5690,tr,EssentialWords/tr/you.mp3
5690,uk,EssentialWords/uk/you.mp3
5690,ur,EssentialWords/ur/you.mp3
5690,vi,EssentialWords/vi/you.mp3
5690,zh,EssentialWords/zh/you.mp3
5691,en,EssentialWords/en/he.mp3
5691,ar,EssentialWords/ar/he.mp3
5691,bg,EssentialWords/bg/he.mp3
5691,bn,EssentialWords/bn/he.mp3
5691,ca,EssentialWords/ca/he.mp3
5691,cs,EssentialWords/cs/he.mp3
5691,da,EssentialWords/da/he.mp3
5691,de,EssentialWords/de/he.mp3
5691,el,EssentialWords/el/he.mp3
5691,es,EssentialWords/es/he.mp3
5691,et,EssentialWords/et/he.mp3
5691,eu,EssentialWords/eu/he.mp3
5691,fi,EssentialWords/fi/he.mp3
5691,fr,EssentialWords/fr/he.mp3
5691,he,EssentialWords/he/he.mp3
5691,hi,EssentialWords/hi/he.mp3
5691,hr,EssentialWords/hr/he.mp3
5691,hu,EssentialWords/hu/he.mp3
5691,it,EssentialWords/it/he.mp3
5691,ja,EssentialWords/ja/he.mp3
5691,ko,EssentialWords/ko/he.mp3
5691,lt,EssentialWords/lt/he.mp3
5691,lv,EssentialWords/lv/he.mp3
5691,nl,EssentialWords/nl/he.mp3
5691,no,EssentialWords/no/he.mp3
5691,pl,EssentialWords/pl/he.mp3
5691,pt,EssentialWords/pt/he.mp3
5691,ro,EssentialWords/ro/he.mp3
5691,ru,EssentialWords/ru/he.mp3
5691,sk,EssentialWords/sk/he.mp3
5691,sl,EssentialWords/sl/he.mp3
5691,sv,EssentialWords/sv/he.mp3
5691,ta,EssentialWords/ta/he.mp3
5691,te,EssentialWords/te/he.mp3
5691,th,EssentialWords/th/he.mp3
5691,tr,EssentialWords/tr/he.mp3
5691,uk,EssentialWords/uk/he.mp3
5691,ur,EssentialWords/ur/he.mp3
5691,vi,EssentialWords/vi/he.mp3
5691,zh,EssentialWords/zh/he.mp3
5692,en,EssentialWords/en/she.mp3
5692,ar,EssentialWords/ar/she.mp3
5692,bg,EssentialWords/bg/she.mp3
5692,bn,EssentialWords/bn/she.mp3
5692,ca,EssentialWords/ca/she.mp3
5692,cs,EssentialWords/cs/she.mp3
5692,da,EssentialWords/da/she.mp3
5692,de,EssentialWords/de/she.mp3
5692,el,EssentialWords/el/she.mp3
5692,es,EssentialWords/es/she.mp3
5692,et,EssentialWords/et/she.mp3
5692,eu,EssentialWords/eu/she.mp3
5692,fi,EssentialWords/fi/she.mp3
5692,fr,EssentialWords/fr/she.mp3
5692,he,EssentialWords/he/she.mp3
5692,hi,EssentialWords/hi/she.mp3
5692,hr,EssentialWords/hr/she.mp3
5692,hu,EssentialWords/hu/she.mp3
5692,it,EssentialWords/it/she.mp3
5692,ja,EssentialWords/ja/she.mp3
5692,ko,EssentialWords/ko/she.mp3
5692,lt,EssentialWords/lt/she.mp3
5692,lv,EssentialWords/lv/she.mp3
5692,nl,EssentialWords/nl/she.mp3
5692,no,EssentialWords/no/she.mp3
5692,pl,EssentialWords/pl/she.mp3
5692,pt,EssentialWords/pt/she.mp3
5692,ro,EssentialWords/ro/she.mp3
5692,ru,EssentialWords/ru/she.mp3
5692,sk,EssentialWords/sk/she.mp3
5692,sl,EssentialWords/sl/she.mp3
5692,sv,EssentialWords/sv/she.mp3
5692,ta,EssentialWords/ta/she.mp3
5692,te,EssentialWords/te/she.mp3
5692,th,EssentialWords/th/she.mp3
5692,tr,EssentialWords/tr/she.mp3
5692,uk,EssentialWords/uk/she.mp3
5692,ur,EssentialWords/ur/she.mp3
5692,vi,EssentialWords/vi/she.mp3
5692,zh,EssentialWords/zh/she.mp3
5693,en,EssentialWords/en/it.mp3
5693,ar,EssentialWords/ar/it.mp3
5693,bg,EssentialWords/bg/it.mp3
5693,bn,EssentialWords/bn/it.mp3
5693,ca,EssentialWords/ca/it.mp3
5693,cs,EssentialWords/cs/it.mp3
5693,da,EssentialWords/da/it.mp3
5693,de,EssentialWords/de/it.mp3
5693,el,EssentialWords/el/it.mp3
5693,es,EssentialWords/es/it.mp3
5693,et,EssentialWords/et/it.mp3
5693,eu,EssentialWords/eu/it.mp3
5693,fi,EssentialWords/fi/it.mp3
5693,fr,EssentialWords/fr/it.mp3
5693,he,EssentialWords/he/it.mp3
5693,hi,EssentialWords/hi/it.mp3
5693,hr,EssentialWords/hr/it.mp3
5693,hu,EssentialWords/hu/it.mp3
5693,it,EssentialWords/it/it.mp3
5693,ja,EssentialWords/ja/it.mp3
5693,ko,EssentialWords/ko/it.mp3
5693,lt,EssentialWords/lt/it.mp3
5693,lv,EssentialWords/lv/it.mp3
5693,nl,EssentialWords/nl/it.mp3
5693,no,EssentialWords/no/it.mp3
5693,pl,EssentialWords/pl/it.mp3
5693,pt,EssentialWords/pt/it.mp3
5693,ro,EssentialWords/ro/it.mp3
5693,ru,EssentialWords/ru/it.mp3
5693,sk,EssentialWords/sk/it.mp3
5693,sl,EssentialWords/sl/it.mp3
5693,sv,EssentialWords/sv/it.mp3
5693,ta,EssentialWords/ta/it.mp3
5693,te,EssentialWords/te/it.mp3
5693,th,EssentialWords/th/it.mp3
5693,tr,EssentialWords/tr/it.mp3
5693,uk,EssentialWords/uk/it.mp3
5693,ur,EssentialWords/ur/it.mp3
5693,vi,EssentialWords/vi/it.mp3
5693,zh,EssentialWords/zh/it.mp3
5694,en,EssentialWords/en/we.mp3
5694,ar,EssentialWords/ar/we.mp3
5694,bg,EssentialWords/bg/we.mp3
5694,bn,EssentialWords/bn/we.mp3
5694,ca,EssentialWords/ca/we.mp3
5694,cs,EssentialWords/cs/we.mp3
5694,da,EssentialWords/da/we.mp3
5694,de,EssentialWords/de/we.mp3
5694,el,EssentialWords/el/we.mp3
5694,es,EssentialWords/es/we.mp3
5694,et,EssentialWords/et/we.mp3
5694,eu,EssentialWords/eu/we.mp3
5694,fi,EssentialWords/fi/we.mp3
5694,fr,EssentialWords/fr/we.mp3
5694,he,EssentialWords/he/we.mp3
5694,hi,EssentialWords/hi/we.mp3
5694,hr,EssentialWords/hr/we.mp3
5694,hu,EssentialWords/hu/we.mp3
5694,it,EssentialWords/it/we.mp3
5694,ja,EssentialWords/ja/we.mp3
5694,ko,EssentialWords/ko/we.mp3
5694,lt,EssentialWords/lt/we.mp3
5694,lv,EssentialWords/lv/we.mp3
5694,nl,EssentialWords/nl/we.mp3
5694,no,EssentialWords/no/we.mp3
5694,pl,EssentialWords/pl/we.mp3
5694,pt,EssentialWords/pt/we.mp3
5694,ro,EssentialWords/ro/we.mp3
5694,ru,EssentialWords/ru/we.mp3
5694,sk,EssentialWords/sk/we.mp3
5694,sl,EssentialWords/sl/we.mp3
5694,sv,EssentialWords/sv/we.mp3
5694,ta,EssentialWords/ta/we.mp3
5694,te,EssentialWords/te/we.mp3
5694,th,EssentialWords/th/we.mp3
5694,tr,EssentialWords/tr/we.mp3
5694,uk,EssentialWords/uk/we.mp3
5694,ur,EssentialWords/ur/we.mp3
5694,vi,EssentialWords/vi/we.mp3
5694,zh,EssentialWords/zh/we.mp3
5695,en,EssentialWords/en/they.mp3
5695,ar,EssentialWords/ar/they.mp3
5695,bg,EssentialWords/bg/they.mp3
5695,bn,EssentialWords/bn/they.mp3
5695,ca,EssentialWords/ca/they.mp3
5695,cs,EssentialWords/cs/they.mp3
5695,da,EssentialWords/da/they.mp3
5695,de,EssentialWords/de/they.mp3
5695,el,EssentialWords/el/they.mp3
5695,es,EssentialWords/es/they.mp3
5695,et,EssentialWords/et/they.mp3
5695,eu,EssentialWords/eu/they.mp3
5695,fi,EssentialWords/fi/they.mp3
5695,fr,EssentialWords/fr/they.mp3
5695,he,EssentialWords/he/they.mp3
5695,hi,EssentialWords/hi/they.mp3
5695,hr,EssentialWords/hr/they.mp3
5695,hu,EssentialWords/hu/they.mp3
5695,it,EssentialWords/it/they.mp3
5695,ja,EssentialWords/ja/they.mp3
5695,ko,EssentialWords/ko/they.mp3
5695,lt,EssentialWords/lt/they.mp3
5695,lv,EssentialWords/lv/they.mp3
5695,nl,EssentialWords/nl/they.mp3
5695,no,EssentialWords/no/they.mp3
5695,pl,EssentialWords/pl/they.mp3
5695,pt,EssentialWords/pt/they.mp3
5695,ro,EssentialWords/ro/they.mp3
5695,ru,EssentialWords/ru/they.mp3
5695,sk,EssentialWords/sk/they.mp3
5695,sl,EssentialWords/sl/they.mp3
5695,sv,EssentialWords/sv/they.mp3
5695,ta,EssentialWords/ta/they.mp3
5695,te,EssentialWords/te/they.mp3
5695,th,EssentialWords/th/they.mp3
5695,tr,EssentialWords/tr/they.mp3
5695,uk,EssentialWords/uk/they.mp3
5695,ur,EssentialWords/ur/they.mp3
5695,vi,EssentialWords/vi/they.mp3
5695,zh,EssentialWords/zh/they.mp3
5696,en,EssentialWords/en/me.mp3
5696,ar,EssentialWords/ar/me.mp3
5696,bg,EssentialWords/bg/me.mp3
5696,bn,EssentialWords/bn/me.mp3
5696,ca,EssentialWords/ca/me.mp3
5696,cs,EssentialWords/cs/me.mp3
5696,da,EssentialWords/da/me.mp3
5696,de,EssentialWords/de/me.mp3
5696,el,EssentialWords/el/me.mp3
5696,es,EssentialWords/es/me.mp3
5696,et,EssentialWords/et/me.mp3
5696,eu,EssentialWords/eu/me.mp3
5696,fi,EssentialWords/fi/me.mp3
5696,fr,EssentialWords/fr/me.mp3
5696,he,EssentialWords/he/me.mp3
5696,hi,EssentialWords/hi/me.mp3
5696,hr,EssentialWords/hr/me.mp3
5696,hu,EssentialWords/hu/me.mp3
5696,it,EssentialWords/it/me.mp3
5696,ja,EssentialWords/ja/me.mp3
5696,ko,EssentialWords/ko/me.mp3
5696,lt,EssentialWords/lt/me.mp3
5696,lv,EssentialWords/lv/me.mp3
5696,nl,EssentialWords/nl/me.mp3
5696,no,EssentialWords/no/me.mp3
5696,pl,EssentialWords/pl/me.mp3
5696,pt,EssentialWords/pt/me.mp3
5696,ro,EssentialWords/ro/me.mp3
5696,ru,EssentialWords/ru/me.mp3
5696,sk,EssentialWords/sk/me.mp3
5696,sl,EssentialWords/sl/me.mp3
5696,sv,EssentialWords/sv/me.mp3
5696,ta,EssentialWords/ta/me.mp3
5696,te,EssentialWords/te/me.mp3
5696,th,EssentialWords/th/me.mp3
5696,tr,EssentialWords/tr/me.mp3
5696,uk,EssentialWords/uk/me.mp3
5696,ur,EssentialWords/ur/me.mp3
5696,vi,EssentialWords/vi/me.mp3
5696,zh,EssentialWords/zh/me.mp3
5697,en,EssentialWords/en/you.mp3
5697,ar,EssentialWords/ar/you.mp3
5697,bg,EssentialWords/bg/you.mp3
5697,bn,EssentialWords/bn/you.mp3
5697,ca,EssentialWords/ca/you.mp3
5697,cs,EssentialWords/cs/you.mp3
5697,da,EssentialWords/da/you.mp3
5697,de,EssentialWords/de/you.mp3
5697,el,EssentialWords/el/you.mp3
5697,es,EssentialWords/es/you.mp3
5697,et,EssentialWords/et/you.mp3
5697,eu,EssentialWords/eu/you.mp3
5697,fi,EssentialWords/fi/you.mp3
5697,fr,EssentialWords/fr/you.mp3
5697,he,EssentialWords/he/you.mp3
5697,hi,EssentialWords/hi/you.mp3
5697,hr,EssentialWords/hr/you.mp3
5697,hu,EssentialWords/hu/you.mp3
5697,it,EssentialWords/it/you.mp3
5697,ja,EssentialWords/ja/you.mp3
5697,ko,EssentialWords/ko/you.mp3
5697,lt,EssentialWords/lt/you.mp3
5697,lv,EssentialWords/lv/you.mp3
5697,nl,EssentialWords/nl/you.mp3
5697,no,EssentialWords/no/you.mp3
5697,pl,EssentialWords/pl/you.mp3
5697,pt,EssentialWords/pt/you.mp3
5697,ro,EssentialWords/ro/you.mp3
5697,ru,EssentialWords/ru/you.mp3
5697,sk,EssentialWords/sk/you.mp3
5697,sl,EssentialWords/sl/you.mp3
5697,sv,EssentialWords/sv/you.mp3
5697,ta,EssentialWords/ta/you.mp3
5697,te,EssentialWords/te/you.mp3
5697,th,EssentialWords/th/you.mp3
5697,tr,EssentialWords/tr/you.mp3
5697,uk,EssentialWords/uk/you.mp3
5697,ur,EssentialWords/ur/you.mp3
5697,vi,EssentialWords/vi/you.mp3
5697,zh,EssentialWords/zh/you.mp3
5698,en,EssentialWords/en/him.mp3
5698,ar,EssentialWords/ar/him.mp3
5698,bg,EssentialWords/bg/him.mp3
5698,bn,EssentialWords/bn/him.mp3
5698,ca,EssentialWords/ca/him.mp3
5698,cs,EssentialWords/cs/him.mp3
5698,da,EssentialWords/da/him.mp3
5698,de,EssentialWords/de/him.mp3
5698,el,EssentialWords/el/him.mp3
5698,es,EssentialWords/es/him.mp3
5698,et,EssentialWords/et/him.mp3
5698,eu,EssentialWords/eu/him.mp3
5698,fi,EssentialWords/fi/him.mp3
5698,fr,EssentialWords/fr/him.mp3
5698,he,EssentialWords/he/him.mp3
5698,hi,EssentialWords/hi/him.mp3
5698,hr,EssentialWords/hr/him.mp3
5698,hu,EssentialWords/hu/him.mp3
5698,it,EssentialWords/it/him.mp3
5698,ja,EssentialWords/ja/him.mp3
5698,ko,EssentialWords/ko/him.mp3
5698,lt,EssentialWords/lt/him.mp3
5698,lv,EssentialWords/lv/him.mp3
5698,nl,EssentialWords/nl/him.mp3
5698,no,EssentialWords/no/him.mp3
5698,pl,EssentialWords/pl/him.mp3
5698,pt,EssentialWords/pt/him.mp3
5698,ro,EssentialWords/ro/him.mp3
5698,ru,EssentialWords/ru/him.mp3
5698,sk,EssentialWords/sk/him.mp3
5698,sl,EssentialWords/sl/him.mp3
5698,sv,EssentialWords/sv/him.mp3
5698,ta,EssentialWords/ta/him.mp3
5698,te,EssentialWords/te/him.mp3
5698,th,EssentialWords/th/him.mp3
5698,tr,EssentialWords/tr/him.mp3
5698,uk,EssentialWords/uk/him.mp3
5698,ur,EssentialWords/ur/him.mp3
5698,vi,EssentialWords/vi/him.mp3
5698,zh,EssentialWords/zh/him.mp3
5699,en,EssentialWords/en/her.mp3
5699,ar,EssentialWords/ar/her.mp3
5699,bg,EssentialWords/bg/her.mp3
5699,bn,EssentialWords/bn/her.mp3
5699,ca,EssentialWords/ca/her.mp3
5699,cs,EssentialWords/cs/her.mp3
5699,da,EssentialWords/da/her.mp3
5699,de,EssentialWords/de/her.mp3
5699,el,EssentialWords/el/her.mp3
5699,es,EssentialWords/es/her.mp3
5699,et,EssentialWords/et/her.mp3
5699,eu,EssentialWords/eu/her.mp3
5699,fi,EssentialWords/fi/her.mp3
5699,fr,EssentialWords/fr/her.mp3
5699,he,EssentialWords/he/her.mp3
5699,hi,EssentialWords/hi/her.mp3
5699,hr,EssentialWords/hr/her.mp3
5699,hu,EssentialWords/hu/her.mp3
5699,it,EssentialWords/it/her.mp3
5699,ja,EssentialWords/ja/her.mp3
5699,ko,EssentialWords/ko/her.mp3
5699,lt,EssentialWords/lt/her.mp3
5699,lv,EssentialWords/lv/her.mp3
5699,nl,EssentialWords/nl/her.mp3
5699,no,EssentialWords/no/her.mp3
5699,pl,EssentialWords/pl/her.mp3
5699,pt,EssentialWords/pt/her.mp3
5699,ro,EssentialWords/ro/her.mp3
5699,ru,EssentialWords/ru/her.mp3
5699,sk,EssentialWords/sk/her.mp3
5699,sl,EssentialWords/sl/her.mp3
5699,sv,EssentialWords/sv/her.mp3
5699,ta,EssentialWords/ta/her.mp3
5699,te,EssentialWords/te/her.mp3
5699,th,EssentialWords/th/her.mp3
5699,tr,EssentialWords/tr/her.mp3
5699,uk,EssentialWords/uk/her.mp3
5699,ur,EssentialWords/ur/her.mp3
5699,vi,EssentialWords/vi/her.mp3
5699,zh,EssentialWords/zh/her.mp3
5700,en,EssentialWords/en/it.mp3
5700,ar,EssentialWords/ar/it.mp3
5700,bg,EssentialWords/bg/it.mp3
5700,bn,EssentialWords/bn/it.mp3
5700,ca,EssentialWords/ca/it.mp3
5700,cs,EssentialWords/cs/it.mp3
5700,da,EssentialWords/da/it.mp3
5700,de,EssentialWords/de/it.mp3
5700,el,EssentialWords/el/it.mp3
5700,es,EssentialWords/es/it.mp3
5700,et,EssentialWords/et/it.mp3
5700,eu,EssentialWords/eu/it.mp3
5700,fi,EssentialWords/fi/it.mp3
5700,fr,EssentialWords/fr/it.mp3
5700,he,EssentialWords/he/it.mp3
5700,hi,EssentialWords/hi/it.mp3
5700,hr,EssentialWords/hr/it.mp3
5700,hu,EssentialWords/hu/it.mp3
5700,it,EssentialWords/it/it.mp3
5700,ja,EssentialWords/ja/it.mp3
5700,ko,EssentialWords/ko/it.mp3
5700,lt,EssentialWords/lt/it.mp3
5700,lv,EssentialWords/lv/it.mp3
5700,nl,EssentialWords/nl/it.mp3
5700,no,EssentialWords/no/it.mp3
5700,pl,EssentialWords/pl/it.mp3
5700,pt,EssentialWords/pt/it.mp3
5700,ro,EssentialWords/ro/it.mp3
5700,ru,EssentialWords/ru/it.mp3
5700,sk,EssentialWords/sk/it.mp3
5700,sl,EssentialWords/sl/it.mp3
5700,sv,EssentialWords/sv/it.mp3
5700,ta,EssentialWords/ta/it.mp3
5700,te,EssentialWords/te/it.mp3
5700,th,EssentialWords/th/it.mp3
5700,tr,EssentialWords/tr/it.mp3
5700,uk,EssentialWords/uk/it.mp3
5700,ur,EssentialWords/ur/it.mp3
5700,vi,EssentialWords/vi/it.mp3
5700,zh,EssentialWords/zh/it.mp3
5701,en,EssentialWords/en/us.mp3
5701,ar,EssentialWords/ar/us.mp3
5701,bg,EssentialWords/bg/us.mp3
5701,bn,EssentialWords/bn/us.mp3
5701,ca,EssentialWords/ca/us.mp3
5701,cs,EssentialWords/cs/us.mp3
5701,da,EssentialWords/da/us.mp3
5701,de,EssentialWords/de/us.mp3
5701,el,EssentialWords/el/us.mp3
5701,es,EssentialWords/es/us.mp3
5701,et,EssentialWords/et/us.mp3
5701,eu,EssentialWords/eu/us.mp3
5701,fi,EssentialWords/fi/us.mp3
5701,fr,EssentialWords/fr/us.mp3
5701,he,EssentialWords/he/us.mp3
5701,hi,EssentialWords/hi/us.mp3
5701,hr,EssentialWords/hr/us.mp3
5701,hu,EssentialWords/hu/us.mp3
5701,it,EssentialWords/it/us.mp3
5701,ja,EssentialWords/ja/us.mp3
5701,ko,EssentialWords/ko/us.mp3
5701,lt,EssentialWords/lt/us.mp3
5701,lv,EssentialWords/lv/us.mp3
5701,nl,EssentialWords/nl/us.mp3
5701,no,EssentialWords/no/us.mp3
5701,pl,EssentialWords/pl/us.mp3
5701,pt,EssentialWords/pt/us.mp3
5701,ro,EssentialWords/ro/us.mp3
5701,ru,EssentialWords/ru/us.mp3
5701,sk,EssentialWords/sk/us.mp3
5701,sl,EssentialWords/sl/us.mp3
5701,sv,EssentialWords/sv/us.mp3
5701,ta,EssentialWords/ta/us.mp3
5701,te,EssentialWords/te/us.mp3
5701,th,EssentialWords/th/us.mp3
5701,tr,EssentialWords/tr/us.mp3
5701,uk,EssentialWords/uk/us.mp3
5701,ur,EssentialWords/ur/us.mp3
5701,vi,EssentialWords/vi/us.mp3
5701,zh,EssentialWords/zh/us.mp3
5702,en,EssentialWords/en/them.mp3
5702,ar,EssentialWords/ar/them.mp3
5702,bg,EssentialWords/bg/them.mp3
5702,bn,EssentialWords/bn/them.mp3
5702,ca,EssentialWords/ca/them.mp3
5702,cs,EssentialWords/cs/them.mp3
5702,da,EssentialWords/da/them.mp3
5702,de,EssentialWords/de/them.mp3
5702,el,EssentialWords/el/them.mp3
5702,es,EssentialWords/es/them.mp3
5702,et,EssentialWords/et/them.mp3
5702,eu,EssentialWords/eu/them.mp3
5702,fi,EssentialWords/fi/them.mp3
5702,fr,EssentialWords/fr/them.mp3
5702,he,EssentialWords/he/them.mp3
5702,hi,EssentialWords/hi/them.mp3
5702,hr,EssentialWords/hr/them.mp3
5702,hu,EssentialWords/hu/them.mp3
5702,it,EssentialWords/it/them.mp3
5702,ja,EssentialWords/ja/them.mp3
5702,ko,EssentialWords/ko/them.mp3
5702,lt,EssentialWords/lt/them.mp3
5702,lv,EssentialWords/lv/them.mp3
5702,nl,EssentialWords/nl/them.mp3
5702,no,EssentialWords/no/them.mp3
5702,pl,EssentialWords/pl/them.mp3
5702,pt,EssentialWords/pt/them.mp3
5702,ro,EssentialWords/ro/them.mp3
5702,ru,EssentialWords/ru/them.mp3
5702,sk,EssentialWords/sk/them.mp3
5702,sl,EssentialWords/sl/them.mp3
5702,sv,EssentialWords/sv/them.mp3
5702,ta,EssentialWords/ta/them.mp3
5702,te,EssentialWords/te/them.mp3
5702,th,EssentialWords/th/them.mp3
5702,tr,EssentialWords/tr/them.mp3
5702,uk,EssentialWords/uk/them.mp3
5702,ur,EssentialWords/ur/them.mp3
5702,vi,EssentialWords/vi/them.mp3
5702,zh,EssentialWords/zh/them.mp3
5703,en,EssentialWords/en/my.mp3
5703,ar,EssentialWords/ar/my.mp3
5703,bg,EssentialWords/bg/my.mp3
5703,bn,EssentialWords/bn/my.mp3
5703,ca,EssentialWords/ca/my.mp3
5703,cs,EssentialWords/cs/my.mp3
5703,da,EssentialWords/da/my.mp3
5703,de,EssentialWords/de/my.mp3
5703,el,EssentialWords/el/my.mp3
5703,es,EssentialWords/es/my.mp3
5703,et,EssentialWords/et/my.mp3
5703,eu,EssentialWords/eu/my.mp3
5703,fi,EssentialWords/fi/my.mp3
5703,fr,EssentialWords/fr/my.mp3
5703,he,EssentialWords/he/my.mp3
5703,hi,EssentialWords/hi/my.mp3
5703,hr,EssentialWords/hr/my.mp3
5703,hu,EssentialWords/hu/my.mp3
5703,it,EssentialWords/it/my.mp3
5703,ja,EssentialWords/ja/my.mp3
5703,ko,EssentialWords/ko/my.mp3
5703,lt,EssentialWords/lt/my.mp3
5703,lv,EssentialWords/lv/my.mp3
5703,nl,EssentialWords/nl/my.mp3
5703,no,EssentialWords/no/my.mp3
5703,pl,EssentialWords/pl/my.mp3
5703,pt,EssentialWords/pt/my.mp3
5703,ro,EssentialWords/ro/my.mp3
5703,ru,EssentialWords/ru/my.mp3
5703,sk,EssentialWords/sk/my.mp3
5703,sl,EssentialWords/sl/my.mp3
5703,sv,EssentialWords/sv/my.mp3
5703,ta,EssentialWords/ta/my.mp3
5703,te,EssentialWords/te/my.mp3
5703,th,EssentialWords/th/my.mp3
5703,tr,EssentialWords/tr/my.mp3
5703,uk,EssentialWords/uk/my.mp3
5703,ur,EssentialWords/ur/my.mp3
5703,vi,EssentialWords/vi/my.mp3
5703,zh,EssentialWords/zh/my.mp3
5704,en,EssentialWords/en/your.mp3
5704,ar,EssentialWords/ar/your.mp3
5704,bg,EssentialWords/bg/your.mp3
5704,bn,EssentialWords/bn/your.mp3
5704,ca,EssentialWords/ca/your.mp3
5704,cs,EssentialWords/cs/your.mp3
5704,da,EssentialWords/da/your.mp3
5704,de,EssentialWords/de/your.mp3
5704,el,EssentialWords/el/your.mp3
5704,es,EssentialWords/es/your.mp3
5704,et,EssentialWords/et/your.mp3
5704,eu,EssentialWords/eu/your.mp3
5704,fi,EssentialWords/fi/your.mp3
5704,fr,EssentialWords/fr/your.mp3
5704,he,EssentialWords/he/your.mp3
5704,hi,EssentialWords/hi/your.mp3
5704,hr,EssentialWords/hr/your.mp3
5704,hu,EssentialWords/hu/your.mp3
5704,it,EssentialWords/it/your.mp3
5704,ja,EssentialWords/ja/your.mp3
5704,ko,EssentialWords/ko/your.mp3
5704,lt,EssentialWords/lt/your.mp3
5704,lv,EssentialWords/lv/your.mp3
5704,nl,EssentialWords/nl/your.mp3
5704,no,EssentialWords/no/your.mp3
5704,pl,EssentialWords/pl/your.mp3
5704,pt,EssentialWords/pt/your.mp3
5704,ro,EssentialWords/ro/your.mp3
5704,ru,EssentialWords/ru/your.mp3
5704,sk,EssentialWords/sk/your.mp3
5704,sl,EssentialWords/sl/your.mp3
5704,sv,EssentialWords/sv/your.mp3
5704,ta,EssentialWords/ta/your.mp3
5704,te,EssentialWords/te/your.mp3
5704,th,EssentialWords/th/your.mp3
5704,tr,EssentialWords/tr/your.mp3
5704,uk,EssentialWords/uk/your.mp3
5704,ur,EssentialWords/ur/your.mp3
5704,vi,EssentialWords/vi/your.mp3
5704,zh,EssentialWords/zh/your.mp3
5705,en,EssentialWords/en/his.mp3
5705,ar,EssentialWords/ar/his.mp3
5705,bg,EssentialWords/bg/his.mp3
5705,bn,EssentialWords/bn/his.mp3
5705,ca,EssentialWords/ca/his.mp3
5705,cs,EssentialWords/cs/his.mp3
5705,da,EssentialWords/da/his.mp3
5705,de,EssentialWords/de/his.mp3
5705,el,EssentialWords/el/his.mp3
5705,es,EssentialWords/es/his.mp3
5705,et,EssentialWords/et/his.mp3
5705,eu,EssentialWords/eu/his.mp3
5705,fi,EssentialWords/fi/his.mp3
5705,fr,EssentialWords/fr/his.mp3
5705,he,EssentialWords/he/his.mp3
5705,hi,EssentialWords/hi/his.mp3
5705,hr,EssentialWords/hr/his.mp3
5705,hu,EssentialWords/hu/his.mp3
5705,it,EssentialWords/it/his.mp3
5705,ja,EssentialWords/ja/his.mp3
5705,ko,EssentialWords/ko/his.mp3
5705,lt,EssentialWords/lt/his.mp3
5705,lv,EssentialWords/lv/his.mp3
5705,nl,EssentialWords/nl/his.mp3
5705,no,EssentialWords/no/his.mp3
5705,pl,EssentialWords/pl/his.mp3
5705,pt,EssentialWords/pt/his.mp3
5705,ro,EssentialWords/ro/his.mp3
5705,ru,EssentialWords/ru/his.mp3
5705,sk,EssentialWords/sk/his.mp3
5705,sl,EssentialWords/sl/his.mp3
5705,sv,EssentialWords/sv/his.mp3
5705,ta,EssentialWords/ta/his.mp3
5705,te,EssentialWords/te/his.mp3
5705,th,EssentialWords/th/his.mp3
5705,tr,EssentialWords/tr/his.mp3
5705,uk,EssentialWords/uk/his.mp3
5705,ur,EssentialWords/ur/his.mp3
5705,vi,EssentialWords/vi/his.mp3
5705,zh,EssentialWords/zh/his.mp3
5706,en,EssentialWords/en/her.mp3
5706,ar,EssentialWords/ar/her.mp3
5706,bg,EssentialWords/bg/her.mp3
5706,bn,EssentialWords/bn/her.mp3
5706,ca,EssentialWords/ca/her.mp3
5706,cs,EssentialWords/cs/her.mp3
5706,da,EssentialWords/da/her.mp3
5706,de,EssentialWords/de/her.mp3
5706,el,EssentialWords/el/her.mp3
5706,es,EssentialWords/es/her.mp3
5706,et,EssentialWords/et/her.mp3
5706,eu,EssentialWords/eu/her.mp3
5706,fi,EssentialWords/fi/her.mp3
5706,fr,EssentialWords/fr/her.mp3
5706,he,EssentialWords/he/her.mp3
5706,hi,EssentialWords/hi/her.mp3
5706,hr,EssentialWords/hr/her.mp3
5706,hu,EssentialWords/hu/her.mp3
5706,it,EssentialWords/it/her.mp3
5706,ja,EssentialWords/ja/her.mp3
5706,ko,EssentialWords/ko/her.mp3
5706,lt,EssentialWords/lt/her.mp3
5706,lv,EssentialWords/lv/her.mp3
5706,nl,EssentialWords/nl/her.mp3
5706,no,EssentialWords/no/her.mp3
5706,pl,EssentialWords/pl/her.mp3
5706,pt,EssentialWords/pt/her.mp3
5706,ro,EssentialWords/ro/her.mp3
5706,ru,EssentialWords/ru/her.mp3
5706,sk,EssentialWords/sk/her.mp3
5706,sl,EssentialWords/sl/her.mp3
5706,sv,EssentialWords/sv/her.mp3
5706,ta,EssentialWords/ta/her.mp3
5706,te,EssentialWords/te/her.mp3
5706,th,EssentialWords/th/her.mp3
5706,tr,EssentialWords/tr/her.mp3
5706,uk,EssentialWords/uk/her.mp3
5706,ur,EssentialWords/ur/her.mp3
5706,vi,EssentialWords/vi/her.mp3
5706,zh,EssentialWords/zh/her.mp3
5707,en,EssentialWords/en/its.mp3
5707,ar,EssentialWords/ar/its.mp3
5707,bg,EssentialWords/bg/its.mp3
5707,bn,EssentialWords/bn/its.mp3
5707,ca,EssentialWords/ca/its.mp3
5707,cs,EssentialWords/cs/its.mp3
5707,da,EssentialWords/da/its.mp3
5707,de,EssentialWords/de/its.mp3
5707,el,EssentialWords/el/its.mp3
5707,es,EssentialWords/es/its.mp3
5707,et,EssentialWords/et/its.mp3
5707,eu,EssentialWords/eu/its.mp3
5707,fi,EssentialWords/fi/its.mp3
5707,fr,EssentialWords/fr/its.mp3
5707,he,EssentialWords/he/its.mp3
5707,hi,EssentialWords/hi/its.mp3
5707,hr,EssentialWords/hr/its.mp3
5707,hu,EssentialWords/hu/its.mp3
5707,it,EssentialWords/it/its.mp3
5707,ja,EssentialWords/ja/its.mp3
5707,ko,EssentialWords/ko/its.mp3
5707,lt,EssentialWords/lt/its.mp3
5707,lv,EssentialWords/lv/its.mp3
5707,nl,EssentialWords/nl/its.mp3
5707,no,EssentialWords/no/its.mp3
5707,pl,EssentialWords/pl/its.mp3
5707,pt,EssentialWords/pt/its.mp3
5707,ro,EssentialWords/ro/its.mp3
5707,ru,EssentialWords/ru/its.mp3
5707,sk,EssentialWords/sk/its.mp3
5707,sl,EssentialWords/sl/its.mp3
5707,sv,EssentialWords/sv/its.mp3
5707,ta,EssentialWords/ta/its.mp3
5707,te,EssentialWords/te/its.mp3
5707,th,EssentialWords/th/its.mp3
5707,tr,EssentialWords/tr/its.mp3
5707,uk,EssentialWords/uk/its.mp3
5707,ur,EssentialWords/ur/its.mp3
5707,vi,EssentialWords/vi/its.mp3
5707,zh,EssentialWords/zh/its.mp3
5708,en,EssentialWords/en/our.mp3
5708,ar,EssentialWords/ar/our.mp3
5708,bg,EssentialWords/bg/our.mp3
5708,bn,EssentialWords/bn/our.mp3
5708,ca,EssentialWords/ca/our.mp3
5708,cs,EssentialWords/cs/our.mp3
5708,da,EssentialWords/da/our.mp3
5708,de,EssentialWords/de/our.mp3
5708,el,EssentialWords/el/our.mp3
5708,es,EssentialWords/es/our.mp3
5708,et,EssentialWords/et/our.mp3
5708,eu,EssentialWords/eu/our.mp3
5708,fi,EssentialWords/fi/our.mp3
5708,fr,EssentialWords/fr/our.mp3
5708,he,EssentialWords/he/our.mp3
5708,hi,EssentialWords/hi/our.mp3
5708,hr,EssentialWords/hr/our.mp3
5708,hu,EssentialWords/hu/our.mp3
5708,it,EssentialWords/it/our.mp3
5708,ja,EssentialWords/ja/our.mp3
5708,ko,EssentialWords/ko/our.mp3
5708,lt,EssentialWords/lt/our.mp3
5708,lv,EssentialWords/lv/our.mp3
5708,nl,EssentialWords/nl/our.mp3
5708,no,EssentialWords/no/our.mp3
5708,pl,EssentialWords/pl/our.mp3
5708,pt,EssentialWords/pt/our.mp3
5708,ro,EssentialWords/ro/our.mp3
5708,ru,EssentialWords/ru/our.mp3
5708,sk,EssentialWords/sk/our.mp3
5708,sl,EssentialWords/sl/our.mp3
5708,sv,EssentialWords/sv/our.mp3
5708,ta,EssentialWords/ta/our.mp3
5708,te,EssentialWords/te/our.mp3
5708,th,EssentialWords/th/our.mp3
5708,tr,EssentialWords/tr/our.mp3
5708,uk,EssentialWords/uk/our.mp3
5708,ur,EssentialWords/ur/our.mp3
5708,vi,EssentialWords/vi/our.mp3
5708,zh,EssentialWords/zh/our.mp3
5709,en,EssentialWords/en/their.mp3
5709,ar,EssentialWords/ar/their.mp3
5709,bg,EssentialWords/bg/their.mp3
5709,bn,EssentialWords/bn/their.mp3
5709,ca,EssentialWords/ca/their.mp3
5709,cs,EssentialWords/cs/their.mp3
5709,da,EssentialWords/da/their.mp3
5709,de,EssentialWords/de/their.mp3
5709,el,EssentialWords/el/their.mp3
5709,es,EssentialWords/es/their.mp3
5709,et,EssentialWords/et/their.mp3
5709,eu,EssentialWords/eu/their.mp3
5709,fi,EssentialWords/fi/their.mp3
5709,fr,EssentialWords/fr/their.mp3
5709,he,EssentialWords/he/their.mp3
5709,hi,EssentialWords/hi/their.mp3
5709,hr,EssentialWords/hr/their.mp3
5709,hu,EssentialWords/hu/their.mp3
5709,it,EssentialWords/it/their.mp3
5709,ja,EssentialWords/ja/their.mp3
5709,ko,EssentialWords/ko/their.mp3
5709,lt,EssentialWords/lt/their.mp3
5709,lv,EssentialWords/lv/their.mp3
5709,nl,EssentialWords/nl/their.mp3
5709,no,EssentialWords/no/their.mp3
5709,pl,EssentialWords/pl/their.mp3
5709,pt,EssentialWords/pt/their.mp3
5709,ro,EssentialWords/ro/their.mp3
5709,ru,EssentialWords/ru/their.mp3
5709,sk,EssentialWords/sk/their.mp3
5709,sl,EssentialWords/sl/their.mp3
5709,sv,EssentialWords/sv/their.mp3
5709,ta,EssentialWords/ta/their.mp3
5709,te,EssentialWords/te/their.mp3
5709,th,EssentialWords/th/their.mp3
5709,tr,EssentialWords/tr/their.mp3
5709,uk,EssentialWords/uk/their.mp3
5709,ur,EssentialWords/ur/their.mp3
5709,vi,EssentialWords/vi/their.mp3
5709,zh,EssentialWords/zh/their.mp3
5710,en,EssentialWords/en/mine.mp3
5710,ar,EssentialWords/ar/mine.mp3
5710,bg,EssentialWords/bg/mine.mp3
5710,bn,EssentialWords/bn/mine.mp3
5710,ca,EssentialWords/ca/mine.mp3
5710,cs,EssentialWords/cs/mine.mp3
5710,da,EssentialWords/da/mine.mp3
5710,de,EssentialWords/de/mine.mp3
5710,el,EssentialWords/el/mine.mp3
5710,es,EssentialWords/es/mine.mp3
5710,et,EssentialWords/et/mine.mp3
5710,eu,EssentialWords/eu/mine.mp3
5710,fi,EssentialWords/fi/mine.mp3
5710,fr,EssentialWords/fr/mine.mp3
5710,he,EssentialWords/he/mine.mp3
5710,hi,EssentialWords/hi/mine.mp3
5710,hr,EssentialWords/hr/mine.mp3
5710,hu,EssentialWords/hu/mine.mp3
5710,it,EssentialWords/it/mine.mp3
5710,ja,EssentialWords/ja/mine.mp3
5710,ko,EssentialWords/ko/mine.mp3
5710,lt,EssentialWords/lt/mine.mp3
5710,lv,EssentialWords/lv/mine.mp3
5710,nl,EssentialWords/nl/mine.mp3
5710,no,EssentialWords/no/mine.mp3
5710,pl,EssentialWords/pl/mine.mp3
5710,pt,EssentialWords/pt/mine.mp3
5710,ro,EssentialWords/ro/mine.mp3
5710,ru,EssentialWords/ru/mine.mp3
5710,sk,EssentialWords/sk/mine.mp3
5710,sl,EssentialWords/sl/mine.mp3
5710,sv,EssentialWords/sv/mine.mp3
5710,ta,EssentialWords/ta/mine.mp3
5710,te,EssentialWords/te/mine.mp3
5710,th,EssentialWords/th/mine.mp3
5710,tr,EssentialWords/tr/mine.mp3
5710,uk,EssentialWords/uk/mine.mp3
5710,ur,EssentialWords/ur/mine.mp3
5710,vi,EssentialWords/vi/mine.mp3
5710,zh,EssentialWords/zh/mine.mp3
5711,en,EssentialWords/en/yours.mp3
5711,ar,EssentialWords/ar/yours.mp3
5711,bg,EssentialWords/bg/yours.mp3
5711,bn,EssentialWords/bn/yours.mp3
5711,ca,EssentialWords/ca/yours.mp3
5711,cs,EssentialWords/cs/yours.mp3
5711,da,EssentialWords/da/yours.mp3
5711,de,EssentialWords/de/yours.mp3
5711,el,EssentialWords/el/yours.mp3
5711,es,EssentialWords/es/yours.mp3
5711,et,EssentialWords/et/yours.mp3
5711,eu,EssentialWords/eu/yours.mp3
5711,fi,EssentialWords/fi/yours.mp3
5711,fr,EssentialWords/fr/yours.mp3
5711,he,EssentialWords/he/yours.mp3
5711,hi,EssentialWords/hi/yours.mp3
5711,hr,EssentialWords/hr/yours.mp3
5711,hu,EssentialWords/hu/yours.mp3
5711,it,EssentialWords/it/yours.mp3
5711,ja,EssentialWords/ja/yours.mp3
5711,ko,EssentialWords/ko/yours.mp3
5711,lt,EssentialWords/lt/yours.mp3
5711,lv,EssentialWords/lv/yours.mp3
5711,nl,EssentialWords/nl/yours.mp3
5711,no,EssentialWords/no/yours.mp3
5711,pl,EssentialWords/pl/yours.mp3
5711,pt,EssentialWords/pt/yours.mp3
5711,ro,EssentialWords/ro/yours.mp3
5711,ru,EssentialWords/ru/yours.mp3
5711,sk,EssentialWords/sk/yours.mp3
5711,sl,EssentialWords/sl/yours.mp3
5711,sv,EssentialWords/sv/yours.mp3
5711,ta,EssentialWords/ta/yours.mp3
5711,te,EssentialWords/te/yours.mp3
5711,th,EssentialWords/th/yours.mp3
5711,tr,EssentialWords/tr/yours.mp3
5711,uk,EssentialWords/uk/yours.mp3
5711,ur,EssentialWords/ur/yours.mp3
5711,vi,EssentialWords/vi/yours.mp3
5711,zh,EssentialWords/zh/yours.mp3
5712,en,EssentialWords/en/his.mp3
5712,ar,EssentialWords/ar/his.mp3
5712,bg,EssentialWords/bg/his.mp3
5712,bn,EssentialWords/bn/his.mp3
5712,ca,EssentialWords/ca/his.mp3
5712,cs,EssentialWords/cs/his.mp3
5712,da,EssentialWords/da/his.mp3
5712,de,EssentialWords/de/his.mp3
5712,el,EssentialWords/el/his.mp3
5712,es,EssentialWords/es/his.mp3
5712,et,EssentialWords/et/his.mp3
5712,eu,EssentialWords/eu/his.mp3
5712,fi,EssentialWords/fi/his.mp3
5712,fr,EssentialWords/fr/his.mp3
5712,he,EssentialWords/he/his.mp3
5712,hi,EssentialWords/hi/his.mp3
5712,hr,EssentialWords/hr/his.mp3
5712,hu,EssentialWords/hu/his.mp3
5712,it,EssentialWords/it/his.mp3
5712,ja,EssentialWords/ja/his.mp3
5712,ko,EssentialWords/ko/his.mp3
5712,lt,EssentialWords/lt/his.mp3
5712,lv,EssentialWords/lv/his.mp3
5712,nl,EssentialWords/nl/his.mp3
5712,no,EssentialWords/no/his.mp3
5712,pl,EssentialWords/pl/his.mp3
5712,pt,EssentialWords/pt/his.mp3
5712,ro,EssentialWords/ro/his.mp3
5712,ru,EssentialWords/ru/his.mp3
5712,sk,EssentialWords/sk/his.mp3
5712,sl,EssentialWords/sl/his.mp3
5712,sv,EssentialWords/sv/his.mp3
5712,ta,EssentialWords/ta/his.mp3
5712,te,EssentialWords/te/his.mp3
5712,th,EssentialWords/th/his.mp3
5712,tr,EssentialWords/tr/his.mp3
5712,uk,EssentialWords/uk/his.mp3
5712,ur,EssentialWords/ur/his.mp3
5712,vi,EssentialWords/vi/his.mp3
5712,zh,EssentialWords/zh/his.mp3
5713,en,EssentialWords/en/hers.mp3
5713,ar,EssentialWords/ar/hers.mp3
5713,bg,EssentialWords/bg/hers.mp3
5713,bn,EssentialWords/bn/hers.mp3
5713,ca,EssentialWords/ca/hers.mp3
5713,cs,EssentialWords/cs/hers.mp3
5713,da,EssentialWords/da/hers.mp3
5713,de,EssentialWords/de/hers.mp3
5713,el,EssentialWords/el/hers.mp3
5713,es,EssentialWords/es/hers.mp3
5713,et,EssentialWords/et/hers.mp3
5713,eu,EssentialWords/eu/hers.mp3
5713,fi,EssentialWords/fi/hers.mp3
5713,fr,EssentialWords/fr/hers.mp3
5713,he,EssentialWords/he/hers.mp3
5713,hi,EssentialWords/hi/hers.mp3
5713,hr,EssentialWords/hr/hers.mp3
5713,hu,EssentialWords/hu/hers.mp3
5713,it,EssentialWords/it/hers.mp3
5713,ja,EssentialWords/ja/hers.mp3
5713,ko,EssentialWords/ko/hers.mp3
5713,lt,EssentialWords/lt/hers.mp3
5713,lv,EssentialWords/lv/hers.mp3
5713,nl,EssentialWords/nl/hers.mp3
5713,no,EssentialWords/no/hers.mp3
5713,pl,EssentialWords/pl/hers.mp3
5713,pt,EssentialWords/pt/hers.mp3
5713,ro,EssentialWords/ro/hers.mp3
5713,ru,EssentialWords/ru/hers.mp3
5713,sk,EssentialWords/sk/hers.mp3
5713,sl,EssentialWords/sl/hers.mp3
5713,sv,EssentialWords/sv/hers.mp3
5713,ta,EssentialWords/ta/hers.mp3
5713,te,EssentialWords/te/hers.mp3
5713,th,EssentialWords/th/hers.mp3
5713,tr,EssentialWords/tr/hers.mp3
5713,uk,EssentialWords/uk/hers.mp3
5713,ur,EssentialWords/ur/hers.mp3
5713,vi,EssentialWords/vi/hers.mp3
5713,zh,EssentialWords/zh/hers.mp3
5714,en,EssentialWords/en/ours.mp3
5714,ar,EssentialWords/ar/ours.mp3
5714,bg,EssentialWords/bg/ours.mp3
5714,bn,EssentialWords/bn/ours.mp3
5714,ca,EssentialWords/ca/ours.mp3
5714,cs,EssentialWords/cs/ours.mp3
5714,da,EssentialWords/da/ours.mp3
5714,de,EssentialWords/de/ours.mp3
5714,el,EssentialWords/el/ours.mp3
5714,es,EssentialWords/es/ours.mp3
5714,et,EssentialWords/et/ours.mp3
5714,eu,EssentialWords/eu/ours.mp3
5714,fi,EssentialWords/fi/ours.mp3
5714,fr,EssentialWords/fr/ours.mp3
5714,he,EssentialWords/he/ours.mp3
5714,hi,EssentialWords/hi/ours.mp3
5714,hr,EssentialWords/hr/ours.mp3
5714,hu,EssentialWords/hu/ours.mp3
5714,it,EssentialWords/it/ours.mp3
5714,ja,EssentialWords/ja/ours.mp3
5714,ko,EssentialWords/ko/ours.mp3
5714,lt,EssentialWords/lt/ours.mp3
5714,lv,EssentialWords/lv/ours.mp3
5714,nl,EssentialWords/nl/ours.mp3
5714,no,EssentialWords/no/ours.mp3
5714,pl,EssentialWords/pl/ours.mp3
5714,pt,EssentialWords/pt/ours.mp3
5714,ro,EssentialWords/ro/ours.mp3
5714,ru,EssentialWords/ru/ours.mp3
5714,sk,EssentialWords/sk/ours.mp3
5714,sl,EssentialWords/sl/ours.mp3
5714,sv,EssentialWords/sv/ours.mp3
5714,ta,EssentialWords/ta/ours.mp3
5714,te,EssentialWords/te/ours.mp3
5714,th,EssentialWords/th/ours.mp3
5714,tr,EssentialWords/tr/ours.mp3
5714,uk,EssentialWords/uk/ours.mp3
5714,ur,EssentialWords/ur/ours.mp3
5714,vi,EssentialWords/vi/ours.mp3
5714,zh,EssentialWords/zh/ours.mp3
5715,en,EssentialWords/en/theirs.mp3
5715,ar,EssentialWords/ar/theirs.mp3
5715,bg,EssentialWords/bg/theirs.mp3
5715,bn,EssentialWords/bn/theirs.mp3
5715,ca,EssentialWords/ca/theirs.mp3
5715,cs,EssentialWords/cs/theirs.mp3
5715,da,EssentialWords/da/theirs.mp3
5715,de,EssentialWords/de/theirs.mp3
5715,el,EssentialWords/el/theirs.mp3
5715,es,EssentialWords/es/theirs.mp3
5715,et,EssentialWords/et/theirs.mp3
5715,eu,EssentialWords/eu/theirs.mp3
5715,fi,EssentialWords/fi/theirs.mp3
5715,fr,EssentialWords/fr/theirs.mp3
5715,he,EssentialWords/he/theirs.mp3
5715,hi,EssentialWords/hi/theirs.mp3
5715,hr,EssentialWords/hr/theirs.mp3
5715,hu,EssentialWords/hu/theirs.mp3
5715,it,EssentialWords/it/theirs.mp3
5715,ja,EssentialWords/ja/theirs.mp3
5715,ko,EssentialWords/ko/theirs.mp3
5715,lt,EssentialWords/lt/theirs.mp3
5715,lv,EssentialWords/lv/theirs.mp3
5715,nl,EssentialWords/nl/theirs.mp3
5715,no,EssentialWords/no/theirs.mp3
5715,pl,EssentialWords/pl/theirs.mp3
5715,pt,EssentialWords/pt/theirs.mp3
5715,ro,EssentialWords/ro/theirs.mp3
5715,ru,EssentialWords/ru/theirs.mp3
5715,sk,EssentialWords/sk/theirs.mp3
5715,sl,EssentialWords/sl/theirs.mp3
5715,sv,EssentialWords/sv/theirs.mp3
5715,ta,EssentialWords/ta/theirs.mp3
5715,te,EssentialWords/te/theirs.mp3
5715,th,EssentialWords/th/theirs.mp3
5715,tr,EssentialWords/tr/theirs.mp3
5715,uk,EssentialWords/uk/theirs.mp3
5715,ur,EssentialWords/ur/theirs.mp3
5715,vi,EssentialWords/vi/theirs.mp3
5715,zh,EssentialWords/zh/theirs.mp3
5716,en,EssentialWords/en/myself.mp3
5716,ar,EssentialWords/ar/myself.mp3
5716,bg,EssentialWords/bg/myself.mp3
5716,bn,EssentialWords/bn/myself.mp3
5716,ca,EssentialWords/ca/myself.mp3
5716,cs,EssentialWords/cs/myself.mp3
5716,da,EssentialWords/da/myself.mp3
5716,de,EssentialWords/de/myself.mp3
5716,el,EssentialWords/el/myself.mp3
5716,es,EssentialWords/es/myself.mp3
5716,et,EssentialWords/et/myself.mp3
5716,eu,EssentialWords/eu/myself.mp3
5716,fi,EssentialWords/fi/myself.mp3
5716,fr,EssentialWords/fr/myself.mp3
5716,he,EssentialWords/he/myself.mp3
5716,hi,EssentialWords/hi/myself.mp3
5716,hr,EssentialWords/hr/myself.mp3
5716,hu,EssentialWords/hu/myself.mp3
5716,it,EssentialWords/it/myself.mp3
5716,ja,EssentialWords/ja/myself.mp3
5716,ko,EssentialWords/ko/myself.mp3
5716,lt,EssentialWords/lt/myself.mp3
5716,lv,EssentialWords/lv/myself.mp3
5716,nl,EssentialWords/nl/myself.mp3
5716,no,EssentialWords/no/myself.mp3
5716,pl,EssentialWords/pl/myself.mp3
5716,pt,EssentialWords/pt/myself.mp3
5716,ro,EssentialWords/ro/myself.mp3
5716,ru,EssentialWords/ru/myself.mp3
5716,sk,EssentialWords/sk/myself.mp3
5716,sl,EssentialWords/sl/myself.mp3
5716,sv,EssentialWords/sv/myself.mp3
5716,ta,EssentialWords/ta/myself.mp3
5716,te,EssentialWords/te/myself.mp3
5716,th,EssentialWords/th/myself.mp3
5716,tr,EssentialWords/tr/myself.mp3
5716,uk,EssentialWords/uk/myself.mp3
5716,ur,EssentialWords/ur/myself.mp3
5716,vi,EssentialWords/vi/myself.mp3
5716,zh,EssentialWords/zh/myself.mp3
5717,en,EssentialWords/en/yourself.mp3
5717,ar,EssentialWords/ar/yourself.mp3
5717,bg,EssentialWords/bg/yourself.mp3
5717,bn,EssentialWords/bn/yourself.mp3
5717,ca,EssentialWords/ca/yourself.mp3
5717,cs,EssentialWords/cs/yourself.mp3
5717,da,EssentialWords/da/yourself.mp3
5717,de,EssentialWords/de/yourself.mp3
5717,el,EssentialWords/el/yourself.mp3
5717,es,EssentialWords/es/yourself.mp3
5717,et,EssentialWords/et/yourself.mp3
5717,eu,EssentialWords/eu/yourself.mp3
5717,fi,EssentialWords/fi/yourself.mp3
5717,fr,EssentialWords/fr/yourself.mp3
5717,he,EssentialWords/he/yourself.mp3
5717,hi,EssentialWords/hi/yourself.mp3
5717,hr,EssentialWords/hr/yourself.mp3
5717,hu,EssentialWords/hu/yourself.mp3
5717,it,EssentialWords/it/yourself.mp3
5717,ja,EssentialWords/ja/yourself.mp3
5717,ko,EssentialWords/ko/yourself.mp3
5717,lt,EssentialWords/lt/yourself.mp3
5717,lv,EssentialWords/lv/yourself.mp3
5717,nl,EssentialWords/nl/yourself.mp3
5717,no,EssentialWords/no/yourself.mp3
5717,pl,EssentialWords/pl/yourself.mp3
5717,pt,EssentialWords/pt/yourself.mp3
5717,ro,EssentialWords/ro/yourself.mp3
5717,ru,EssentialWords/ru/yourself.mp3
5717,sk,EssentialWords/sk/yourself.mp3
5717,sl,EssentialWords/sl/yourself.mp3
5717,sv,EssentialWords/sv/yourself.mp3
5717,ta,EssentialWords/ta/yourself.mp3
5717,te,EssentialWords/te/yourself.mp3
5717,th,EssentialWords/th/yourself.mp3
5717,tr,EssentialWords/tr/yourself.mp3
5717,uk,EssentialWords/uk/yourself.mp3
5717,ur,EssentialWords/ur/yourself.mp3
5717,vi,EssentialWords/vi/yourself.mp3
5717,zh,EssentialWords/zh/yourself.mp3
5718,en,EssentialWords/en/yourselves.mp3
5718,ar,EssentialWords/ar/yourselves.mp3
5718,bg,EssentialWords/bg/yourselves.mp3
5718,bn,EssentialWords/bn/yourselves.mp3
5718,ca,EssentialWords/ca/yourselves.mp3
5718,cs,EssentialWords/cs/yourselves.mp3
5718,da,EssentialWords/da/yourselves.mp3
5718,de,EssentialWords/de/yourselves.mp3
5718,el,EssentialWords/el/yourselves.mp3
5718,es,EssentialWords/es/yourselves.mp3
5718,et,EssentialWords/et/yourselves.mp3
5718,eu,EssentialWords/eu/yourselves.mp3
5718,fi,EssentialWords/fi/yourselves.mp3
5718,fr,EssentialWords/fr/yourselves.mp3
5718,he,EssentialWords/he/yourselves.mp3
5718,hi,EssentialWords/hi/yourselves.mp3
5718,hr,EssentialWords/hr/yourselves.mp3
5718,hu,EssentialWords/hu/yourselves.mp3
5718,it,EssentialWords/it/yourselves.mp3
5718,ja,EssentialWords/ja/yourselves.mp3
5718,ko,EssentialWords/ko/yourselves.mp3
5718,lt,EssentialWords/lt/yourselves.mp3
5718,lv,EssentialWords/lv/yourselves.mp3
5718,nl,EssentialWords/nl/yourselves.mp3
5718,no,EssentialWords/no/yourselves.mp3
5718,pl,EssentialWords/pl/yourselves.mp3
5718,pt,EssentialWords/pt/yourselves.mp3
5718,ro,EssentialWords/ro/yourselves.mp3
5718,ru,EssentialWords/ru/yourselves.mp3
5718,sk,EssentialWords/sk/yourselves.mp3
5718,sl,EssentialWords/sl/yourselves.mp3
5718,sv,EssentialWords/sv/yourselves.mp3
5718,ta,EssentialWords/ta/yourselves.mp3
5718,te,EssentialWords/te/yourselves.mp3
5718,th,EssentialWords/th/yourselves.mp3
5718,tr,EssentialWords/tr/yourselves.mp3
5718,uk,EssentialWords/uk/yourselves.mp3
5718,ur,EssentialWords/ur/yourselves.mp3
5718,vi,EssentialWords/vi/yourselves.mp3
5718,zh,EssentialWords/zh/yourselves.mp3
5719,en,EssentialWords/en/himself.mp3
5719,ar,EssentialWords/ar/himself.mp3
5719,bg,EssentialWords/bg/himself.mp3
5719,bn,EssentialWords/bn/himself.mp3
5719,ca,EssentialWords/ca/himself.mp3
5719,cs,EssentialWords/cs/himself.mp3
5719,da,EssentialWords/da/himself.mp3
5719,de,EssentialWords/de/himself.mp3
5719,el,EssentialWords/el/himself.mp3
5719,es,EssentialWords/es/himself.mp3
5719,et,EssentialWords/et/himself.mp3
5719,eu,EssentialWords/eu/himself.mp3
5719,fi,EssentialWords/fi/himself.mp3
5719,fr,EssentialWords/fr/himself.mp3
5719,he,EssentialWords/he/himself.mp3
5719,hi,EssentialWords/hi/himself.mp3
5719,hr,EssentialWords/hr/himself.mp3
5719,hu,EssentialWords/hu/himself.mp3
5719,it,EssentialWords/it/himself.mp3
5719,ja,EssentialWords/ja/himself.mp3
5719,ko,EssentialWords/ko/himself.mp3
5719,lt,EssentialWords/lt/himself.mp3
5719,lv,EssentialWords/lv/himself.mp3
5719,nl,EssentialWords/nl/himself.mp3
5719,no,EssentialWords/no/himself.mp3
5719,pl,EssentialWords/pl/himself.mp3
5719,pt,EssentialWords/pt/himself.mp3
5719,ro,EssentialWords/ro/himself.mp3
5719,ru,EssentialWords/ru/himself.mp3
5719,sk,EssentialWords/sk/himself.mp3
5719,sl,EssentialWords/sl/himself.mp3
5719,sv,EssentialWords/sv/himself.mp3
5719,ta,EssentialWords/ta/himself.mp3
5719,te,EssentialWords/te/himself.mp3
5719,th,EssentialWords/th/himself.mp3
5719,tr,EssentialWords/tr/himself.mp3
5719,uk,EssentialWords/uk/himself.mp3
5719,ur,EssentialWords/ur/himself.mp3
5719,vi,EssentialWords/vi/himself.mp3
5719,zh,EssentialWords/zh/himself.mp3
5720,en,EssentialWords/en/herself.mp3
5720,ar,EssentialWords/ar/herself.mp3
5720,bg,EssentialWords/bg/herself.mp3
5720,bn,EssentialWords/bn/herself.mp3
5720,ca,EssentialWords/ca/herself.mp3
5720,cs,EssentialWords/cs/herself.mp3
5720,da,EssentialWords/da/herself.mp3
5720,de,EssentialWords/de/herself.mp3
5720,el,EssentialWords/el/herself.mp3
5720,es,EssentialWords/es/herself.mp3
5720,et,EssentialWords/et/herself.mp3
5720,eu,EssentialWords/eu/herself.mp3
5720,fi,EssentialWords/fi/herself.mp3
5720,fr,EssentialWords/fr/herself.mp3
5720,he,EssentialWords/he/herself.mp3
5720,hi,EssentialWords/hi/herself.mp3
5720,hr,EssentialWords/hr/herself.mp3
5720,hu,EssentialWords/hu/herself.mp3
5720,it,EssentialWords/it/herself.mp3
5720,ja,EssentialWords/ja/herself.mp3
5720,ko,EssentialWords/ko/herself.mp3
5720,lt,EssentialWords/lt/herself.mp3
5720,lv,EssentialWords/lv/herself.mp3
5720,nl,EssentialWords/nl/herself.mp3
5720,no,EssentialWords/no/herself.mp3
5720,pl,EssentialWords/pl/herself.mp3
5720,pt,EssentialWords/pt/herself.mp3
5720,ro,EssentialWords/ro/herself.mp3
5720,ru,EssentialWords/ru/herself.mp3
5720,sk,EssentialWords/sk/herself.mp3
5720,sl,EssentialWords/sl/herself.mp3
5720,sv,EssentialWords/sv/herself.mp3
5720,ta,EssentialWords/ta/herself.mp3
5720,te,EssentialWords/te/herself.mp3
5720,th,EssentialWords/th/herself.mp3
5720,tr,EssentialWords/tr/herself.mp3
5720,uk,EssentialWords/uk/herself.mp3
5720,ur,EssentialWords/ur/herself.mp3
5720,vi,EssentialWords/vi/herself.mp3
5720,zh,EssentialWords/zh/herself.mp3
5721,en,EssentialWords/en/itself.mp3
5721,ar,EssentialWords/ar/itself.mp3
5721,bg,EssentialWords/bg/itself.mp3
5721,bn,EssentialWords/bn/itself.mp3
5721,ca,EssentialWords/ca/itself.mp3
5721,cs,EssentialWords/cs/itself.mp3
5721,da,EssentialWords/da/itself.mp3
5721,de,EssentialWords/de/itself.mp3
5721,el,EssentialWords/el/itself.mp3
5721,es,EssentialWords/es/itself.mp3
5721,et,EssentialWords/et/itself.mp3
5721,eu,EssentialWords/eu/itself.mp3
5721,fi,EssentialWords/fi/itself.mp3
5721,fr,EssentialWords/fr/itself.mp3
5721,he,EssentialWords/he/itself.mp3
5721,hi,EssentialWords/hi/itself.mp3
5721,hr,EssentialWords/hr/itself.mp3
5721,hu,EssentialWords/hu/itself.mp3
5721,it,EssentialWords/it/itself.mp3
5721,ja,EssentialWords/ja/itself.mp3
5721,ko,EssentialWords/ko/itself.mp3
5721,lt,EssentialWords/lt/itself.mp3
5721,lv,EssentialWords/lv/itself.mp3
5721,nl,EssentialWords/nl/itself.mp3
5721,no,EssentialWords/no/itself.mp3
5721,pl,EssentialWords/pl/itself.mp3
5721,pt,EssentialWords/pt/itself.mp3
5721,ro,EssentialWords/ro/itself.mp3
5721,ru,EssentialWords/ru/itself.mp3
5721,sk,EssentialWords/sk/itself.mp3
5721,sl,EssentialWords/sl/itself.mp3
5721,sv,EssentialWords/sv/itself.mp3
5721,ta,EssentialWords/ta/itself.mp3
5721,te,EssentialWords/te/itself.mp3
5721,th,EssentialWords/th/itself.mp3
5721,tr,EssentialWords/tr/itself.mp3
5721,uk,EssentialWords/uk/itself.mp3
5721,ur,EssentialWords/ur/itself.mp3
5721,vi,EssentialWords/vi/itself.mp3
5721,zh,EssentialWords/zh/itself.mp3
5722,en,EssentialWords/en/ourselves.mp3
5722,ar,EssentialWords/ar/ourselves.mp3
5722,bg,EssentialWords/bg/ourselves.mp3
5722,bn,EssentialWords/bn/ourselves.mp3
5722,ca,EssentialWords/ca/ourselves.mp3
5722,cs,EssentialWords/cs/ourselves.mp3
5722,da,EssentialWords/da/ourselves.mp3
5722,de,EssentialWords/de/ourselves.mp3
5722,el,EssentialWords/el/ourselves.mp3
5722,es,EssentialWords/es/ourselves.mp3
5722,et,EssentialWords/et/ourselves.mp3
5722,eu,EssentialWords/eu/ourselves.mp3
5722,fi,EssentialWords/fi/ourselves.mp3
5722,fr,EssentialWords/fr/ourselves.mp3
5722,he,EssentialWords/he/ourselves.mp3
5722,hi,EssentialWords/hi/ourselves.mp3
5722,hr,EssentialWords/hr/ourselves.mp3
5722,hu,EssentialWords/hu/ourselves.mp3
5722,it,EssentialWords/it/ourselves.mp3
5722,ja,EssentialWords/ja/ourselves.mp3
5722,ko,EssentialWords/ko/ourselves.mp3
5722,lt,EssentialWords/lt/ourselves.mp3
5722,lv,EssentialWords/lv/ourselves.mp3
5722,nl,EssentialWords/nl/ourselves.mp3
5722,no,EssentialWords/no/ourselves.mp3
5722,pl,EssentialWords/pl/ourselves.mp3
5722,pt,EssentialWords/pt/ourselves.mp3
5722,ro,EssentialWords/ro/ourselves.mp3
5722,ru,EssentialWords/ru/ourselves.mp3
5722,sk,EssentialWords/sk/ourselves.mp3
5722,sl,EssentialWords/sl/ourselves.mp3
5722,sv,EssentialWords/sv/ourselves.mp3
5722,ta,EssentialWords/ta/ourselves.mp3
5722,te,EssentialWords/te/ourselves.mp3
5722,th,EssentialWords/th/ourselves.mp3
5722,tr,EssentialWords/tr/ourselves.mp3
5722,uk,EssentialWords/uk/ourselves.mp3
5722,ur,EssentialWords/ur/ourselves.mp3
5722,vi,EssentialWords/vi/ourselves.mp3
5722,zh,EssentialWords/zh/ourselves.mp3
5723,en,EssentialWords/en/themselves.mp3
5723,ar,EssentialWords/ar/themselves.mp3
5723,bg,EssentialWords/bg/themselves.mp3
5723,bn,EssentialWords/bn/themselves.mp3
5723,ca,EssentialWords/ca/themselves.mp3
5723,cs,EssentialWords/cs/themselves.mp3
5723,da,EssentialWords/da/themselves.mp3
5723,de,EssentialWords/de/themselves.mp3
5723,el,EssentialWords/el/themselves.mp3
5723,es,EssentialWords/es/themselves.mp3
5723,et,EssentialWords/et/themselves.mp3
5723,eu,EssentialWords/eu/themselves.mp3
5723,fi,EssentialWords/fi/themselves.mp3
5723,fr,EssentialWords/fr/themselves.mp3
5723,he,EssentialWords/he/themselves.mp3
5723,hi,EssentialWords/hi/themselves.mp3
5723,hr,EssentialWords/hr/themselves.mp3
5723,hu,EssentialWords/hu/themselves.mp3
5723,it,EssentialWords/it/themselves.mp3
5723,ja,EssentialWords/ja/themselves.mp3
5723,ko,EssentialWords/ko/themselves.mp3
5723,lt,EssentialWords/lt/themselves.mp3
5723,lv,EssentialWords/lv/themselves.mp3
5723,nl,EssentialWords/nl/themselves.mp3
5723,no,EssentialWords/no/themselves.mp3
5723,pl,EssentialWords/pl/themselves.mp3
5723,pt,EssentialWords/pt/themselves.mp3
5723,ro,EssentialWords/ro/themselves.mp3
5723,ru,EssentialWords/ru/themselves.mp3
5723,sk,EssentialWords/sk/themselves.mp3
5723,sl,EssentialWords/sl/themselves.mp3
5723,sv,EssentialWords/sv/themselves.mp3
5723,ta,EssentialWords/ta/themselves.mp3
5723,te,EssentialWords/te/themselves.mp3
5723,th,EssentialWords/th/themselves.mp3
5723,tr,EssentialWords/tr/themselves.mp3
5723,uk,EssentialWords/uk/themselves.mp3
5723,ur,EssentialWords/ur/themselves.mp3
5723,vi,EssentialWords/vi/themselves.mp3
5723,zh,EssentialWords/zh/themselves.mp3
5724,en,EssentialWords/en/this.mp3
5724,ar,EssentialWords/ar/this.mp3
5724,bg,EssentialWords/bg/this.mp3
5724,bn,EssentialWords/bn/this.mp3
5724,ca,EssentialWords/ca/this.mp3
5724,cs,EssentialWords/cs/this.mp3
5724,da,EssentialWords/da/this.mp3
5724,de,EssentialWords/de/this.mp3
5724,el,EssentialWords/el/this.mp3
5724,es,EssentialWords/es/this.mp3
5724,et,EssentialWords/et/this.mp3
5724,eu,EssentialWords/eu/this.mp3
5724,fi,EssentialWords/fi/this.mp3
5724,fr,EssentialWords/fr/this.mp3
5724,he,EssentialWords/he/this.mp3
5724,hi,EssentialWords/hi/this.mp3
5724,hr,EssentialWords/hr/this.mp3
5724,hu,EssentialWords/hu/this.mp3
5724,it,EssentialWords/it/this.mp3
5724,ja,EssentialWords/ja/this.mp3
5724,ko,EssentialWords/ko/this.mp3
5724,lt,EssentialWords/lt/this.mp3
5724,lv,EssentialWords/lv/this.mp3
5724,nl,EssentialWords/nl/this.mp3
5724,no,EssentialWords/no/this.mp3
5724,pl,EssentialWords/pl/this.mp3
5724,pt,EssentialWords/pt/this.mp3
5724,ro,EssentialWords/ro/this.mp3
5724,ru,EssentialWords/ru/this.mp3
5724,sk,EssentialWords/sk/this.mp3
5724,sl,EssentialWords/sl/this.mp3
5724,sv,EssentialWords/sv/this.mp3
5724,ta,EssentialWords/ta/this.mp3
5724,te,EssentialWords/te/this.mp3
5724,th,EssentialWords/th/this.mp3
5724,tr,EssentialWords/tr/this.mp3
5724,uk,EssentialWords/uk/this.mp3
5724,ur,EssentialWords/ur/this.mp3
5724,vi,EssentialWords/vi/this.mp3
5724,zh,EssentialWords/zh/this.mp3
5725,en,EssentialWords/en/that.mp3
5725,ar,EssentialWords/ar/that.mp3
5725,bg,EssentialWords/bg/that.mp3
5725,bn,EssentialWords/bn/that.mp3
5725,ca,EssentialWords/ca/that.mp3
5725,cs,EssentialWords/cs/that.mp3
5725,da,EssentialWords/da/that.mp3
5725,de,EssentialWords/de/that.mp3
5725,el,EssentialWords/el/that.mp3
5725,es,EssentialWords/es/that.mp3
5725,et,EssentialWords/et/that.mp3
5725,eu,EssentialWords/eu/that.mp3
5725,fi,EssentialWords/fi/that.mp3
5725,fr,EssentialWords/fr/that.mp3
5725,he,EssentialWords/he/that.mp3
5725,hi,EssentialWords/hi/that.mp3
5725,hr,EssentialWords/hr/that.mp3
5725,hu,EssentialWords/hu/that.mp3
5725,it,EssentialWords/it/that.mp3
5725,ja,EssentialWords/ja/that.mp3
5725,ko,EssentialWords/ko/that.mp3
5725,lt,EssentialWords/lt/that.mp3
5725,lv,EssentialWords/lv/that.mp3
5725,nl,EssentialWords/nl/that.mp3
5725,no,EssentialWords/no/that.mp3
5725,pl,EssentialWords/pl/that.mp3
5725,pt,EssentialWords/pt/that.mp3
5725,ro,EssentialWords/ro/that.mp3
5725,ru,EssentialWords/ru/that.mp3
5725,sk,EssentialWords/sk/that.mp3
5725,sl,EssentialWords/sl/that.mp3
5725,sv,EssentialWords/sv/that.mp3
5725,ta,EssentialWords/ta/that.mp3
5725,te,EssentialWords/te/that.mp3
5725,th,EssentialWords/th/that.mp3
5725,tr,EssentialWords/tr/that.mp3
5725,uk,EssentialWords/uk/that.mp3
5725,ur,EssentialWords/ur/that.mp3
5725,vi,EssentialWords/vi/that.mp3
5725,zh,EssentialWords/zh/that.mp3
5726,en,EssentialWords/en/these.mp3
5726,ar,EssentialWords/ar/these.mp3
5726,bg,EssentialWords/bg/these.mp3
5726,bn,EssentialWords/bn/these.mp3
5726,ca,EssentialWords/ca/these.mp3
5726,cs,EssentialWords/cs/these.mp3
5726,da,EssentialWords/da/these.mp3
5726,de,EssentialWords/de/these.mp3
5726,el,EssentialWords/el/these.mp3
5726,es,EssentialWords/es/these.mp3
5726,et,EssentialWords/et/these.mp3
5726,eu,EssentialWords/eu/these.mp3
5726,fi,EssentialWords/fi/these.mp3
5726,fr,EssentialWords/fr/these.mp3
5726,he,EssentialWords/he/these.mp3
5726,hi,EssentialWords/hi/these.mp3
5726,hr,EssentialWords/hr/these.mp3
5726,hu,EssentialWords/hu/these.mp3
5726,it,EssentialWords/it/these.mp3
5726,ja,EssentialWords/ja/these.mp3
5726,ko,EssentialWords/ko/these.mp3
5726,lt,EssentialWords/lt/these.mp3
5726,lv,EssentialWords/lv/these.mp3
5726,nl,EssentialWords/nl/these.mp3
5726,no,EssentialWords/no/these.mp3
5726,pl,EssentialWords/pl/these.mp3
5726,pt,EssentialWords/pt/these.mp3
5726,ro,EssentialWords/ro/these.mp3
5726,ru,EssentialWords/ru/these.mp3
5726,sk,EssentialWords/sk/these.mp3
5726,sl,EssentialWords/sl/these.mp3
5726,sv,EssentialWords/sv/these.mp3
5726,ta,EssentialWords/ta/these.mp3
5726,te,EssentialWords/te/these.mp3
5726,th,EssentialWords/th/these.mp3
5726,tr,EssentialWords/tr/these.mp3
5726,uk,EssentialWords/uk/these.mp3
5726,ur,EssentialWords/ur/these.mp3
5726,vi,EssentialWords/vi/these.mp3
5726,zh,EssentialWords/zh/these.mp3
5727,en,EssentialWords/en/those.mp3
5727,ar,EssentialWords/ar/those.mp3
5727,bg,EssentialWords/bg/those.mp3
5727,bn,EssentialWords/bn/those.mp3
5727,ca,EssentialWords/ca/those.mp3
5727,cs,EssentialWords/cs/those.mp3
5727,da,EssentialWords/da/those.mp3
5727,de,EssentialWords/de/those.mp3
5727,el,EssentialWords/el/those.mp3
5727,es,EssentialWords/es/those.mp3
5727,et,EssentialWords/et/those.mp3
5727,eu,EssentialWords/eu/those.mp3
5727,fi,EssentialWords/fi/those.mp3
5727,fr,EssentialWords/fr/those.mp3
5727,he,EssentialWords/he/those.mp3
5727,hi,EssentialWords/hi/those.mp3
5727,hr,EssentialWords/hr/those.mp3
5727,hu,EssentialWords/hu/those.mp3
5727,it,EssentialWords/it/those.mp3
5727,ja,EssentialWords/ja/those.mp3
5727,ko,EssentialWords/ko/those.mp3
5727,lt,EssentialWords/lt/those.mp3
5727,lv,EssentialWords/lv/those.mp3
5727,nl,EssentialWords/nl/those.mp3
5727,no,EssentialWords/no/those.mp3
5727,pl,EssentialWords/pl/those.mp3
5727,pt,EssentialWords/pt/those.mp3
5727,ro,EssentialWords/ro/those.mp3
5727,ru,EssentialWords/ru/those.mp3
5727,sk,EssentialWords/sk/those.mp3
5727,sl,EssentialWords/sl/those.mp3
5727,sv,EssentialWords/sv/those.mp3
5727,ta,EssentialWords/ta/those.mp3
5727,te,EssentialWords/te/those.mp3
5727,th,EssentialWords/th/those.mp3
5727,tr,EssentialWords/tr/those.mp3
5727,uk,EssentialWords/uk/those.mp3
5727,ur,EssentialWords/ur/those.mp3
5727,vi,EssentialWords/vi/those.mp3
5727,zh,EssentialWords/zh/those.mp3
5728,en,EssentialWords/en/who.mp3
5728,ar,EssentialWords/ar/who.mp3
5728,bg,EssentialWords/bg/who.mp3
5728,bn,EssentialWords/bn/who.mp3
5728,ca,EssentialWords/ca/who.mp3
5728,cs,EssentialWords/cs/who.mp3
5728,da,EssentialWords/da/who.mp3
5728,de,EssentialWords/de/who.mp3
5728,el,EssentialWords/el/who.mp3
5728,es,EssentialWords/es/who.mp3
5728,et,EssentialWords/et/who.mp3
5728,eu,EssentialWords/eu/who.mp3
5728,fi,EssentialWords/fi/who.mp3
5728,fr,EssentialWords/fr/who.mp3
5728,he,EssentialWords/he/who.mp3
5728,hi,EssentialWords/hi/who.mp3
5728,hr,EssentialWords/hr/who.mp3
5728,hu,EssentialWords/hu/who.mp3
5728,it,EssentialWords/it/who.mp3
5728,ja,EssentialWords/ja/who.mp3
5728,ko,EssentialWords/ko/who.mp3
5728,lt,EssentialWords/lt/who.mp3
5728,lv,EssentialWords/lv/who.mp3
5728,nl,EssentialWords/nl/who.mp3
5728,no,EssentialWords/no/who.mp3
5728,pl,EssentialWords/pl/who.mp3
5728,pt,EssentialWords/pt/who.mp3
5728,ro,EssentialWords/ro/who.mp3
5728,ru,EssentialWords/ru/who.mp3
5728,sk,EssentialWords/sk/who.mp3
5728,sl,EssentialWords/sl/who.mp3
5728,sv,EssentialWords/sv/who.mp3
5728,ta,EssentialWords/ta/who.mp3
5728,te,EssentialWords/te/who.mp3
5728,th,EssentialWords/th/who.mp3
5728,tr,EssentialWords/tr/who.mp3
5728,uk,EssentialWords/uk/who.mp3
5728,ur,EssentialWords/ur/who.mp3
5728,vi,EssentialWords/vi/who.mp3
5728,zh,EssentialWords/zh/who.mp3
5729,en,EssentialWords/en/whom.mp3
5729,ar,EssentialWords/ar/whom.mp3
5729,bg,EssentialWords/bg/whom.mp3
5729,bn,EssentialWords/bn/whom.mp3
5729,ca,EssentialWords/ca/whom.mp3
5729,cs,EssentialWords/cs/whom.mp3
5729,da,EssentialWords/da/whom.mp3
5729,de,EssentialWords/de/whom.mp3
5729,el,EssentialWords/el/whom.mp3
5729,es,EssentialWords/es/whom.mp3
5729,et,EssentialWords/et/whom.mp3
5729,eu,EssentialWords/eu/whom.mp3
5729,fi,EssentialWords/fi/whom.mp3
5729,fr,EssentialWords/fr/whom.mp3
5729,he,EssentialWords/he/whom.mp3
5729,hi,EssentialWords/hi/whom.mp3
5729,hr,EssentialWords/hr/whom.mp3
5729,hu,EssentialWords/hu/whom.mp3
5729,it,EssentialWords/it/whom.mp3
5729,ja,EssentialWords/ja/whom.mp3
5729,ko,EssentialWords/ko/whom.mp3
5729,lt,EssentialWords/lt/whom.mp3
5729,lv,EssentialWords/lv/whom.mp3
5729,nl,EssentialWords/nl/whom.mp3
5729,no,EssentialWords/no/whom.mp3
5729,pl,EssentialWords/pl/whom.mp3
5729,pt,EssentialWords/pt/whom.mp3
5729,ro,EssentialWords/ro/whom.mp3
5729,ru,EssentialWords/ru/whom.mp3
5729,sk,EssentialWords/sk/whom.mp3
5729,sl,EssentialWords/sl/whom.mp3
5729,sv,EssentialWords/sv/whom.mp3
5729,ta,EssentialWords/ta/whom.mp3
5729,te,EssentialWords/te/whom.mp3
5729,th,EssentialWords/th/whom.mp3
5729,tr,EssentialWords/tr/whom.mp3
5729,uk,EssentialWords/uk/whom.mp3
5729,ur,EssentialWords/ur/whom.mp3
5729,vi,EssentialWords/vi/whom.mp3
5729,zh,EssentialWords/zh/whom.mp3
5730,en,EssentialWords/en/whose.mp3
5730,ar,EssentialWords/ar/whose.mp3
5730,bg,EssentialWords/bg/whose.mp3
5730,bn,EssentialWords/bn/whose.mp3
5730,ca,EssentialWords/ca/whose.mp3
5730,cs,EssentialWords/cs/whose.mp3
5730,da,EssentialWords/da/whose.mp3
5730,de,EssentialWords/de/whose.mp3
5730,el,EssentialWords/el/whose.mp3
5730,es,EssentialWords/es/whose.mp3
5730,et,EssentialWords/et/whose.mp3
5730,eu,EssentialWords/eu/whose.mp3
5730,fi,EssentialWords/fi/whose.mp3
5730,fr,EssentialWords/fr/whose.mp3
5730,he,EssentialWords/he/whose.mp3
5730,hi,EssentialWords/hi/whose.mp3
5730,hr,EssentialWords/hr/whose.mp3
5730,hu,EssentialWords/hu/whose.mp3
5730,it,EssentialWords/it/whose.mp3
5730,ja,EssentialWords/ja/whose.mp3
5730,ko,EssentialWords/ko/whose.mp3
5730,lt,EssentialWords/lt/whose.mp3
5730,lv,EssentialWords/lv/whose.mp3
5730,nl,EssentialWords/nl/whose.mp3
5730,no,EssentialWords/no/whose.mp3
5730,pl,EssentialWords/pl/whose.mp3
5730,pt,EssentialWords/pt/whose.mp3
5730,ro,EssentialWords/ro/whose.mp3
5730,ru,EssentialWords/ru/whose.mp3
5730,sk,EssentialWords/sk/whose.mp3
5730,sl,EssentialWords/sl/whose.mp3
5730,sv,EssentialWords/sv/whose.mp3
5730,ta,EssentialWords/ta/whose.mp3
5730,te,EssentialWords/te/whose.mp3
5730,th,EssentialWords/th/whose.mp3
5730,tr,EssentialWords/tr/whose.mp3
5730,uk,EssentialWords/uk/whose.mp3
5730,ur,EssentialWords/ur/whose.mp3
5730,vi,EssentialWords/vi/whose.mp3
5730,zh,EssentialWords/zh/whose.mp3
5731,en,EssentialWords/en/what.mp3
5731,ar,EssentialWords/ar/what.mp3
5731,bg,EssentialWords/bg/what.mp3
5731,bn,EssentialWords/bn/what.mp3
5731,ca,EssentialWords/ca/what.mp3
5731,cs,EssentialWords/cs/what.mp3
5731,da,EssentialWords/da/what.mp3
5731,de,EssentialWords/de/what.mp3
5731,el,EssentialWords/el/what.mp3
5731,es,EssentialWords/es/what.mp3
5731,et,EssentialWords/et/what.mp3
5731,eu,EssentialWords/eu/what.mp3
5731,fi,EssentialWords/fi/what.mp3
5731,fr,EssentialWords/fr/what.mp3
5731,he,EssentialWords/he/what.mp3
5731,hi,EssentialWords/hi/what.mp3
5731,hr,EssentialWords/hr/what.mp3
5731,hu,EssentialWords/hu/what.mp3
5731,it,EssentialWords/it/what.mp3
5731,ja,EssentialWords/ja/what.mp3
5731,ko,EssentialWords/ko/what.mp3
5731,lt,EssentialWords/lt/what.mp3
5731,lv,EssentialWords/lv/what.mp3
5731,nl,EssentialWords/nl/what.mp3
5731,no,EssentialWords/no/what.mp3
5731,pl,EssentialWords/pl/what.mp3
5731,pt,EssentialWords/pt/what.mp3
5731,ro,EssentialWords/ro/what.mp3
5731,ru,EssentialWords/ru/what.mp3
5731,sk,EssentialWords/sk/what.mp3
5731,sl,EssentialWords/sl/what.mp3
5731,sv,EssentialWords/sv/what.mp3
5731,ta,EssentialWords/ta/what.mp3
5731,te,EssentialWords/te/what.mp3
5731,th,EssentialWords/th/what.mp3
5731,tr,EssentialWords/tr/what.mp3
5731,uk,EssentialWords/uk/what.mp3
5731,ur,EssentialWords/ur/what.mp3
5731,vi,EssentialWords/vi/what.mp3
5731,zh,EssentialWords/zh/what.mp3
5732,en,EssentialWords/en/which.mp3
5732,ar,EssentialWords/ar/which.mp3
5732,bg,EssentialWords/bg/which.mp3
5732,bn,EssentialWords/bn/which.mp3
5732,ca,EssentialWords/ca/which.mp3
5732,cs,EssentialWords/cs/which.mp3
5732,da,EssentialWords/da/which.mp3
5732,de,EssentialWords/de/which.mp3
5732,el,EssentialWords/el/which.mp3
5732,es,EssentialWords/es/which.mp3
5732,et,EssentialWords/et/which.mp3
5732,eu,EssentialWords/eu/which.mp3
5732,fi,EssentialWords/fi/which.mp3
5732,fr,EssentialWords/fr/which.mp3
5732,he,EssentialWords/he/which.mp3
5732,hi,EssentialWords/hi/which.mp3
5732,hr,EssentialWords/hr/which.mp3
5732,hu,EssentialWords/hu/which.mp3
5732,it,EssentialWords/it/which.mp3
5732,ja,EssentialWords/ja/which.mp3
5732,ko,EssentialWords/ko/which.mp3
5732,lt,EssentialWords/lt/which.mp3
5732,lv,EssentialWords/lv/which.mp3
5732,nl,EssentialWords/nl/which.mp3
5732,no,EssentialWords/no/which.mp3
5732,pl,EssentialWords/pl/which.mp3
5732,pt,EssentialWords/pt/which.mp3
5732,ro,EssentialWords/ro/which.mp3
5732,ru,EssentialWords/ru/which.mp3
5732,sk,EssentialWords/sk/which.mp3
5732,sl,EssentialWords/sl/which.mp3
5732,sv,EssentialWords/sv/which.mp3
5732,ta,EssentialWords/ta/which.mp3
5732,te,EssentialWords/te/which.mp3
5732,th,EssentialWords/th/which.mp3
5732,tr,EssentialWords/tr/which.mp3
5732,uk,EssentialWords/uk/which.mp3
5732,ur,EssentialWords/ur/which.mp3
5732,vi,EssentialWords/vi/which.mp3
5732,zh,EssentialWords/zh/which.mp3
5733,en,EssentialWords/en/that.mp3
5733,ar,EssentialWords/ar/that.mp3
5733,bg,EssentialWords/bg/that.mp3
5733,bn,EssentialWords/bn/that.mp3
5733,ca,EssentialWords/ca/that.mp3
5733,cs,EssentialWords/cs/that.mp3
5733,da,EssentialWords/da/that.mp3
5733,de,EssentialWords/de/that.mp3
5733,el,EssentialWords/el/that.mp3
5733,es,EssentialWords/es/that.mp3
5733,et,EssentialWords/et/that.mp3
5733,eu,EssentialWords/eu/that.mp3
5733,fi,EssentialWords/fi/that.mp3
5733,fr,EssentialWords/fr/that.mp3
5733,he,EssentialWords/he/that.mp3
5733,hi,EssentialWords/hi/that.mp3
5733,hr,EssentialWords/hr/that.mp3
5733,hu,EssentialWords/hu/that.mp3
5733,it,EssentialWords/it/that.mp3
5733,ja,EssentialWords/ja/that.mp3
5733,ko,EssentialWords/ko/that.mp3
5733,lt,EssentialWords/lt/that.mp3
5733,lv,EssentialWords/lv/that.mp3
5733,nl,EssentialWords/nl/that.mp3
5733,no,EssentialWords/no/that.mp3
5733,pl,EssentialWords/pl/that.mp3
5733,pt,EssentialWords/pt/that.mp3
5733,ro,EssentialWords/ro/that.mp3
5733,ru,EssentialWords/ru/that.mp3
5733,sk,EssentialWords/sk/that.mp3
5733,sl,EssentialWords/sl/that.mp3
5733,sv,EssentialWords/sv/that.mp3
5733,ta,EssentialWords/ta/that.mp3
5733,te,EssentialWords/te/that.mp3
5733,th,EssentialWords/th/that.mp3
5733,tr,EssentialWords/tr/that.mp3
5733,uk,EssentialWords/uk/that.mp3
5733,ur,EssentialWords/ur/that.mp3
5733,vi,EssentialWords/vi/that.mp3
5733,zh,EssentialWords/zh/that.mp3
5734,en,EssentialWords/en/whoever.mp3
5734,ar,EssentialWords/ar/whoever.mp3
5734,bg,EssentialWords/bg/whoever.mp3
5734,bn,EssentialWords/bn/whoever.mp3
5734,ca,EssentialWords/ca/whoever.mp3
5734,cs,EssentialWords/cs/whoever.mp3
5734,da,EssentialWords/da/whoever.mp3
5734,de,EssentialWords/de/whoever.mp3
5734,el,EssentialWords/el/whoever.mp3
5734,es,EssentialWords/es/whoever.mp3
5734,et,EssentialWords/et/whoever.mp3
5734,eu,EssentialWords/eu/whoever.mp3
5734,fi,EssentialWords/fi/whoever.mp3
5734,fr,EssentialWords/fr/whoever.mp3
5734,he,EssentialWords/he/whoever.mp3
5734,hi,EssentialWords/hi/whoever.mp3
5734,hr,EssentialWords/hr/whoever.mp3
5734,hu,EssentialWords/hu/whoever.mp3
5734,it,EssentialWords/it/whoever.mp3
5734,ja,EssentialWords/ja/whoever.mp3
5734,ko,EssentialWords/ko/whoever.mp3
5734,lt,EssentialWords/lt/whoever.mp3
5734,lv,EssentialWords/lv/whoever.mp3
5734,nl,EssentialWords/nl/whoever.mp3
5734,no,EssentialWords/no/whoever.mp3
5734,pl,EssentialWords/pl/whoever.mp3
5734,pt,EssentialWords/pt/whoever.mp3
5734,ro,EssentialWords/ro/whoever.mp3
5734,ru,EssentialWords/ru/whoever.mp3
5734,sk,EssentialWords/sk/whoever.mp3
5734,sl,EssentialWords/sl/whoever.mp3
5734,sv,EssentialWords/sv/whoever.mp3
5734,ta,EssentialWords/ta/whoever.mp3
5734,te,EssentialWords/te/whoever.mp3
5734,th,EssentialWords/th/whoever.mp3
5734,tr,EssentialWords/tr/whoever.mp3
5734,uk,EssentialWords/uk/whoever.mp3
5734,ur,EssentialWords/ur/whoever.mp3
5734,vi,EssentialWords/vi/whoever.mp3
5734,zh,EssentialWords/zh/whoever.mp3
5735,en,EssentialWords/en/whatever.mp3
5735,ar,EssentialWords/ar/whatever.mp3
5735,bg,EssentialWords/bg/whatever.mp3
5735,bn,EssentialWords/bn/whatever.mp3
5735,ca,EssentialWords/ca/whatever.mp3
5735,cs,EssentialWords/cs/whatever.mp3
5735,da,EssentialWords/da/whatever.mp3
5735,de,EssentialWords/de/whatever.mp3
5735,el,EssentialWords/el/whatever.mp3
5735,es,EssentialWords/es/whatever.mp3
5735,et,EssentialWords/et/whatever.mp3
5735,eu,EssentialWords/eu/whatever.mp3
5735,fi,EssentialWords/fi/whatever.mp3
5735,fr,EssentialWords/fr/whatever.mp3
5735,he,EssentialWords/he/whatever.mp3
5735,hi,EssentialWords/hi/whatever.mp3
5735,hr,EssentialWords/hr/whatever.mp3
5735,hu,EssentialWords/hu/whatever.mp3
5735,it,EssentialWords/it/whatever.mp3
5735,ja,EssentialWords/ja/whatever.mp3
5735,ko,EssentialWords/ko/whatever.mp3
5735,lt,EssentialWords/lt/whatever.mp3
5735,lv,EssentialWords/lv/whatever.mp3
5735,nl,EssentialWords/nl/whatever.mp3
5735,no,EssentialWords/no/whatever.mp3
5735,pl,EssentialWords/pl/whatever.mp3
5735,pt,EssentialWords/pt/whatever.mp3
5735,ro,EssentialWords/ro/whatever.mp3
5735,ru,EssentialWords/ru/whatever.mp3
5735,sk,EssentialWords/sk/whatever.mp3
5735,sl,EssentialWords/sl/whatever.mp3
5735,sv,EssentialWords/sv/whatever.mp3
5735,ta,EssentialWords/ta/whatever.mp3
5735,te,EssentialWords/te/whatever.mp3
5735,th,EssentialWords/th/whatever.mp3
5735,tr,EssentialWords/tr/whatever.mp3
5735,uk,EssentialWords/uk/whatever.mp3
5735,ur,EssentialWords/ur/whatever.mp3
5735,vi,EssentialWords/vi/whatever.mp3
5735,zh,EssentialWords/zh/whatever.mp3
5736,en,EssentialWords/en/whichever.mp3
5736,ar,EssentialWords/ar/whichever.mp3
5736,bg,EssentialWords/bg/whichever.mp3
5736,bn,EssentialWords/bn/whichever.mp3
5736,ca,EssentialWords/ca/whichever.mp3
5736,cs,EssentialWords/cs/whichever.mp3
5736,da,EssentialWords/da/whichever.mp3
5736,de,EssentialWords/de/whichever.mp3
5736,el,EssentialWords/el/whichever.mp3
5736,es,EssentialWords/es/whichever.mp3
5736,et,EssentialWords/et/whichever.mp3
5736,eu,EssentialWords/eu/whichever.mp3
5736,fi,EssentialWords/fi/whichever.mp3
5736,fr,EssentialWords/fr/whichever.mp3
5736,he,EssentialWords/he/whichever.mp3
5736,hi,EssentialWords/hi/whichever.mp3
5736,hr,EssentialWords/hr/whichever.mp3
5736,hu,EssentialWords/hu/whichever.mp3
5736,it,EssentialWords/it/whichever.mp3
5736,ja,EssentialWords/ja/whichever.mp3
5736,ko,EssentialWords/ko/whichever.mp3
5736,lt,EssentialWords/lt/whichever.mp3
5736,lv,EssentialWords/lv/whichever.mp3
5736,nl,EssentialWords/nl/whichever.mp3
5736,no,EssentialWords/no/whichever.mp3
5736,pl,EssentialWords/pl/whichever.mp3
5736,pt,EssentialWords/pt/whichever.mp3
5736,ro,EssentialWords/ro/whichever.mp3
5736,ru,EssentialWords/ru/whichever.mp3
5736,sk,EssentialWords/sk/whichever.mp3
5736,sl,EssentialWords/sl/whichever.mp3
5736,sv,EssentialWords/sv/whichever.mp3
5736,ta,EssentialWords/ta/whichever.mp3
5736,te,EssentialWords/te/whichever.mp3
5736,th,EssentialWords/th/whichever.mp3
5736,tr,EssentialWords/tr/whichever.mp3
5736,uk,EssentialWords/uk/whichever.mp3
5736,ur,EssentialWords/ur/whichever.mp3
5736,vi,EssentialWords/vi/whichever.mp3
5736,zh,EssentialWords/zh/whichever.mp3
5737,en,EssentialWords/en/someone.mp3
5737,ar,EssentialWords/ar/someone.mp3
5737,bg,EssentialWords/bg/someone.mp3
5737,bn,EssentialWords/bn/someone.mp3
5737,ca,EssentialWords/ca/someone.mp3
5737,cs,EssentialWords/cs/someone.mp3
5737,da,EssentialWords/da/someone.mp3
5737,de,EssentialWords/de/someone.mp3
5737,el,EssentialWords/el/someone.mp3
5737,es,EssentialWords/es/someone.mp3
5737,et,EssentialWords/et/someone.mp3
5737,eu,EssentialWords/eu/someone.mp3
5737,fi,EssentialWords/fi/someone.mp3
5737,fr,EssentialWords/fr/someone.mp3
5737,he,EssentialWords/he/someone.mp3
5737,hi,EssentialWords/hi/someone.mp3
5737,hr,EssentialWords/hr/someone.mp3
5737,hu,EssentialWords/hu/someone.mp3
5737,it,EssentialWords/it/someone.mp3
5737,ja,EssentialWords/ja/someone.mp3
5737,ko,EssentialWords/ko/someone.mp3
5737,lt,EssentialWords/lt/someone.mp3
5737,lv,EssentialWords/lv/someone.mp3
5737,nl,EssentialWords/nl/someone.mp3
5737,no,EssentialWords/no/someone.mp3
5737,pl,EssentialWords/pl/someone.mp3
5737,pt,EssentialWords/pt/someone.mp3
5737,ro,EssentialWords/ro/someone.mp3
5737,ru,EssentialWords/ru/someone.mp3
5737,sk,EssentialWords/sk/someone.mp3
5737,sl,EssentialWords/sl/someone.mp3
5737,sv,EssentialWords/sv/someone.mp3
5737,ta,EssentialWords/ta/someone.mp3
5737,te,EssentialWords/te/someone.mp3
5737,th,EssentialWords/th/someone.mp3
5737,tr,EssentialWords/tr/someone.mp3
5737,uk,EssentialWords/uk/someone.mp3
5737,ur,EssentialWords/ur/someone.mp3
5737,vi,EssentialWords/vi/someone.mp3
5737,zh,EssentialWords/zh/someone.mp3
5738,en,EssentialWords/en/anyone.mp3
5738,ar,EssentialWords/ar/anyone.mp3
5738,bg,EssentialWords/bg/anyone.mp3
5738,bn,EssentialWords/bn/anyone.mp3
5738,ca,EssentialWords/ca/anyone.mp3
5738,cs,EssentialWords/cs/anyone.mp3
5738,da,EssentialWords/da/anyone.mp3
5738,de,EssentialWords/de/anyone.mp3
5738,el,EssentialWords/el/anyone.mp3
5738,es,EssentialWords/es/anyone.mp3
5738,et,EssentialWords/et/anyone.mp3
5738,eu,EssentialWords/eu/anyone.mp3
5738,fi,EssentialWords/fi/anyone.mp3
5738,fr,EssentialWords/fr/anyone.mp3
5738,he,EssentialWords/he/anyone.mp3
5738,hi,EssentialWords/hi/anyone.mp3
5738,hr,EssentialWords/hr/anyone.mp3
5738,hu,EssentialWords/hu/anyone.mp3
5738,it,EssentialWords/it/anyone.mp3
5738,ja,EssentialWords/ja/anyone.mp3
5738,ko,EssentialWords/ko/anyone.mp3
5738,lt,EssentialWords/lt/anyone.mp3
5738,lv,EssentialWords/lv/anyone.mp3
5738,nl,EssentialWords/nl/anyone.mp3
5738,no,EssentialWords/no/anyone.mp3
5738,pl,EssentialWords/pl/anyone.mp3
5738,pt,EssentialWords/pt/anyone.mp3
5738,ro,EssentialWords/ro/anyone.mp3
5738,ru,EssentialWords/ru/anyone.mp3
5738,sk,EssentialWords/sk/anyone.mp3
5738,sl,EssentialWords/sl/anyone.mp3
5738,sv,EssentialWords/sv/anyone.mp3
5738,ta,EssentialWords/ta/anyone.mp3
5738,te,EssentialWords/te/anyone.mp3
5738,th,EssentialWords/th/anyone.mp3
5738,tr,EssentialWords/tr/anyone.mp3
5738,uk,EssentialWords/uk/anyone.mp3
5738,ur,EssentialWords/ur/anyone.mp3
5738,vi,EssentialWords/vi/anyone.mp3
5738,zh,EssentialWords/zh/anyone.mp3
5739,en,EssentialWords/en/everyone.mp3
5739,ar,EssentialWords/ar/everyone.mp3
5739,bg,EssentialWords/bg/everyone.mp3
5739,bn,EssentialWords/bn/everyone.mp3
5739,ca,EssentialWords/ca/everyone.mp3
5739,cs,EssentialWords/cs/everyone.mp3
5739,da,EssentialWords/da/everyone.mp3
5739,de,EssentialWords/de/everyone.mp3
5739,el,EssentialWords/el/everyone.mp3
5739,es,EssentialWords/es/everyone.mp3
5739,et,EssentialWords/et/everyone.mp3
5739,eu,EssentialWords/eu/everyone.mp3
5739,fi,EssentialWords/fi/everyone.mp3
5739,fr,EssentialWords/fr/everyone.mp3
5739,he,EssentialWords/he/everyone.mp3
5739,hi,EssentialWords/hi/everyone.mp3
5739,hr,EssentialWords/hr/everyone.mp3
5739,hu,EssentialWords/hu/everyone.mp3
5739,it,EssentialWords/it/everyone.mp3
5739,ja,EssentialWords/ja/everyone.mp3
5739,ko,EssentialWords/ko/everyone.mp3
5739,lt,EssentialWords/lt/everyone.mp3
5739,lv,EssentialWords/lv/everyone.mp3
5739,nl,EssentialWords/nl/everyone.mp3
5739,no,EssentialWords/no/everyone.mp3
5739,pl,EssentialWords/pl/everyone.mp3
5739,pt,EssentialWords/pt/everyone.mp3
5739,ro,EssentialWords/ro/everyone.mp3
5739,ru,EssentialWords/ru/everyone.mp3
5739,sk,EssentialWords/sk/everyone.mp3
5739,sl,EssentialWords/sl/everyone.mp3
5739,sv,EssentialWords/sv/everyone.mp3
5739,ta,EssentialWords/ta/everyone.mp3
5739,te,EssentialWords/te/everyone.mp3
5739,th,EssentialWords/th/everyone.mp3
5739,tr,EssentialWords/tr/everyone.mp3
5739,uk,EssentialWords/uk/everyone.mp3
5739,ur,EssentialWords/ur/everyone.mp3
5739,vi,EssentialWords/vi/everyone.mp3
5739,zh,EssentialWords/zh/everyone.mp3
5740,en,EssentialWords/en/no_one.mp3
5740,ar,EssentialWords/ar/no_one.mp3
5740,bg,EssentialWords/bg/no_one.mp3
5740,bn,EssentialWords/bn/no_one.mp3
5740,ca,EssentialWords/ca/no_one.mp3
5740,cs,EssentialWords/cs/no_one.mp3
5740,da,EssentialWords/da/no_one.mp3
5740,de,EssentialWords/de/no_one.mp3
5740,el,EssentialWords/el/no_one.mp3
5740,es,EssentialWords/es/no_one.mp3
5740,et,EssentialWords/et/no_one.mp3
5740,eu,EssentialWords/eu/no_one.mp3
5740,fi,EssentialWords/fi/no_one.mp3
5740,fr,EssentialWords/fr/no_one.mp3
5740,he,EssentialWords/he/no_one.mp3
5740,hi,EssentialWords/hi/no_one.mp3
5740,hr,EssentialWords/hr/no_one.mp3
5740,hu,EssentialWords/hu/no_one.mp3
5740,it,EssentialWords/it/no_one.mp3
5740,ja,EssentialWords/ja/no_one.mp3
5740,ko,EssentialWords/ko/no_one.mp3
5740,lt,EssentialWords/lt/no_one.mp3
5740,lv,EssentialWords/lv/no_one.mp3
5740,nl,EssentialWords/nl/no_one.mp3
5740,no,EssentialWords/no/no_one.mp3
5740,pl,EssentialWords/pl/no_one.mp3
5740,pt,EssentialWords/pt/no_one.mp3
5740,ro,EssentialWords/ro/no_one.mp3
5740,ru,EssentialWords/ru/no_one.mp3
5740,sk,EssentialWords/sk/no_one.mp3
5740,sl,EssentialWords/sl/no_one.mp3
5740,sv,EssentialWords/sv/no_one.mp3
5740,ta,EssentialWords/ta/no_one.mp3
5740,te,EssentialWords/te/no_one.mp3
5740,th,EssentialWords/th/no_one.mp3
5740,tr,EssentialWords/tr/no_one.mp3
5740,uk,EssentialWords/uk/no_one.mp3
5740,ur,EssentialWords/ur/no_one.mp3
5740,vi,EssentialWords/vi/no_one.mp3
5740,zh,EssentialWords/zh/no_one.mp3
5741,en,EssentialWords/en/somebody.mp3
5741,ar,EssentialWords/ar/somebody.mp3
5741,bg,EssentialWords/bg/somebody.mp3
5741,bn,EssentialWords/bn/somebody.mp3
5741,ca,EssentialWords/ca/somebody.mp3
5741,cs,EssentialWords/cs/somebody.mp3
5741,da,EssentialWords/da/somebody.mp3
5741,de,EssentialWords/de/somebody.mp3
5741,el,EssentialWords/el/somebody.mp3
5741,es,EssentialWords/es/somebody.mp3
5741,et,EssentialWords/et/somebody.mp3
5741,eu,EssentialWords/eu/somebody.mp3
5741,fi,EssentialWords/fi/somebody.mp3
5741,fr,EssentialWords/fr/somebody.mp3
5741,he,EssentialWords/he/somebody.mp3
5741,hi,EssentialWords/hi/somebody.mp3
5741,hr,EssentialWords/hr/somebody.mp3
5741,hu,EssentialWords/hu/somebody.mp3
5741,it,EssentialWords/it/somebody.mp3
5741,ja,EssentialWords/ja/somebody.mp3
5741,ko,EssentialWords/ko/somebody.mp3
5741,lt,EssentialWords/lt/somebody.mp3
5741,lv,EssentialWords/lv/somebody.mp3
5741,nl,EssentialWords/nl/somebody.mp3
5741,no,EssentialWords/no/somebody.mp3
5741,pl,EssentialWords/pl/somebody.mp3
5741,pt,EssentialWords/pt/somebody.mp3
5741,ro,EssentialWords/ro/somebody.mp3
5741,ru,EssentialWords/ru/somebody.mp3
5741,sk,EssentialWords/sk/somebody.mp3
5741,sl,EssentialWords/sl/somebody.mp3
5741,sv,EssentialWords/sv/somebody.mp3
5741,ta,EssentialWords/ta/somebody.mp3
5741,te,EssentialWords/te/somebody.mp3
5741,th,EssentialWords/th/somebody.mp3
5741,tr,EssentialWords/tr/somebody.mp3
5741,uk,EssentialWords/uk/somebody.mp3
5741,ur,EssentialWords/ur/somebody.mp3
5741,vi,EssentialWords/vi/somebody.mp3
5741,zh,EssentialWords/zh/somebody.mp3
5742,en,EssentialWords/en/anybody.mp3
5742,ar,EssentialWords/ar/anybody.mp3
5742,bg,EssentialWords/bg/anybody.mp3
5742,bn,EssentialWords/bn/anybody.mp3
5742,ca,EssentialWords/ca/anybody.mp3
5742,cs,EssentialWords/cs/anybody.mp3
5742,da,EssentialWords/da/anybody.mp3
5742,de,EssentialWords/de/anybody.mp3
5742,el,EssentialWords/el/anybody.mp3
5742,es,EssentialWords/es/anybody.mp3
5742,et,EssentialWords/et/anybody.mp3
5742,eu,EssentialWords/eu/anybody.mp3
5742,fi,EssentialWords/fi/anybody.mp3
5742,fr,EssentialWords/fr/anybody.mp3
5742,he,EssentialWords/he/anybody.mp3
5742,hi,EssentialWords/hi/anybody.mp3
5742,hr,EssentialWords/hr/anybody.mp3
5742,hu,EssentialWords/hu/anybody.mp3
5742,it,EssentialWords/it/anybody.mp3
5742,ja,EssentialWords/ja/anybody.mp3
5742,ko,EssentialWords/ko/anybody.mp3
5742,lt,EssentialWords/lt/anybody.mp3
5742,lv,EssentialWords/lv/anybody.mp3
5742,nl,EssentialWords/nl/anybody.mp3
5742,no,EssentialWords/no/anybody.mp3
5742,pl,EssentialWords/pl/anybody.mp3
5742,pt,EssentialWords/pt/anybody.mp3
5742,ro,EssentialWords/ro/anybody.mp3
5742,ru,EssentialWords/ru/anybody.mp3
5742,sk,EssentialWords/sk/anybody.mp3
5742,sl,EssentialWords/sl/anybody.mp3
5742,sv,EssentialWords/sv/anybody.mp3
5742,ta,EssentialWords/ta/anybody.mp3
5742,te,EssentialWords/te/anybody.mp3
5742,th,EssentialWords/th/anybody.mp3
5742,tr,EssentialWords/tr/anybody.mp3
5742,uk,EssentialWords/uk/anybody.mp3
5742,ur,EssentialWords/ur/anybody.mp3
5742,vi,EssentialWords/vi/anybody.mp3
5742,zh,EssentialWords/zh/anybody.mp3
5743,en,EssentialWords/en/everybody.mp3
5743,ar,EssentialWords/ar/everybody.mp3
5743,bg,EssentialWords/bg/everybody.mp3
5743,bn,EssentialWords/bn/everybody.mp3
5743,ca,EssentialWords/ca/everybody.mp3
5743,cs,EssentialWords/cs/everybody.mp3
5743,da,EssentialWords/da/everybody.mp3
5743,de,EssentialWords/de/everybody.mp3
5743,el,EssentialWords/el/everybody.mp3
5743,es,EssentialWords/es/everybody.mp3
5743,et,EssentialWords/et/everybody.mp3
5743,eu,EssentialWords/eu/everybody.mp3
5743,fi,EssentialWords/fi/everybody.mp3
5743,fr,EssentialWords/fr/everybody.mp3
5743,he,EssentialWords/he/everybody.mp3
5743,hi,EssentialWords/hi/everybody.mp3
5743,hr,EssentialWords/hr/everybody.mp3
5743,hu,EssentialWords/hu/everybody.mp3
5743,it,EssentialWords/it/everybody.mp3
5743,ja,EssentialWords/ja/everybody.mp3
5743,ko,EssentialWords/ko/everybody.mp3
5743,lt,EssentialWords/lt/everybody.mp3
5743,lv,EssentialWords/lv/everybody.mp3
5743,nl,EssentialWords/nl/everybody.mp3
5743,no,EssentialWords/no/everybody.mp3
5743,pl,EssentialWords/pl/everybody.mp3
5743,pt,EssentialWords/pt/everybody.mp3
5743,ro,EssentialWords/ro/everybody.mp3
5743,ru,EssentialWords/ru/everybody.mp3
5743,sk,EssentialWords/sk/everybody.mp3
5743,sl,EssentialWords/sl/everybody.mp3
5743,sv,EssentialWords/sv/everybody.mp3
5743,ta,EssentialWords/ta/everybody.mp3
5743,te,EssentialWords/te/everybody.mp3
5743,th,EssentialWords/th/everybody.mp3
5743,tr,EssentialWords/tr/everybody.mp3
5743,uk,EssentialWords/uk/everybody.mp3
5743,ur,EssentialWords/ur/everybody.mp3
5743,vi,EssentialWords/vi/everybody.mp3
5743,zh,EssentialWords/zh/everybody.mp3
5744,en,EssentialWords/en/nobody.mp3
5744,ar,EssentialWords/ar/nobody.mp3
5744,bg,EssentialWords/bg/nobody.mp3
5744,bn,EssentialWords/bn/nobody.mp3
5744,ca,EssentialWords/ca/nobody.mp3
5744,cs,EssentialWords/cs/nobody.mp3
5744,da,EssentialWords/da/nobody.mp3
5744,de,EssentialWords/de/nobody.mp3
5744,el,EssentialWords/el/nobody.mp3
5744,es,EssentialWords/es/nobody.mp3
5744,et,EssentialWords/et/nobody.mp3
5744,eu,EssentialWords/eu/nobody.mp3
5744,fi,EssentialWords/fi/nobody.mp3
5744,fr,EssentialWords/fr/nobody.mp3
5744,he,EssentialWords/he/nobody.mp3
5744,hi,EssentialWords/hi/nobody.mp3
5744,hr,EssentialWords/hr/nobody.mp3
5744,hu,EssentialWords/hu/nobody.mp3
5744,it,EssentialWords/it/nobody.mp3
5744,ja,EssentialWords/ja/nobody.mp3
5744,ko,EssentialWords/ko/nobody.mp3
5744,lt,EssentialWords/lt/nobody.mp3
5744,lv,EssentialWords/lv/nobody.mp3
5744,nl,EssentialWords/nl/nobody.mp3
5744,no,EssentialWords/no/nobody.mp3
5744,pl,EssentialWords/pl/nobody.mp3
5744,pt,EssentialWords/pt/nobody.mp3
5744,ro,EssentialWords/ro/nobody.mp3
5744,ru,EssentialWords/ru/nobody.mp3
5744,sk,EssentialWords/sk/nobody.mp3
5744,sl,EssentialWords/sl/nobody.mp3
5744,sv,EssentialWords/sv/nobody.mp3
5744,ta,EssentialWords/ta/nobody.mp3
5744,te,EssentialWords/te/nobody.mp3
5744,th,EssentialWords/th/nobody.mp3
5744,tr,EssentialWords/tr/nobody.mp3
5744,uk,EssentialWords/uk/nobody.mp3
5744,ur,EssentialWords/ur/nobody.mp3
5744,vi,EssentialWords/vi/nobody.mp3
5744,zh,EssentialWords/zh/nobody.mp3
5745,en,EssentialWords/en/something.mp3
5745,ar,EssentialWords/ar/something.mp3
5745,bg,EssentialWords/bg/something.mp3
5745,bn,EssentialWords/bn/something.mp3
5745,ca,EssentialWords/ca/something.mp3
5745,cs,EssentialWords/cs/something.mp3
5745,da,EssentialWords/da/something.mp3
5745,de,EssentialWords/de/something.mp3
5745,el,EssentialWords/el/something.mp3
5745,es,EssentialWords/es/something.mp3
5745,et,EssentialWords/et/something.mp3
5745,eu,EssentialWords/eu/something.mp3
5745,fi,EssentialWords/fi/something.mp3
5745,fr,EssentialWords/fr/something.mp3
5745,he,EssentialWords/he/something.mp3
5745,hi,EssentialWords/hi/something.mp3
5745,hr,EssentialWords/hr/something.mp3
5745,hu,EssentialWords/hu/something.mp3
5745,it,EssentialWords/it/something.mp3
5745,ja,EssentialWords/ja/something.mp3
5745,ko,EssentialWords/ko/something.mp3
5745,lt,EssentialWords/lt/something.mp3
5745,lv,EssentialWords/lv/something.mp3
5745,nl,EssentialWords/nl/something.mp3
5745,no,EssentialWords/no/something.mp3
5745,pl,EssentialWords/pl/something.mp3
5745,pt,EssentialWords/pt/something.mp3
5745,ro,EssentialWords/ro/something.mp3
5745,ru,EssentialWords/ru/something.mp3
5745,sk,EssentialWords/sk/something.mp3
5745,sl,EssentialWords/sl/something.mp3
5745,sv,EssentialWords/sv/something.mp3
5745,ta,EssentialWords/ta/something.mp3
5745,te,EssentialWords/te/something.mp3
5745,th,EssentialWords/th/something.mp3
5745,tr,EssentialWords/tr/something.mp3
5745,uk,EssentialWords/uk/something.mp3
5745,ur,EssentialWords/ur/something.mp3
5745,vi,EssentialWords/vi/something.mp3
5745,zh,EssentialWords/zh/something.mp3
5746,en,EssentialWords/en/anything.mp3
5746,ar,EssentialWords/ar/anything.mp3
5746,bg,EssentialWords/bg/anything.mp3
5746,bn,EssentialWords/bn/anything.mp3
5746,ca,EssentialWords/ca/anything.mp3
5746,cs,EssentialWords/cs/anything.mp3
5746,da,EssentialWords/da/anything.mp3
5746,de,EssentialWords/de/anything.mp3
5746,el,EssentialWords/el/anything.mp3
5746,es,EssentialWords/es/anything.mp3
5746,et,EssentialWords/et/anything.mp3
5746,eu,EssentialWords/eu/anything.mp3
5746,fi,EssentialWords/fi/anything.mp3
5746,fr,EssentialWords/fr/anything.mp3
5746,he,EssentialWords/he/anything.mp3
5746,hi,EssentialWords/hi/anything.mp3
5746,hr,EssentialWords/hr/anything.mp3
5746,hu,EssentialWords/hu/anything.mp3
5746,it,EssentialWords/it/anything.mp3
5746,ja,EssentialWords/ja/anything.mp3
5746,ko,EssentialWords/ko/anything.mp3
5746,lt,EssentialWords/lt/anything.mp3
5746,lv,EssentialWords/lv/anything.mp3
5746,nl,EssentialWords/nl/anything.mp3
5746,no,EssentialWords/no/anything.mp3
5746,pl,EssentialWords/pl/anything.mp3
5746,pt,EssentialWords/pt/anything.mp3
5746,ro,EssentialWords/ro/anything.mp3
5746,ru,EssentialWords/ru/anything.mp3
5746,sk,EssentialWords/sk/anything.mp3
5746,sl,EssentialWords/sl/anything.mp3
5746,sv,EssentialWords/sv/anything.mp3
5746,ta,EssentialWords/ta/anything.mp3
5746,te,EssentialWords/te/anything.mp3
5746,th,EssentialWords/th/anything.mp3
5746,tr,EssentialWords/tr/anything.mp3
5746,uk,EssentialWords/uk/anything.mp3
5746,ur,EssentialWords/ur/anything.mp3
5746,vi,EssentialWords/vi/anything.mp3
5746,zh,EssentialWords/zh/anything.mp3
5747,en,EssentialWords/en/everything.mp3
5747,ar,EssentialWords/ar/everything.mp3
5747,bg,EssentialWords/bg/everything.mp3
5747,bn,EssentialWords/bn/everything.mp3
5747,ca,EssentialWords/ca/everything.mp3
5747,cs,EssentialWords/cs/everything.mp3
5747,da,EssentialWords/da/everything.mp3
5747,de,EssentialWords/de/everything.mp3
5747,el,EssentialWords/el/everything.mp3
5747,es,EssentialWords/es/everything.mp3
5747,et,EssentialWords/et/everything.mp3
5747,eu,EssentialWords/eu/everything.mp3
5747,fi,EssentialWords/fi/everything.mp3
5747,fr,EssentialWords/fr/everything.mp3
5747,he,EssentialWords/he/everything.mp3
5747,hi,EssentialWords/hi/everything.mp3
5747,hr,EssentialWords/hr/everything.mp3
5747,hu,EssentialWords/hu/everything.mp3
5747,it,EssentialWords/it/everything.mp3
5747,ja,EssentialWords/ja/everything.mp3
5747,ko,EssentialWords/ko/everything.mp3
5747,lt,EssentialWords/lt/everything.mp3
5747,lv,EssentialWords/lv/everything.mp3
5747,nl,EssentialWords/nl/everything.mp3
5747,no,EssentialWords/no/everything.mp3
5747,pl,EssentialWords/pl/everything.mp3
5747,pt,EssentialWords/pt/everything.mp3
5747,ro,EssentialWords/ro/everything.mp3
5747,ru,EssentialWords/ru/everything.mp3
5747,sk,EssentialWords/sk/everything.mp3
5747,sl,EssentialWords/sl/everything.mp3
5747,sv,EssentialWords/sv/everything.mp3
5747,ta,EssentialWords/ta/everything.mp3
5747,te,EssentialWords/te/everything.mp3
5747,th,EssentialWords/th/everything.mp3
5747,tr,EssentialWords/tr/everything.mp3
5747,uk,EssentialWords/uk/everything.mp3
5747,ur,EssentialWords/ur/everything.mp3
5747,vi,EssentialWords/vi/everything.mp3
5747,zh,EssentialWords/zh/everything.mp3
5748,en,EssentialWords/en/nothing.mp3
5748,ar,EssentialWords/ar/nothing.mp3
5748,bg,EssentialWords/bg/nothing.mp3
5748,bn,EssentialWords/bn/nothing.mp3
5748,ca,EssentialWords/ca/nothing.mp3
5748,cs,EssentialWords/cs/nothing.mp3
5748,da,EssentialWords/da/nothing.mp3
5748,de,EssentialWords/de/nothing.mp3
5748,el,EssentialWords/el/nothing.mp3
5748,es,EssentialWords/es/nothing.mp3
5748,et,EssentialWords/et/nothing.mp3
5748,eu,EssentialWords/eu/nothing.mp3
5748,fi,EssentialWords/fi/nothing.mp3
5748,fr,EssentialWords/fr/nothing.mp3
5748,he,EssentialWords/he/nothing.mp3
5748,hi,EssentialWords/hi/nothing.mp3
5748,hr,EssentialWords/hr/nothing.mp3
5748,hu,EssentialWords/hu/nothing.mp3
5748,it,EssentialWords/it/nothing.mp3
5748,ja,EssentialWords/ja/nothing.mp3
5748,ko,EssentialWords/ko/nothing.mp3
5748,lt,EssentialWords/lt/nothing.mp3
5748,lv,EssentialWords/lv/nothing.mp3
5748,nl,EssentialWords/nl/nothing.mp3
5748,no,EssentialWords/no/nothing.mp3
5748,pl,EssentialWords/pl/nothing.mp3
5748,pt,EssentialWords/pt/nothing.mp3
5748,ro,EssentialWords/ro/nothing.mp3
5748,ru,EssentialWords/ru/nothing.mp3
5748,sk,EssentialWords/sk/nothing.mp3
5748,sl,EssentialWords/sl/nothing.mp3
5748,sv,EssentialWords/sv/nothing.mp3
5748,ta,EssentialWords/ta/nothing.mp3
5748,te,EssentialWords/te/nothing.mp3
5748,th,EssentialWords/th/nothing.mp3
5748,tr,EssentialWords/tr/nothing.mp3
5748,uk,EssentialWords/uk/nothing.mp3
5748,ur,EssentialWords/ur/nothing.mp3
5748,vi,EssentialWords/vi/nothing.mp3
5748,zh,EssentialWords/zh/nothing.mp3
5749,en,EssentialWords/en/all.mp3
5749,ar,EssentialWords/ar/all.mp3
5749,bg,EssentialWords/bg/all.mp3
5749,bn,EssentialWords/bn/all.mp3
5749,ca,EssentialWords/ca/all.mp3
5749,cs,EssentialWords/cs/all.mp3
5749,da,EssentialWords/da/all.mp3
5749,de,EssentialWords/de/all.mp3
5749,el,EssentialWords/el/all.mp3
5749,es,EssentialWords/es/all.mp3
5749,et,EssentialWords/et/all.mp3
5749,eu,EssentialWords/eu/all.mp3
5749,fi,EssentialWords/fi/all.mp3
5749,fr,EssentialWords/fr/all.mp3
5749,he,EssentialWords/he/all.mp3
5749,hi,EssentialWords/hi/all.mp3
5749,hr,EssentialWords/hr/all.mp3
5749,hu,EssentialWords/hu/all.mp3
5749,it,EssentialWords/it/all.mp3
5749,ja,EssentialWords/ja/all.mp3
5749,ko,EssentialWords/ko/all.mp3
5749,lt,EssentialWords/lt/all.mp3
5749,lv,EssentialWords/lv/all.mp3
5749,nl,EssentialWords/nl/all.mp3
5749,no,EssentialWords/no/all.mp3
5749,pl,EssentialWords/pl/all.mp3
5749,pt,EssentialWords/pt/all.mp3
5749,ro,EssentialWords/ro/all.mp3
5749,ru,EssentialWords/ru/all.mp3
5749,sk,EssentialWords/sk/all.mp3
5749,sl,EssentialWords/sl/all.mp3
5749,sv,EssentialWords/sv/all.mp3
5749,ta,EssentialWords/ta/all.mp3
5749,te,EssentialWords/te/all.mp3
5749,th,EssentialWords/th/all.mp3
5749,tr,EssentialWords/tr/all.mp3
5749,uk,EssentialWords/uk/all.mp3
5749,ur,EssentialWords/ur/all.mp3
5749,vi,EssentialWords/vi/all.mp3
5749,zh,EssentialWords/zh/all.mp3
5750,en,EssentialWords/en/some.mp3
5750,ar,EssentialWords/ar/some.mp3
5750,bg,EssentialWords/bg/some.mp3
5750,bn,EssentialWords/bn/some.mp3
5750,ca,EssentialWords/ca/some.mp3
5750,cs,EssentialWords/cs/some.mp3
5750,da,EssentialWords/da/some.mp3
5750,de,EssentialWords/de/some.mp3
5750,el,EssentialWords/el/some.mp3
5750,es,EssentialWords/es/some.mp3
5750,et,EssentialWords/et/some.mp3
5750,eu,EssentialWords/eu/some.mp3
5750,fi,EssentialWords/fi/some.mp3
5750,fr,EssentialWords/fr/some.mp3
5750,he,EssentialWords/he/some.mp3
5750,hi,EssentialWords/hi/some.mp3
5750,hr,EssentialWords/hr/some.mp3
5750,hu,EssentialWords/hu/some.mp3
5750,it,EssentialWords/it/some.mp3
5750,ja,EssentialWords/ja/some.mp3
5750,ko,EssentialWords/ko/some.mp3
5750,lt,EssentialWords/lt/some.mp3
5750,lv,EssentialWords/lv/some.mp3
5750,nl,EssentialWords/nl/some.mp3
5750,no,EssentialWords/no/some.mp3
5750,pl,EssentialWords/pl/some.mp3
5750,pt,EssentialWords/pt/some.mp3
5750,ro,EssentialWords/ro/some.mp3
5750,ru,EssentialWords/ru/some.mp3
5750,sk,EssentialWords/sk/some.mp3
5750,sl,EssentialWords/sl/some.mp3
5750,sv,EssentialWords/sv/some.mp3
5750,ta,EssentialWords/ta/some.mp3
5750,te,EssentialWords/te/some.mp3
5750,th,EssentialWords/th/some.mp3
5750,tr,EssentialWords/tr/some.mp3
5750,uk,EssentialWords/uk/some.mp3
5750,ur,EssentialWords/ur/some.mp3
5750,vi,EssentialWords/vi/some.mp3
5750,zh,EssentialWords/zh/some.mp3
5751,en,EssentialWords/en/any.mp3
5751,ar,EssentialWords/ar/any.mp3
5751,bg,EssentialWords/bg/any.mp3
5751,bn,EssentialWords/bn/any.mp3
5751,ca,EssentialWords/ca/any.mp3
5751,cs,EssentialWords/cs/any.mp3
5751,da,EssentialWords/da/any.mp3
5751,de,EssentialWords/de/any.mp3
5751,el,EssentialWords/el/any.mp3
5751,es,EssentialWords/es/any.mp3
5751,et,EssentialWords/et/any.mp3
5751,eu,EssentialWords/eu/any.mp3
5751,fi,EssentialWords/fi/any.mp3
5751,fr,EssentialWords/fr/any.mp3
5751,he,EssentialWords/he/any.mp3
5751,hi,EssentialWords/hi/any.mp3
5751,hr,EssentialWords/hr/any.mp3
5751,hu,EssentialWords/hu/any.mp3
5751,it,EssentialWords/it/any.mp3
5751,ja,EssentialWords/ja/any.mp3
5751,ko,EssentialWords/ko/any.mp3
5751,lt,EssentialWords/lt/any.mp3
5751,lv,EssentialWords/lv/any.mp3
5751,nl,EssentialWords/nl/any.mp3
5751,no,EssentialWords/no/any.mp3
5751,pl,EssentialWords/pl/any.mp3
5751,pt,EssentialWords/pt/any.mp3
5751,ro,EssentialWords/ro/any.mp3
5751,ru,EssentialWords/ru/any.mp3
5751,sk,EssentialWords/sk/any.mp3
5751,sl,EssentialWords/sl/any.mp3
5751,sv,EssentialWords/sv/any.mp3
5751,ta,EssentialWords/ta/any.mp3
5751,te,EssentialWords/te/any.mp3
5751,th,EssentialWords/th/any.mp3
5751,tr,EssentialWords/tr/any.mp3
5751,uk,EssentialWords/uk/any.mp3
5751,ur,EssentialWords/ur/any.mp3
5751,vi,EssentialWords/vi/any.mp3
5751,zh,EssentialWords/zh/any.mp3
5752,en,EssentialWords/en/none.mp3
5752,ar,EssentialWords/ar/none.mp3
5752,bg,EssentialWords/bg/none.mp3
5752,bn,EssentialWords/bn/none.mp3
5752,ca,EssentialWords/ca/none.mp3
5752,cs,EssentialWords/cs/none.mp3
5752,da,EssentialWords/da/none.mp3
5752,de,EssentialWords/de/none.mp3
5752,el,EssentialWords/el/none.mp3
5752,es,EssentialWords/es/none.mp3
5752,et,EssentialWords/et/none.mp3
5752,eu,EssentialWords/eu/none.mp3
5752,fi,EssentialWords/fi/none.mp3
5752,fr,EssentialWords/fr/none.mp3
5752,he,EssentialWords/he/none.mp3
5752,hi,EssentialWords/hi/none.mp3
5752,hr,EssentialWords/hr/none.mp3
5752,hu,EssentialWords/hu/none.mp3
5752,it,EssentialWords/it/none.mp3
5752,ja,EssentialWords/ja/none.mp3
5752,ko,EssentialWords/ko/none.mp3
5752,lt,EssentialWords/lt/none.mp3
5752,lv,EssentialWords/lv/none.mp3
5752,nl,EssentialWords/nl/none.mp3
5752,no,EssentialWords/no/none.mp3
5752,pl,EssentialWords/pl/none.mp3
5752,pt,EssentialWords/pt/none.mp3
5752,ro,EssentialWords/ro/none.mp3
5752,ru,EssentialWords/ru/none.mp3
5752,sk,EssentialWords/sk/none.mp3
5752,sl,EssentialWords/sl/none.mp3
5752,sv,EssentialWords/sv/none.mp3
5752,ta,EssentialWords/ta/none.mp3
5752,te,EssentialWords/te/none.mp3
5752,th,EssentialWords/th/none.mp3
5752,tr,EssentialWords/tr/none.mp3
5752,uk,EssentialWords/uk/none.mp3
5752,ur,EssentialWords/ur/none.mp3
5752,vi,EssentialWords/vi/none.mp3
5752,zh,EssentialWords/zh/none.mp3
5753,en,EssentialWords/en/each.mp3
5753,ar,EssentialWords/ar/each.mp3
5753,bg,EssentialWords/bg/each.mp3
5753,bn,EssentialWords/bn/each.mp3
5753,ca,EssentialWords/ca/each.mp3
5753,cs,EssentialWords/cs/each.mp3
5753,da,EssentialWords/da/each.mp3
5753,de,EssentialWords/de/each.mp3
5753,el,EssentialWords/el/each.mp3
5753,es,EssentialWords/es/each.mp3
5753,et,EssentialWords/et/each.mp3
5753,eu,EssentialWords/eu/each.mp3
5753,fi,EssentialWords/fi/each.mp3
5753,fr,EssentialWords/fr/each.mp3
5753,he,EssentialWords/he/each.mp3
5753,hi,EssentialWords/hi/each.mp3
5753,hr,EssentialWords/hr/each.mp3
5753,hu,EssentialWords/hu/each.mp3
5753,it,EssentialWords/it/each.mp3
5753,ja,EssentialWords/ja/each.mp3
5753,ko,EssentialWords/ko/each.mp3
5753,lt,EssentialWords/lt/each.mp3
5753,lv,EssentialWords/lv/each.mp3
5753,nl,EssentialWords/nl/each.mp3
5753,no,EssentialWords/no/each.mp3
5753,pl,EssentialWords/pl/each.mp3
5753,pt,EssentialWords/pt/each.mp3
5753,ro,EssentialWords/ro/each.mp3
5753,ru,EssentialWords/ru/each.mp3
5753,sk,EssentialWords/sk/each.mp3
5753,sl,EssentialWords/sl/each.mp3
5753,sv,EssentialWords/sv/each.mp3
5753,ta,EssentialWords/ta/each.mp3
5753,te,EssentialWords/te/each.mp3
5753,th,EssentialWords/th/each.mp3
5753,tr,EssentialWords/tr/each.mp3
5753,uk,EssentialWords/uk/each.mp3
5753,ur,EssentialWords/ur/each.mp3
5753,vi,EssentialWords/vi/each.mp3
5753,zh,EssentialWords/zh/each.mp3
5754,en,EssentialWords/en/every.mp3
5754,ar,EssentialWords/ar/every.mp3
5754,bg,EssentialWords/bg/every.mp3
5754,bn,EssentialWords/bn/every.mp3
5754,ca,EssentialWords/ca/every.mp3
5754,cs,EssentialWords/cs/every.mp3
5754,da,EssentialWords/da/every.mp3
5754,de,EssentialWords/de/every.mp3
5754,el,EssentialWords/el/every.mp3
5754,es,EssentialWords/es/every.mp3
5754,et,EssentialWords/et/every.mp3
5754,eu,EssentialWords/eu/every.mp3
5754,fi,EssentialWords/fi/every.mp3
5754,fr,EssentialWords/fr/every.mp3
5754,he,EssentialWords/he/every.mp3
5754,hi,EssentialWords/hi/every.mp3
5754,hr,EssentialWords/hr/every.mp3
5754,hu,EssentialWords/hu/every.mp3
5754,it,EssentialWords/it/every.mp3
5754,ja,EssentialWords/ja/every.mp3
5754,ko,EssentialWords/ko/every.mp3
5754,lt,EssentialWords/lt/every.mp3
5754,lv,EssentialWords/lv/every.mp3
5754,nl,EssentialWords/nl/every.mp3
5754,no,EssentialWords/no/every.mp3
5754,pl,EssentialWords/pl/every.mp3
5754,pt,EssentialWords/pt/every.mp3
5754,ro,EssentialWords/ro/every.mp3
5754,ru,EssentialWords/ru/every.mp3
5754,sk,EssentialWords/sk/every.mp3
5754,sl,EssentialWords/sl/every.mp3
5754,sv,EssentialWords/sv/every.mp3
5754,ta,EssentialWords/ta/every.mp3
5754,te,EssentialWords/te/every.mp3
5754,th,EssentialWords/th/every.mp3
5754,tr,EssentialWords/tr/every.mp3
5754,uk,EssentialWords/uk/every.mp3
5754,ur,EssentialWords/ur/every.mp3
5754,vi,EssentialWords/vi/every.mp3
5754,zh,EssentialWords/zh/every.mp3
5755,en,EssentialWords/en/both.mp3
5755,ar,EssentialWords/ar/both.mp3
5755,bg,EssentialWords/bg/both.mp3
5755,bn,EssentialWords/bn/both.mp3
5755,ca,EssentialWords/ca/both.mp3
5755,cs,EssentialWords/cs/both.mp3
5755,da,EssentialWords/da/both.mp3
5755,de,EssentialWords/de/both.mp3
5755,el,EssentialWords/el/both.mp3
5755,es,EssentialWords/es/both.mp3
5755,et,EssentialWords/et/both.mp3
5755,eu,EssentialWords/eu/both.mp3
5755,fi,EssentialWords/fi/both.mp3
5755,fr,EssentialWords/fr/both.mp3
5755,he,EssentialWords/he/both.mp3
5755,hi,EssentialWords/hi/both.mp3
5755,hr,EssentialWords/hr/both.mp3
5755,hu,EssentialWords/hu/both.mp3
5755,it,EssentialWords/it/both.mp3
5755,ja,EssentialWords/ja/both.mp3
5755,ko,EssentialWords/ko/both.mp3
5755,lt,EssentialWords/lt/both.mp3
5755,lv,EssentialWords/lv/both.mp3
5755,nl,EssentialWords/nl/both.mp3
5755,no,EssentialWords/no/both.mp3
5755,pl,EssentialWords/pl/both.mp3
5755,pt,EssentialWords/pt/both.mp3
5755,ro,EssentialWords/ro/both.mp3
5755,ru,EssentialWords/ru/both.mp3
5755,sk,EssentialWords/sk/both.mp3
5755,sl,EssentialWords/sl/both.mp3
5755,sv,EssentialWords/sv/both.mp3
5755,ta,EssentialWords/ta/both.mp3
5755,te,EssentialWords/te/both.mp3
5755,th,EssentialWords/th/both.mp3
5755,tr,EssentialWords/tr/both.mp3
5755,uk,EssentialWords/uk/both.mp3
5755,ur,EssentialWords/ur/both.mp3
5755,vi,EssentialWords/vi/both.mp3
5755,zh,EssentialWords/zh/both.mp3
5756,en,EssentialWords/en/either.mp3
5756,ar,EssentialWords/ar/either.mp3
5756,bg,EssentialWords/bg/either.mp3
5756,bn,EssentialWords/bn/either.mp3
5756,ca,EssentialWords/ca/either.mp3
5756,cs,EssentialWords/cs/either.mp3
5756,da,EssentialWords/da/either.mp3
5756,de,EssentialWords/de/either.mp3
5756,el,EssentialWords/el/either.mp3
5756,es,EssentialWords/es/either.mp3
5756,et,EssentialWords/et/either.mp3
5756,eu,EssentialWords/eu/either.mp3
5756,fi,EssentialWords/fi/either.mp3
5756,fr,EssentialWords/fr/either.mp3
5756,he,EssentialWords/he/either.mp3
5756,hi,EssentialWords/hi/either.mp3
5756,hr,EssentialWords/hr/either.mp3
5756,hu,EssentialWords/hu/either.mp3
5756,it,EssentialWords/it/either.mp3
5756,ja,EssentialWords/ja/either.mp3
5756,ko,EssentialWords/ko/either.mp3
5756,lt,EssentialWords/lt/either.mp3
5756,lv,EssentialWords/lv/either.mp3
5756,nl,EssentialWords/nl/either.mp3
5756,no,EssentialWords/no/either.mp3
5756,pl,EssentialWords/pl/either.mp3
5756,pt,EssentialWords/pt/either.mp3
5756,ro,EssentialWords/ro/either.mp3
5756,ru,EssentialWords/ru/either.mp3
5756,sk,EssentialWords/sk/either.mp3
5756,sl,EssentialWords/sl/either.mp3
5756,sv,EssentialWords/sv/either.mp3
5756,ta,EssentialWords/ta/either.mp3
5756,te,EssentialWords/te/either.mp3
5756,th,EssentialWords/th/either.mp3
5756,tr,EssentialWords/tr/either.mp3
5756,uk,EssentialWords/uk/either.mp3
5756,ur,EssentialWords/ur/either.mp3
5756,vi,EssentialWords/vi/either.mp3
5756,zh,EssentialWords/zh/either.mp3
5757,en,EssentialWords/en/neither.mp3
5757,ar,EssentialWords/ar/neither.mp3
5757,bg,EssentialWords/bg/neither.mp3
5757,bn,EssentialWords/bn/neither.mp3
5757,ca,EssentialWords/ca/neither.mp3
5757,cs,EssentialWords/cs/neither.mp3
5757,da,EssentialWords/da/neither.mp3
5757,de,EssentialWords/de/neither.mp3
5757,el,EssentialWords/el/neither.mp3
5757,es,EssentialWords/es/neither.mp3
5757,et,EssentialWords/et/neither.mp3
5757,eu,EssentialWords/eu/neither.mp3
5757,fi,EssentialWords/fi/neither.mp3
5757,fr,EssentialWords/fr/neither.mp3
5757,he,EssentialWords/he/neither.mp3
5757,hi,EssentialWords/hi/neither.mp3
5757,hr,EssentialWords/hr/neither.mp3
5757,hu,EssentialWords/hu/neither.mp3
5757,it,EssentialWords/it/neither.mp3
5757,ja,EssentialWords/ja/neither.mp3
5757,ko,EssentialWords/ko/neither.mp3
5757,lt,EssentialWords/lt/neither.mp3
5757,lv,EssentialWords/lv/neither.mp3
5757,nl,EssentialWords/nl/neither.mp3
5757,no,EssentialWords/no/neither.mp3
5757,pl,EssentialWords/pl/neither.mp3
5757,pt,EssentialWords/pt/neither.mp3
5757,ro,EssentialWords/ro/neither.mp3
5757,ru,EssentialWords/ru/neither.mp3
5757,sk,EssentialWords/sk/neither.mp3
5757,sl,EssentialWords/sl/neither.mp3
5757,sv,EssentialWords/sv/neither.mp3
5757,ta,EssentialWords/ta/neither.mp3
5757,te,EssentialWords/te/neither.mp3
5757,th,EssentialWords/th/neither.mp3
5757,tr,EssentialWords/tr/neither.mp3
5757,uk,EssentialWords/uk/neither.mp3
5757,ur,EssentialWords/ur/neither.mp3
5757,vi,EssentialWords/vi/neither.mp3
5757,zh,EssentialWords/zh/neither.mp3
5758,en,EssentialWords/en/few.mp3
5758,ar,EssentialWords/ar/few.mp3
5758,bg,EssentialWords/bg/few.mp3
5758,bn,EssentialWords/bn/few.mp3
5758,ca,EssentialWords/ca/few.mp3
5758,cs,EssentialWords/cs/few.mp3
5758,da,EssentialWords/da/few.mp3
5758,de,EssentialWords/de/few.mp3
5758,el,EssentialWords/el/few.mp3
5758,es,EssentialWords/es/few.mp3
5758,et,EssentialWords/et/few.mp3
5758,eu,EssentialWords/eu/few.mp3
5758,fi,EssentialWords/fi/few.mp3
5758,fr,EssentialWords/fr/few.mp3
5758,he,EssentialWords/he/few.mp3
5758,hi,EssentialWords/hi/few.mp3
5758,hr,EssentialWords/hr/few.mp3
5758,hu,EssentialWords/hu/few.mp3
5758,it,EssentialWords/it/few.mp3
5758,ja,EssentialWords/ja/few.mp3
5758,ko,EssentialWords/ko/few.mp3
5758,lt,EssentialWords/lt/few.mp3
5758,lv,EssentialWords/lv/few.mp3
5758,nl,EssentialWords/nl/few.mp3
5758,no,EssentialWords/no/few.mp3
5758,pl,EssentialWords/pl/few.mp3
5758,pt,EssentialWords/pt/few.mp3
5758,ro,EssentialWords/ro/few.mp3
5758,ru,EssentialWords/ru/few.mp3
5758,sk,EssentialWords/sk/few.mp3
5758,sl,EssentialWords/sl/few.mp3
5758,sv,EssentialWords/sv/few.mp3
5758,ta,EssentialWords/ta/few.mp3
5758,te,EssentialWords/te/few.mp3
5758,th,EssentialWords/th/few.mp3
5758,tr,EssentialWords/tr/few.mp3
5758,uk,EssentialWords/uk/few.mp3
5758,ur,EssentialWords/ur/few.mp3
5758,vi,EssentialWords/vi/few.mp3
5758,zh,EssentialWords/zh/few.mp3
5759,en,EssentialWords/en/a_few.mp3
5759,ar,EssentialWords/ar/a_few.mp3
5759,bg,EssentialWords/bg/a_few.mp3
5759,bn,EssentialWords/bn/a_few.mp3
5759,ca,EssentialWords/ca/a_few.mp3
5759,cs,EssentialWords/cs/a_few.mp3
5759,da,EssentialWords/da/a_few.mp3
5759,de,EssentialWords/de/a_few.mp3
5759,el,EssentialWords/el/a_few.mp3
5759,es,EssentialWords/es/a_few.mp3
5759,et,EssentialWords/et/a_few.mp3
5759,eu,EssentialWords/eu/a_few.mp3
5759,fi,EssentialWords/fi/a_few.mp3
5759,fr,EssentialWords/fr/a_few.mp3
5759,he,EssentialWords/he/a_few.mp3
5759,hi,EssentialWords/hi/a_few.mp3
5759,hr,EssentialWords/hr/a_few.mp3
5759,hu,EssentialWords/hu/a_few.mp3
5759,it,EssentialWords/it/a_few.mp3
5759,ja,EssentialWords/ja/a_few.mp3
5759,ko,EssentialWords/ko/a_few.mp3
5759,lt,EssentialWords/lt/a_few.mp3
5759,lv,EssentialWords/lv/a_few.mp3
5759,nl,EssentialWords/nl/a_few.mp3
5759,no,EssentialWords/no/a_few.mp3
5759,pl,EssentialWords/pl/a_few.mp3
5759,pt,EssentialWords/pt/a_few.mp3
5759,ro,EssentialWords/ro/a_few.mp3
5759,ru,EssentialWords/ru/a_few.mp3
5759,sk,EssentialWords/sk/a_few.mp3
5759,sl,EssentialWords/sl/a_few.mp3
5759,sv,EssentialWords/sv/a_few.mp3
5759,ta,EssentialWords/ta/a_few.mp3
5759,te,EssentialWords/te/a_few.mp3
5759,th,EssentialWords/th/a_few.mp3
5759,tr,EssentialWords/tr/a_few.mp3
5759,uk,EssentialWords/uk/a_few.mp3
5759,ur,EssentialWords/ur/a_few.mp3
5759,vi,EssentialWords/vi/a_few.mp3
5759,zh,EssentialWords/zh/a_few.mp3
5760,en,EssentialWords/en/little.mp3
5760,ar,EssentialWords/ar/little.mp3
5760,bg,EssentialWords/bg/little.mp3
5760,bn,EssentialWords/bn/little.mp3
5760,ca,EssentialWords/ca/little.mp3
5760,cs,EssentialWords/cs/little.mp3
5760,da,EssentialWords/da/little.mp3
5760,de,EssentialWords/de/little.mp3
5760,el,EssentialWords/el/little.mp3
5760,es,EssentialWords/es/little.mp3
5760,et,EssentialWords/et/little.mp3
5760,eu,EssentialWords/eu/little.mp3
5760,fi,EssentialWords/fi/little.mp3
5760,fr,EssentialWords/fr/little.mp3
5760,he,EssentialWords/he/little.mp3
5760,hi,EssentialWords/hi/little.mp3
5760,hr,EssentialWords/hr/little.mp3
5760,hu,EssentialWords/hu/little.mp3
5760,it,EssentialWords/it/little.mp3
5760,ja,EssentialWords/ja/little.mp3
5760,ko,EssentialWords/ko/little.mp3
5760,lt,EssentialWords/lt/little.mp3
5760,lv,EssentialWords/lv/little.mp3
5760,nl,EssentialWords/nl/little.mp3
5760,no,EssentialWords/no/little.mp3
5760,pl,EssentialWords/pl/little.mp3
5760,pt,EssentialWords/pt/little.mp3
5760,ro,EssentialWords/ro/little.mp3
5760,ru,EssentialWords/ru/little.mp3
5760,sk,EssentialWords/sk/little.mp3
5760,sl,EssentialWords/sl/little.mp3
5760,sv,EssentialWords/sv/little.mp3
5760,ta,EssentialWords/ta/little.mp3
5760,te,EssentialWords/te/little.mp3
5760,th,EssentialWords/th/little.mp3
5760,tr,EssentialWords/tr/little.mp3
5760,uk,EssentialWords/uk/little.mp3
5760,ur,EssentialWords/ur/little.mp3
5760,vi,EssentialWords/vi/little.mp3
5760,zh,EssentialWords/zh/little.mp3
5761,en,EssentialWords/en/a_little.mp3
5761,ar,EssentialWords/ar/a_little.mp3
5761,bg,EssentialWords/bg/a_little.mp3
5761,bn,EssentialWords/bn/a_little.mp3
5761,ca,EssentialWords/ca/a_little.mp3
5761,cs,EssentialWords/cs/a_little.mp3
5761,da,EssentialWords/da/a_little.mp3
5761,de,EssentialWords/de/a_little.mp3
5761,el,EssentialWords/el/a_little.mp3
5761,es,EssentialWords/es/a_little.mp3
5761,et,EssentialWords/et/a_little.mp3
5761,eu,EssentialWords/eu/a_little.mp3
5761,fi,EssentialWords/fi/a_little.mp3
5761,fr,EssentialWords/fr/a_little.mp3
5761,he,EssentialWords/he/a_little.mp3
5761,hi,EssentialWords/hi/a_little.mp3
5761,hr,EssentialWords/hr/a_little.mp3
5761,hu,EssentialWords/hu/a_little.mp3
5761,it,EssentialWords/it/a_little.mp3
5761,ja,EssentialWords/ja/a_little.mp3
5761,ko,EssentialWords/ko/a_little.mp3
5761,lt,EssentialWords/lt/a_little.mp3
5761,lv,EssentialWords/lv/a_little.mp3
5761,nl,EssentialWords/nl/a_little.mp3
5761,no,EssentialWords/no/a_little.mp3
5761,pl,EssentialWords/pl/a_little.mp3
5761,pt,EssentialWords/pt/a_little.mp3
5761,ro,EssentialWords/ro/a_little.mp3
5761,ru,EssentialWords/ru/a_little.mp3
5761,sk,EssentialWords/sk/a_little.mp3
5761,sl,EssentialWords/sl/a_little.mp3
5761,sv,EssentialWords/sv/a_little.mp3
5761,ta,EssentialWords/ta/a_little.mp3
5761,te,EssentialWords/te/a_little.mp3
5761,th,EssentialWords/th/a_little.mp3
5761,tr,EssentialWords/tr/a_little.mp3
5761,uk,EssentialWords/uk/a_little.mp3
5761,ur,EssentialWords/ur/a_little.mp3
5761,vi,EssentialWords/vi/a_little.mp3
5761,zh,EssentialWords/zh/a_little.mp3
5762,en,EssentialWords/en/many.mp3
5762,ar,EssentialWords/ar/many.mp3
5762,bg,EssentialWords/bg/many.mp3
5762,bn,EssentialWords/bn/many.mp3
5762,ca,EssentialWords/ca/many.mp3
5762,cs,EssentialWords/cs/many.mp3
5762,da,EssentialWords/da/many.mp3
5762,de,EssentialWords/de/many.mp3
5762,el,EssentialWords/el/many.mp3
5762,es,EssentialWords/es/many.mp3
5762,et,EssentialWords/et/many.mp3
5762,eu,EssentialWords/eu/many.mp3
5762,fi,EssentialWords/fi/many.mp3
5762,fr,EssentialWords/fr/many.mp3
5762,he,EssentialWords/he/many.mp3
5762,hi,EssentialWords/hi/many.mp3
5762,hr,EssentialWords/hr/many.mp3
5762,hu,EssentialWords/hu/many.mp3
5762,it,EssentialWords/it/many.mp3
5762,ja,EssentialWords/ja/many.mp3
5762,ko,EssentialWords/ko/many.mp3
5762,lt,EssentialWords/lt/many.mp3
5762,lv,EssentialWords/lv/many.mp3
5762,nl,EssentialWords/nl/many.mp3
5762,no,EssentialWords/no/many.mp3
5762,pl,EssentialWords/pl/many.mp3
5762,pt,EssentialWords/pt/many.mp3
5762,ro,EssentialWords/ro/many.mp3
5762,ru,EssentialWords/ru/many.mp3
5762,sk,EssentialWords/sk/many.mp3
5762,sl,EssentialWords/sl/many.mp3
5762,sv,EssentialWords/sv/many.mp3
5762,ta,EssentialWords/ta/many.mp3
5762,te,EssentialWords/te/many.mp3
5762,th,EssentialWords/th/many.mp3
5762,tr,EssentialWords/tr/many.mp3
5762,uk,EssentialWords/uk/many.mp3
5762,ur,EssentialWords/ur/many.mp3
5762,vi,EssentialWords/vi/many.mp3
5762,zh,EssentialWords/zh/many.mp3
5763,en,EssentialWords/en/much.mp3
5763,ar,EssentialWords/ar/much.mp3
5763,bg,EssentialWords/bg/much.mp3
5763,bn,EssentialWords/bn/much.mp3
5763,ca,EssentialWords/ca/much.mp3
5763,cs,EssentialWords/cs/much.mp3
5763,da,EssentialWords/da/much.mp3
5763,de,EssentialWords/de/much.mp3
5763,el,EssentialWords/el/much.mp3
5763,es,EssentialWords/es/much.mp3
5763,et,EssentialWords/et/much.mp3
5763,eu,EssentialWords/eu/much.mp3
5763,fi,EssentialWords/fi/much.mp3
5763,fr,EssentialWords/fr/much.mp3
5763,he,EssentialWords/he/much.mp3
5763,hi,EssentialWords/hi/much.mp3
5763,hr,EssentialWords/hr/much.mp3
5763,hu,EssentialWords/hu/much.mp3
5763,it,EssentialWords/it/much.mp3
5763,ja,EssentialWords/ja/much.mp3
5763,ko,EssentialWords/ko/much.mp3
5763,lt,EssentialWords/lt/much.mp3
5763,lv,EssentialWords/lv/much.mp3
5763,nl,EssentialWords/nl/much.mp3
5763,no,EssentialWords/no/much.mp3
5763,pl,EssentialWords/pl/much.mp3
5763,pt,EssentialWords/pt/much.mp3
5763,ro,EssentialWords/ro/much.mp3
5763,ru,EssentialWords/ru/much.mp3
5763,sk,EssentialWords/sk/much.mp3
5763,sl,EssentialWords/sl/much.mp3
5763,sv,EssentialWords/sv/much.mp3
5763,ta,EssentialWords/ta/much.mp3
5763,te,EssentialWords/te/much.mp3
5763,th,EssentialWords/th/much.mp3
5763,tr,EssentialWords/tr/much.mp3
5763,uk,EssentialWords/uk/much.mp3
5763,ur,EssentialWords/ur/much.mp3
5763,vi,EssentialWords/vi/much.mp3
5763,zh,EssentialWords/zh/much.mp3
5764,en,EssentialWords/en/more.mp3
5764,ar,EssentialWords/ar/more.mp3
5764,bg,EssentialWords/bg/more.mp3
5764,bn,EssentialWords/bn/more.mp3
5764,ca,EssentialWords/ca/more.mp3
5764,cs,EssentialWords/cs/more.mp3
5764,da,EssentialWords/da/more.mp3
5764,de,EssentialWords/de/more.mp3
5764,el,EssentialWords/el/more.mp3
5764,es,EssentialWords/es/more.mp3
5764,et,EssentialWords/et/more.mp3
5764,eu,EssentialWords/eu/more.mp3
5764,fi,EssentialWords/fi/more.mp3
5764,fr,EssentialWords/fr/more.mp3
5764,he,EssentialWords/he/more.mp3
5764,hi,EssentialWords/hi/more.mp3
5764,hr,EssentialWords/hr/more.mp3
5764,hu,EssentialWords/hu/more.mp3
5764,it,EssentialWords/it/more.mp3
5764,ja,EssentialWords/ja/more.mp3
5764,ko,EssentialWords/ko/more.mp3
5764,lt,EssentialWords/lt/more.mp3
5764,lv,EssentialWords/lv/more.mp3
5764,nl,EssentialWords/nl/more.mp3
5764,no,EssentialWords/no/more.mp3
5764,pl,EssentialWords/pl/more.mp3
5764,pt,EssentialWords/pt/more.mp3
5764,ro,EssentialWords/ro/more.mp3
5764,ru,EssentialWords/ru/more.mp3
5764,sk,EssentialWords/sk/more.mp3
5764,sl,EssentialWords/sl/more.mp3
5764,sv,EssentialWords/sv/more.mp3
5764,ta,EssentialWords/ta/more.mp3
5764,te,EssentialWords/te/more.mp3
5764,th,EssentialWords/th/more.mp3
5764,tr,EssentialWords/tr/more.mp3
5764,uk,EssentialWords/uk/more.mp3
5764,ur,EssentialWords/ur/more.mp3
5764,vi,EssentialWords/vi/more.mp3
5764,zh,EssentialWords/zh/more.mp3
5765,en,EssentialWords/en/most.mp3
5765,ar,EssentialWords/ar/most.mp3
5765,bg,EssentialWords/bg/most.mp3
5765,bn,EssentialWords/bn/most.mp3
5765,ca,EssentialWords/ca/most.mp3
5765,cs,EssentialWords/cs/most.mp3
5765,da,EssentialWords/da/most.mp3
5765,de,EssentialWords/de/most.mp3
5765,el,EssentialWords/el/most.mp3
5765,es,EssentialWords/es/most.mp3
5765,et,EssentialWords/et/most.mp3
5765,eu,EssentialWords/eu/most.mp3
5765,fi,EssentialWords/fi/most.mp3
5765,fr,EssentialWords/fr/most.mp3
5765,he,EssentialWords/he/most.mp3
5765,hi,EssentialWords/hi/most.mp3
5765,hr,EssentialWords/hr/most.mp3
5765,hu,EssentialWords/hu/most.mp3
5765,it,EssentialWords/it/most.mp3
5765,ja,EssentialWords/ja/most.mp3
5765,ko,EssentialWords/ko/most.mp3
5765,lt,EssentialWords/lt/most.mp3
5765,lv,EssentialWords/lv/most.mp3
5765,nl,EssentialWords/nl/most.mp3
5765,no,EssentialWords/no/most.mp3
5765,pl,EssentialWords/pl/most.mp3
5765,pt,EssentialWords/pt/most.mp3
5765,ro,EssentialWords/ro/most.mp3
5765,ru,EssentialWords/ru/most.mp3
5765,sk,EssentialWords/sk/most.mp3
5765,sl,EssentialWords/sl/most.mp3
5765,sv,EssentialWords/sv/most.mp3
5765,ta,EssentialWords/ta/most.mp3
5765,te,EssentialWords/te/most.mp3
5765,th,EssentialWords/th/most.mp3
5765,tr,EssentialWords/tr/most.mp3
5765,uk,EssentialWords/uk/most.mp3
5765,ur,EssentialWords/ur/most.mp3
5765,vi,EssentialWords/vi/most.mp3
5765,zh,EssentialWords/zh/most.mp3
5766,en,EssentialWords/en/less.mp3
5766,ar,EssentialWords/ar/less.mp3
5766,bg,EssentialWords/bg/less.mp3
5766,bn,EssentialWords/bn/less.mp3
5766,ca,EssentialWords/ca/less.mp3
5766,cs,EssentialWords/cs/less.mp3
5766,da,EssentialWords/da/less.mp3
5766,de,EssentialWords/de/less.mp3
5766,el,EssentialWords/el/less.mp3
5766,es,EssentialWords/es/less.mp3
5766,et,EssentialWords/et/less.mp3
5766,eu,EssentialWords/eu/less.mp3
5766,fi,EssentialWords/fi/less.mp3
5766,fr,EssentialWords/fr/less.mp3
5766,he,EssentialWords/he/less.mp3
5766,hi,EssentialWords/hi/less.mp3
5766,hr,EssentialWords/hr/less.mp3
5766,hu,EssentialWords/hu/less.mp3
5766,it,EssentialWords/it/less.mp3
5766,ja,EssentialWords/ja/less.mp3
5766,ko,EssentialWords/ko/less.mp3
5766,lt,EssentialWords/lt/less.mp3
5766,lv,EssentialWords/lv/less.mp3
5766,nl,EssentialWords/nl/less.mp3
5766,no,EssentialWords/no/less.mp3
5766,pl,EssentialWords/pl/less.mp3
5766,pt,EssentialWords/pt/less.mp3
5766,ro,EssentialWords/ro/less.mp3
5766,ru,EssentialWords/ru/less.mp3
5766,sk,EssentialWords/sk/less.mp3
5766,sl,EssentialWords/sl/less.mp3
5766,sv,EssentialWords/sv/less.mp3
5766,ta,EssentialWords/ta/less.mp3
5766,te,EssentialWords/te/less.mp3
5766,th,EssentialWords/th/less.mp3
5766,tr,EssentialWords/tr/less.mp3
5766,uk,EssentialWords/uk/less.mp3
5766,ur,EssentialWords/ur/less.mp3
5766,vi,EssentialWords/vi/less.mp3
5766,zh,EssentialWords/zh/less.mp3
5767,en,EssentialWords/en/least.mp3
5767,ar,EssentialWords/ar/least.mp3
5767,bg,EssentialWords/bg/least.mp3
5767,bn,EssentialWords/bn/least.mp3
5767,ca,EssentialWords/ca/least.mp3
5767,cs,EssentialWords/cs/least.mp3
5767,da,EssentialWords/da/least.mp3
5767,de,EssentialWords/de/least.mp3
5767,el,EssentialWords/el/least.mp3
5767,es,EssentialWords/es/least.mp3
5767,et,EssentialWords/et/least.mp3
5767,eu,EssentialWords/eu/least.mp3
5767,fi,EssentialWords/fi/least.mp3
5767,fr,EssentialWords/fr/least.mp3
5767,he,EssentialWords/he/least.mp3
5767,hi,EssentialWords/hi/least.mp3
5767,hr,EssentialWords/hr/least.mp3
5767,hu,EssentialWords/hu/least.mp3
5767,it,EssentialWords/it/least.mp3
5767,ja,EssentialWords/ja/least.mp3
5767,ko,EssentialWords/ko/least.mp3
5767,lt,EssentialWords/lt/least.mp3
5767,lv,EssentialWords/lv/least.mp3
5767,nl,EssentialWords/nl/least.mp3
5767,no,EssentialWords/no/least.mp3
5767,pl,EssentialWords/pl/least.mp3
5767,pt,EssentialWords/pt/least.mp3
5767,ro,EssentialWords/ro/least.mp3
5767,ru,EssentialWords/ru/least.mp3
5767,sk,EssentialWords/sk/least.mp3
5767,sl,EssentialWords/sl/least.mp3
5767,sv,EssentialWords/sv/least.mp3
5767,ta,EssentialWords/ta/least.mp3
5767,te,EssentialWords/te/least.mp3
5767,th,EssentialWords/th/least.mp3
5767,tr,EssentialWords/tr/least.mp3
5767,uk,EssentialWords/uk/least.mp3
5767,ur,EssentialWords/ur/least.mp3
5767,vi,EssentialWords/vi/least.mp3
5767,zh,EssentialWords/zh/least.mp3
5768,en,EssentialWords/en/each_other.mp3
5768,ar,EssentialWords/ar/each_other.mp3
5768,bg,EssentialWords/bg/each_other.mp3
5768,bn,EssentialWords/bn/each_other.mp3
5768,ca,EssentialWords/ca/each_other.mp3
5768,cs,EssentialWords/cs/each_other.mp3
5768,da,EssentialWords/da/each_other.mp3
5768,de,EssentialWords/de/each_other.mp3
5768,el,EssentialWords/el/each_other.mp3
5768,es,EssentialWords/es/each_other.mp3
5768,et,EssentialWords/et/each_other.mp3
5768,eu,EssentialWords/eu/each_other.mp3
5768,fi,EssentialWords/fi/each_other.mp3
5768,fr,EssentialWords/fr/each_other.mp3
5768,he,EssentialWords/he/each_other.mp3
5768,hi,EssentialWords/hi/each_other.mp3
5768,hr,EssentialWords/hr/each_other.mp3
5768,hu,EssentialWords/hu/each_other.mp3
5768,it,EssentialWords/it/each_other.mp3
5768,ja,EssentialWords/ja/each_other.mp3
5768,ko,EssentialWords/ko/each_other.mp3
5768,lt,EssentialWords/lt/each_other.mp3
5768,lv,EssentialWords/lv/each_other.mp3
5768,nl,EssentialWords/nl/each_other.mp3
5768,no,EssentialWords/no/each_other.mp3
5768,pl,EssentialWords/pl/each_other.mp3
5768,pt,EssentialWords/pt/each_other.mp3
5768,ro,EssentialWords/ro/each_other.mp3
5768,ru,EssentialWords/ru/each_other.mp3
5768,sk,EssentialWords/sk/each_other.mp3
5768,sl,EssentialWords/sl/each_other.mp3
5768,sv,EssentialWords/sv/each_other.mp3
5768,ta,EssentialWords/ta/each_other.mp3
5768,te,EssentialWords/te/each_other.mp3
5768,th,EssentialWords/th/each_other.mp3
5768,tr,EssentialWords/tr/each_other.mp3
5768,uk,EssentialWords/uk/each_other.mp3
5768,ur,EssentialWords/ur/each_other.mp3
5768,vi,EssentialWords/vi/each_other.mp3
5768,zh,EssentialWords/zh/each_other.mp3
5769,en,EssentialWords/en/one_another.mp3
5769,ar,EssentialWords/ar/one_another.mp3
5769,bg,EssentialWords/bg/one_another.mp3
5769,bn,EssentialWords/bn/one_another.mp3
5769,ca,EssentialWords/ca/one_another.mp3
5769,cs,EssentialWords/cs/one_another.mp3
5769,da,EssentialWords/da/one_another.mp3
5769,de,EssentialWords/de/one_another.mp3
5769,el,EssentialWords/el/one_another.mp3
5769,es,EssentialWords/es/one_another.mp3
5769,et,EssentialWords/et/one_another.mp3
5769,eu,EssentialWords/eu/one_another.mp3
5769,fi,EssentialWords/fi/one_another.mp3
5769,fr,EssentialWords/fr/one_another.mp3
5769,he,EssentialWords/he/one_another.mp3
5769,hi,EssentialWords/hi/one_another.mp3
5769,hr,EssentialWords/hr/one_another.mp3
5769,hu,EssentialWords/hu/one_another.mp3
5769,it,EssentialWords/it/one_another.mp3
5769,ja,EssentialWords/ja/one_another.mp3
5769,ko,EssentialWords/ko/one_another.mp3
5769,lt,EssentialWords/lt/one_another.mp3
5769,lv,EssentialWords/lv/one_another.mp3
5769,nl,EssentialWords/nl/one_another.mp3
5769,no,EssentialWords/no/one_another.mp3
5769,pl,EssentialWords/pl/one_another.mp3
5769,pt,EssentialWords/pt/one_another.mp3
5769,ro,EssentialWords/ro/one_another.mp3
5769,ru,EssentialWords/ru/one_another.mp3
5769,sk,EssentialWords/sk/one_another.mp3
5769,sl,EssentialWords/sl/one_another.mp3
5769,sv,EssentialWords/sv/one_another.mp3
5769,ta,EssentialWords/ta/one_another.mp3
5769,te,EssentialWords/te/one_another.mp3
5769,th,EssentialWords/th/one_another.mp3
5769,tr,EssentialWords/tr/one_another.mp3
5769,uk,EssentialWords/uk/one_another.mp3
5769,ur,EssentialWords/ur/one_another.mp3
5769,vi,EssentialWords/vi/one_another.mp3
5769,zh,EssentialWords/zh/one_another.mp3
5770,en,EssentialWords/en/one.mp3
5770,ar,EssentialWords/ar/one.mp3
5770,bg,EssentialWords/bg/one.mp3
5770,bn,EssentialWords/bn/one.mp3
5770,ca,EssentialWords/ca/one.mp3
5770,cs,EssentialWords/cs/one.mp3
5770,da,EssentialWords/da/one.mp3
5770,de,EssentialWords/de/one.mp3
5770,el,EssentialWords/el/one.mp3
5770,es,EssentialWords/es/one.mp3
5770,et,EssentialWords/et/one.mp3
5770,eu,EssentialWords/eu/one.mp3
5770,fi,EssentialWords/fi/one.mp3
5770,fr,EssentialWords/fr/one.mp3
5770,he,EssentialWords/he/one.mp3
5770,hi,EssentialWords/hi/one.mp3
5770,hr,EssentialWords/hr/one.mp3
5770,hu,EssentialWords/hu/one.mp3
5770,it,EssentialWords/it/one.mp3
5770,ja,EssentialWords/ja/one.mp3
5770,ko,EssentialWords/ko/one.mp3
5770,lt,EssentialWords/lt/one.mp3
5770,lv,EssentialWords/lv/one.mp3
5770,nl,EssentialWords/nl/one.mp3
5770,no,EssentialWords/no/one.mp3
5770,pl,EssentialWords/pl/one.mp3
5770,pt,EssentialWords/pt/one.mp3
5770,ro,EssentialWords/ro/one.mp3
5770,ru,EssentialWords/ru/one.mp3
5770,sk,EssentialWords/sk/one.mp3
5770,sl,EssentialWords/sl/one.mp3
5770,sv,EssentialWords/sv/one.mp3
5770,ta,EssentialWords/ta/one.mp3
5770,te,EssentialWords/te/one.mp3
5770,th,EssentialWords/th/one.mp3
5770,tr,EssentialWords/tr/one.mp3
5770,uk,EssentialWords/uk/one.mp3
5770,ur,EssentialWords/ur/one.mp3
5770,vi,EssentialWords/vi/one.mp3
5770,zh,EssentialWords/zh/one.mp3
5771,en,EssentialWords/en/ones.mp3
5771,ar,EssentialWords/ar/ones.mp3
5771,bg,EssentialWords/bg/ones.mp3
5771,bn,EssentialWords/bn/ones.mp3
5771,ca,EssentialWords/ca/ones.mp3
5771,cs,EssentialWords/cs/ones.mp3
5771,da,EssentialWords/da/ones.mp3
5771,de,EssentialWords/de/ones.mp3
5771,el,EssentialWords/el/ones.mp3
5771,es,EssentialWords/es/ones.mp3
5771,et,EssentialWords/et/ones.mp3
5771,eu,EssentialWords/eu/ones.mp3
5771,fi,EssentialWords/fi/ones.mp3
5771,fr,EssentialWords/fr/ones.mp3
5771,he,EssentialWords/he/ones.mp3
5771,hi,EssentialWords/hi/ones.mp3
5771,hr,EssentialWords/hr/ones.mp3
5771,hu,EssentialWords/hu/ones.mp3
5771,it,EssentialWords/it/ones.mp3
5771,ja,EssentialWords/ja/ones.mp3
5771,ko,EssentialWords/ko/ones.mp3
5771,lt,EssentialWords/lt/ones.mp3
5771,lv,EssentialWords/lv/ones.mp3
5771,nl,EssentialWords/nl/ones.mp3
5771,no,EssentialWords/no/ones.mp3
5771,pl,EssentialWords/pl/ones.mp3
5771,pt,EssentialWords/pt/ones.mp3
5771,ro,EssentialWords/ro/ones.mp3
5771,ru,EssentialWords/ru/ones.mp3
5771,sk,EssentialWords/sk/ones.mp3
5771,sl,EssentialWords/sl/ones.mp3
5771,sv,EssentialWords/sv/ones.mp3
5771,ta,EssentialWords/ta/ones.mp3
5771,te,EssentialWords/te/ones.mp3
5771,th,EssentialWords/th/ones.mp3
5771,tr,EssentialWords/tr/ones.mp3
5771,uk,EssentialWords/uk/ones.mp3
5771,ur,EssentialWords/ur/ones.mp3
5771,vi,EssentialWords/vi/ones.mp3
5771,zh,EssentialWords/zh/ones.mp3
5772,en,EssentialWords/en/other.mp3
5772,ar,EssentialWords/ar/other.mp3
5772,bg,EssentialWords/bg/other.mp3
5772,bn,EssentialWords/bn/other.mp3
5772,ca,EssentialWords/ca/other.mp3
5772,cs,EssentialWords/cs/other.mp3
5772,da,EssentialWords/da/other.mp3
5772,de,EssentialWords/de/other.mp3
5772,el,EssentialWords/el/other.mp3
5772,es,EssentialWords/es/other.mp3
5772,et,EssentialWords/et/other.mp3
5772,eu,EssentialWords/eu/other.mp3
5772,fi,EssentialWords/fi/other.mp3
5772,fr,EssentialWords/fr/other.mp3
5772,he,EssentialWords/he/other.mp3
5772,hi,EssentialWords/hi/other.mp3
5772,hr,EssentialWords/hr/other.mp3
5772,hu,EssentialWords/hu/other.mp3
5772,it,EssentialWords/it/other.mp3
5772,ja,EssentialWords/ja/other.mp3
5772,ko,EssentialWords/ko/other.mp3
5772,lt,EssentialWords/lt/other.mp3
5772,lv,EssentialWords/lv/other.mp3
5772,nl,EssentialWords/nl/other.mp3
5772,no,EssentialWords/no/other.mp3
5772,pl,EssentialWords/pl/other.mp3
5772,pt,EssentialWords/pt/other.mp3
5772,ro,EssentialWords/ro/other.mp3
5772,ru,EssentialWords/ru/other.mp3
5772,sk,EssentialWords/sk/other.mp3
5772,sl,EssentialWords/sl/other.mp3
5772,sv,EssentialWords/sv/other.mp3
5772,ta,EssentialWords/ta/other.mp3
5772,te,EssentialWords/te/other.mp3
5772,th,EssentialWords/th/other.mp3
5772,tr,EssentialWords/tr/other.mp3
5772,uk,EssentialWords/uk/other.mp3
5772,ur,EssentialWords/ur/other.mp3
5772,vi,EssentialWords/vi/other.mp3
5772,zh,EssentialWords/zh/other.mp3
5773,en,EssentialWords/en/another.mp3
5773,ar,EssentialWords/ar/another.mp3
5773,bg,EssentialWords/bg/another.mp3
5773,bn,EssentialWords/bn/another.mp3
5773,ca,EssentialWords/ca/another.mp3
5773,cs,EssentialWords/cs/another.mp3
5773,da,EssentialWords/da/another.mp3
5773,de,EssentialWords/de/another.mp3
5773,el,EssentialWords/el/another.mp3
5773,es,EssentialWords/es/another.mp3
5773,et,EssentialWords/et/another.mp3
5773,eu,EssentialWords/eu/another.mp3
5773,fi,EssentialWords/fi/another.mp3
5773,fr,EssentialWords/fr/another.mp3
5773,he,EssentialWords/he/another.mp3
5773,hi,EssentialWords/hi/another.mp3
5773,hr,EssentialWords/hr/another.mp3
5773,hu,EssentialWords/hu/another.mp3
5773,it,EssentialWords/it/another.mp3
5773,ja,EssentialWords/ja/another.mp3
5773,ko,EssentialWords/ko/another.mp3
5773,lt,EssentialWords/lt/another.mp3
5773,lv,EssentialWords/lv/another.mp3
5773,nl,EssentialWords/nl/another.mp3
5773,no,EssentialWords/no/another.mp3
5773,pl,EssentialWords/pl/another.mp3
5773,pt,EssentialWords/pt/another.mp3
5773,ro,EssentialWords/ro/another.mp3
5773,ru,EssentialWords/ru/another.mp3
5773,sk,EssentialWords/sk/another.mp3
5773,sl,EssentialWords/sl/another.mp3
5773,sv,EssentialWords/sv/another.mp3
5773,ta,EssentialWords/ta/another.mp3
5773,te,EssentialWords/te/another.mp3
5773,th,EssentialWords/th/another.mp3
5773,tr,EssentialWords/tr/another.mp3
5773,uk,EssentialWords/uk/another.mp3
5773,ur,EssentialWords/ur/another.mp3
5773,vi,EssentialWords/vi/another.mp3
5773,zh,EssentialWords/zh/another.mp3
5774,en,EssentialWords/en/same.mp3
5774,ar,EssentialWords/ar/same.mp3
5774,bg,EssentialWords/bg/same.mp3
5774,bn,EssentialWords/bn/same.mp3
5774,ca,EssentialWords/ca/same.mp3
5774,cs,EssentialWords/cs/same.mp3
5774,da,EssentialWords/da/same.mp3
5774,de,EssentialWords/de/same.mp3
5774,el,EssentialWords/el/same.mp3
5774,es,EssentialWords/es/same.mp3
5774,et,EssentialWords/et/same.mp3
5774,eu,EssentialWords/eu/same.mp3
5774,fi,EssentialWords/fi/same.mp3
5774,fr,EssentialWords/fr/same.mp3
5774,he,EssentialWords/he/same.mp3
5774,hi,EssentialWords/hi/same.mp3
5774,hr,EssentialWords/hr/same.mp3
5774,hu,EssentialWords/hu/same.mp3
5774,it,EssentialWords/it/same.mp3
5774,ja,EssentialWords/ja/same.mp3
5774,ko,EssentialWords/ko/same.mp3
5774,lt,EssentialWords/lt/same.mp3
5774,lv,EssentialWords/lv/same.mp3
5774,nl,EssentialWords/nl/same.mp3
5774,no,EssentialWords/no/same.mp3
5774,pl,EssentialWords/pl/same.mp3
5774,pt,EssentialWords/pt/same.mp3
5774,ro,EssentialWords/ro/same.mp3
5774,ru,EssentialWords/ru/same.mp3
5774,sk,EssentialWords/sk/same.mp3
5774,sl,EssentialWords/sl/same.mp3
5774,sv,EssentialWords/sv/same.mp3
5774,ta,EssentialWords/ta/same.mp3
5774,te,EssentialWords/te/same.mp3
5774,th,EssentialWords/th/same.mp3
5774,tr,EssentialWords/tr/same.mp3
5774,uk,EssentialWords/uk/same.mp3
5774,ur,EssentialWords/ur/same.mp3
5774,vi,EssentialWords/vi/same.mp3
5774,zh,EssentialWords/zh/same.mp3
5775,en,EssentialWords/en/there.mp3
5775,ar,EssentialWords/ar/there.mp3
5775,bg,EssentialWords/bg/there.mp3
5775,bn,EssentialWords/bn/there.mp3
5775,ca,EssentialWords/ca/there.mp3
5775,cs,EssentialWords/cs/there.mp3
5775,da,EssentialWords/da/there.mp3
5775,de,EssentialWords/de/there.mp3
5775,el,EssentialWords/el/there.mp3
5775,es,EssentialWords/es/there.mp3
5775,et,EssentialWords/et/there.mp3
5775,eu,EssentialWords/eu/there.mp3
5775,fi,EssentialWords/fi/there.mp3
5775,fr,EssentialWords/fr/there.mp3
5775,he,EssentialWords/he/there.mp3
5775,hi,EssentialWords/hi/there.mp3
5775,hr,EssentialWords/hr/there.mp3
5775,hu,EssentialWords/hu/there.mp3
5775,it,EssentialWords/it/there.mp3
5775,ja,EssentialWords/ja/there.mp3
5775,ko,EssentialWords/ko/there.mp3
5775,lt,EssentialWords/lt/there.mp3
5775,lv,EssentialWords/lv/there.mp3
5775,nl,EssentialWords/nl/there.mp3
5775,no,EssentialWords/no/there.mp3
5775,pl,EssentialWords/pl/there.mp3
5775,pt,EssentialWords/pt/there.mp3
5775,ro,EssentialWords/ro/there.mp3
5775,ru,EssentialWords/ru/there.mp3
5775,sk,EssentialWords/sk/there.mp3
5775,sl,EssentialWords/sl/there.mp3
5775,sv,EssentialWords/sv/there.mp3
5775,ta,EssentialWords/ta/there.mp3
5775,te,EssentialWords/te/there.mp3
5775,th,EssentialWords/th/there.mp3
5775,tr,EssentialWords/tr/there.mp3
5775,uk,EssentialWords/uk/there.mp3
5775,ur,EssentialWords/ur/there.mp3
5775,vi,EssentialWords/vi/there.mp3
5775,zh,EssentialWords/zh/there.mp3
5776,en,EssentialWords/en/it.mp3
5776,ar,EssentialWords/ar/it.mp3
5776,bg,EssentialWords/bg/it.mp3
5776,bn,EssentialWords/bn/it.mp3
5776,ca,EssentialWords/ca/it.mp3
5776,cs,EssentialWords/cs/it.mp3
5776,da,EssentialWords/da/it.mp3
5776,de,EssentialWords/de/it.mp3
5776,el,EssentialWords/el/it.mp3
5776,es,EssentialWords/es/it.mp3
5776,et,EssentialWords/et/it.mp3
5776,eu,EssentialWords/eu/it.mp3
5776,fi,EssentialWords/fi/it.mp3
5776,fr,EssentialWords/fr/it.mp3
5776,he,EssentialWords/he/it.mp3
5776,hi,EssentialWords/hi/it.mp3
5776,hr,EssentialWords/hr/it.mp3
5776,hu,EssentialWords/hu/it.mp3
5776,it,EssentialWords/it/it.mp3
5776,ja,EssentialWords/ja/it.mp3
5776,ko,EssentialWords/ko/it.mp3
5776,lt,EssentialWords/lt/it.mp3
5776,lv,EssentialWords/lv/it.mp3
5776,nl,EssentialWords/nl/it.mp3
5776,no,EssentialWords/no/it.mp3
5776,pl,EssentialWords/pl/it.mp3
5776,pt,EssentialWords/pt/it.mp3
5776,ro,EssentialWords/ro/it.mp3
5776,ru,EssentialWords/ru/it.mp3
5776,sk,EssentialWords/sk/it.mp3
5776,sl,EssentialWords/sl/it.mp3
5776,sv,EssentialWords/sv/it.mp3
5776,ta,EssentialWords/ta/it.mp3
5776,te,EssentialWords/te/it.mp3
5776,th,EssentialWords/th/it.mp3
5776,tr,EssentialWords/tr/it.mp3
5776,uk,EssentialWords/uk/it.mp3
5776,ur,EssentialWords/ur/it.mp3
5776,vi,EssentialWords/vi/it.mp3
5776,zh,EssentialWords/zh/it.mp3
5777,en,EssentialWords/en/am.mp3
5777,ar,EssentialWords/ar/am.mp3
5777,bg,EssentialWords/bg/am.mp3
5777,bn,EssentialWords/bn/am.mp3
5777,ca,EssentialWords/ca/am.mp3
5777,cs,EssentialWords/cs/am.mp3
5777,da,EssentialWords/da/am.mp3
5777,de,EssentialWords/de/am.mp3
5777,el,EssentialWords/el/am.mp3
5777,es,EssentialWords/es/am.mp3
5777,et,EssentialWords/et/am.mp3
5777,eu,EssentialWords/eu/am.mp3
5777,fi,EssentialWords/fi/am.mp3
5777,fr,EssentialWords/fr/am.mp3
5777,he,EssentialWords/he/am.mp3
5777,hi,EssentialWords/hi/am.mp3
5777,hr,EssentialWords/hr/am.mp3
5777,hu,EssentialWords/hu/am.mp3
5777,it,EssentialWords/it/am.mp3
5777,ja,EssentialWords/ja/am.mp3
5777,ko,EssentialWords/ko/am.mp3
5777,lt,EssentialWords/lt/am.mp3
5777,lv,EssentialWords/lv/am.mp3
5777,nl,EssentialWords/nl/am.mp3
5777,no,EssentialWords/no/am.mp3
5777,pl,EssentialWords/pl/am.mp3
5777,pt,EssentialWords/pt/am.mp3
5777,ro,EssentialWords/ro/am.mp3
5777,ru,EssentialWords/ru/am.mp3
5777,sk,EssentialWords/sk/am.mp3
5777,sl,EssentialWords/sl/am.mp3
5777,sv,EssentialWords/sv/am.mp3
5777,ta,EssentialWords/ta/am.mp3
5777,te,EssentialWords/te/am.mp3
5777,th,EssentialWords/th/am.mp3
5777,tr,EssentialWords/tr/am.mp3
5777,uk,EssentialWords/uk/am.mp3
5777,ur,EssentialWords/ur/am.mp3
5777,vi,EssentialWords/vi/am.mp3
5777,zh,EssentialWords/zh/am.mp3
5778,en,EssentialWords/en/is.mp3
5778,ar,EssentialWords/ar/is.mp3
5778,bg,EssentialWords/bg/is.mp3
5778,bn,EssentialWords/bn/is.mp3
5778,ca,EssentialWords/ca/is.mp3
5778,cs,EssentialWords/cs/is.mp3
5778,da,EssentialWords/da/is.mp3
5778,de,EssentialWords/de/is.mp3
5778,el,EssentialWords/el/is.mp3
5778,es,EssentialWords/es/is.mp3
5778,et,EssentialWords/et/is.mp3
5778,eu,EssentialWords/eu/is.mp3
5778,fi,EssentialWords/fi/is.mp3
5778,fr,EssentialWords/fr/is.mp3
5778,he,EssentialWords/he/is.mp3
5778,hi,EssentialWords/hi/is.mp3
5778,hr,EssentialWords/hr/is.mp3
5778,hu,EssentialWords/hu/is.mp3
5778,it,EssentialWords/it/is.mp3
5778,ja,EssentialWords/ja/is.mp3
5778,ko,EssentialWords/ko/is.mp3
5778,lt,EssentialWords/lt/is.mp3
5778,lv,EssentialWords/lv/is.mp3
5778,nl,EssentialWords/nl/is.mp3
5778,no,EssentialWords/no/is.mp3
5778,pl,EssentialWords/pl/is.mp3
5778,pt,EssentialWords/pt/is.mp3
5778,ro,EssentialWords/ro/is.mp3
5778,ru,EssentialWords/ru/is.mp3
5778,sk,EssentialWords/sk/is.mp3
5778,sl,EssentialWords/sl/is.mp3
5778,sv,EssentialWords/sv/is.mp3
5778,ta,EssentialWords/ta/is.mp3
5778,te,EssentialWords/te/is.mp3
5778,th,EssentialWords/th/is.mp3
5778,tr,EssentialWords/tr/is.mp3
5778,uk,EssentialWords/uk/is.mp3
5778,ur,EssentialWords/ur/is.mp3
5778,vi,EssentialWords/vi/is.mp3
5778,zh,EssentialWords/zh/is.mp3
5779,en,EssentialWords/en/are.mp3
5779,ar,EssentialWords/ar/are.mp3
5779,bg,EssentialWords/bg/are.mp3
5779,bn,EssentialWords/bn/are.mp3
5779,ca,EssentialWords/ca/are.mp3
5779,cs,EssentialWords/cs/are.mp3
5779,da,EssentialWords/da/are.mp3
5779,de,EssentialWords/de/are.mp3
5779,el,EssentialWords/el/are.mp3
5779,es,EssentialWords/es/are.mp3
5779,et,EssentialWords/et/are.mp3
5779,eu,EssentialWords/eu/are.mp3
5779,fi,EssentialWords/fi/are.mp3
5779,fr,EssentialWords/fr/are.mp3
5779,he,EssentialWords/he/are.mp3
5779,hi,EssentialWords/hi/are.mp3
5779,hr,EssentialWords/hr/are.mp3
5779,hu,EssentialWords/hu/are.mp3
5779,it,EssentialWords/it/are.mp3
5779,ja,EssentialWords/ja/are.mp3
5779,ko,EssentialWords/ko/are.mp3
5779,lt,EssentialWords/lt/are.mp3
5779,lv,EssentialWords/lv/are.mp3
5779,nl,EssentialWords/nl/are.mp3
5779,no,EssentialWords/no/are.mp3
5779,pl,EssentialWords/pl/are.mp3
5779,pt,EssentialWords/pt/are.mp3
5779,ro,EssentialWords/ro/are.mp3
5779,ru,EssentialWords/ru/are.mp3
5779,sk,EssentialWords/sk/are.mp3
5779,sl,EssentialWords/sl/are.mp3
5779,sv,EssentialWords/sv/are.mp3
5779,ta,EssentialWords/ta/are.mp3
5779,te,EssentialWords/te/are.mp3
5779,th,EssentialWords/th/are.mp3
5779,tr,EssentialWords/tr/are.mp3
5779,uk,EssentialWords/uk/are.mp3
5779,ur,EssentialWords/ur/are.mp3
5779,vi,EssentialWords/vi/are.mp3
5779,zh,EssentialWords/zh/are.mp3
5780,en,EssentialWords/en/was.mp3
5780,ar,EssentialWords/ar/was.mp3
5780,bg,EssentialWords/bg/was.mp3
5780,bn,EssentialWords/bn/was.mp3
5780,ca,EssentialWords/ca/was.mp3
5780,cs,EssentialWords/cs/was.mp3
5780,da,EssentialWords/da/was.mp3
5780,de,EssentialWords/de/was.mp3
5780,el,EssentialWords/el/was.mp3
5780,es,EssentialWords/es/was.mp3
5780,et,EssentialWords/et/was.mp3
5780,eu,EssentialWords/eu/was.mp3
5780,fi,EssentialWords/fi/was.mp3
5780,fr,EssentialWords/fr/was.mp3
5780,he,EssentialWords/he/was.mp3
5780,hi,EssentialWords/hi/was.mp3
5780,hr,EssentialWords/hr/was.mp3
5780,hu,EssentialWords/hu/was.mp3
5780,it,EssentialWords/it/was.mp3
5780,ja,EssentialWords/ja/was.mp3
5780,ko,EssentialWords/ko/was.mp3
5780,lt,EssentialWords/lt/was.mp3
5780,lv,EssentialWords/lv/was.mp3
5780,nl,EssentialWords/nl/was.mp3
5780,no,EssentialWords/no/was.mp3
5780,pl,EssentialWords/pl/was.mp3
5780,pt,EssentialWords/pt/was.mp3
5780,ro,EssentialWords/ro/was.mp3
5780,ru,EssentialWords/ru/was.mp3
5780,sk,EssentialWords/sk/was.mp3
5780,sl,EssentialWords/sl/was.mp3
5780,sv,EssentialWords/sv/was.mp3
5780,ta,EssentialWords/ta/was.mp3
5780,te,EssentialWords/te/was.mp3
5780,th,EssentialWords/th/was.mp3
5780,tr,EssentialWords/tr/was.mp3
5780,uk,EssentialWords/uk/was.mp3
5780,ur,EssentialWords/ur/was.mp3
5780,vi,EssentialWords/vi/was.mp3
5780,zh,EssentialWords/zh/was.mp3
5781,en,EssentialWords/en/were.mp3
5781,ar,EssentialWords/ar/were.mp3
5781,bg,EssentialWords/bg/were.mp3
5781,bn,EssentialWords/bn/were.mp3
5781,ca,EssentialWords/ca/were.mp3
5781,cs,EssentialWords/cs/were.mp3
5781,da,EssentialWords/da/were.mp3
5781,de,EssentialWords/de/were.mp3
5781,el,EssentialWords/el/were.mp3
5781,es,EssentialWords/es/were.mp3
5781,et,EssentialWords/et/were.mp3
5781,eu,EssentialWords/eu/were.mp3
5781,fi,EssentialWords/fi/were.mp3
5781,fr,EssentialWords/fr/were.mp3
5781,he,EssentialWords/he/were.mp3
5781,hi,EssentialWords/hi/were.mp3
5781,hr,EssentialWords/hr/were.mp3
5781,hu,EssentialWords/hu/were.mp3
5781,it,EssentialWords/it/were.mp3
5781,ja,EssentialWords/ja/were.mp3
5781,ko,EssentialWords/ko/were.mp3
5781,lt,EssentialWords/lt/were.mp3
5781,lv,EssentialWords/lv/were.mp3
5781,nl,EssentialWords/nl/were.mp3
5781,no,EssentialWords/no/were.mp3
5781,pl,EssentialWords/pl/were.mp3
5781,pt,EssentialWords/pt/were.mp3
5781,ro,EssentialWords/ro/were.mp3
5781,ru,EssentialWords/ru/were.mp3
5781,sk,EssentialWords/sk/were.mp3
5781,sl,EssentialWords/sl/were.mp3
5781,sv,EssentialWords/sv/were.mp3
5781,ta,EssentialWords/ta/were.mp3
5781,te,EssentialWords/te/were.mp3
5781,th,EssentialWords/th/were.mp3
5781,tr,EssentialWords/tr/were.mp3
5781,uk,EssentialWords/uk/were.mp3
5781,ur,EssentialWords/ur/were.mp3
5781,vi,EssentialWords/vi/were.mp3
5781,zh,EssentialWords/zh/were.mp3
5782,en,EssentialWords/en/be.mp3
5782,ar,EssentialWords/ar/be.mp3
5782,bg,EssentialWords/bg/be.mp3
5782,bn,EssentialWords/bn/be.mp3
5782,ca,EssentialWords/ca/be.mp3
5782,cs,EssentialWords/cs/be.mp3
5782,da,EssentialWords/da/be.mp3
5782,de,EssentialWords/de/be.mp3
5782,el,EssentialWords/el/be.mp3
5782,es,EssentialWords/es/be.mp3
5782,et,EssentialWords/et/be.mp3
5782,eu,EssentialWords/eu/be.mp3
5782,fi,EssentialWords/fi/be.mp3
5782,fr,EssentialWords/fr/be.mp3
5782,he,EssentialWords/he/be.mp3
5782,hi,EssentialWords/hi/be.mp3
5782,hr,EssentialWords/hr/be.mp3
5782,hu,EssentialWords/hu/be.mp3
5782,it,EssentialWords/it/be.mp3
5782,ja,EssentialWords/ja/be.mp3
5782,ko,EssentialWords/ko/be.mp3
5782,lt,EssentialWords/lt/be.mp3
5782,lv,EssentialWords/lv/be.mp3
5782,nl,EssentialWords/nl/be.mp3
5782,no,EssentialWords/no/be.mp3
5782,pl,EssentialWords/pl/be.mp3
5782,pt,EssentialWords/pt/be.mp3
5782,ro,EssentialWords/ro/be.mp3
5782,ru,EssentialWords/ru/be.mp3
5782,sk,EssentialWords/sk/be.mp3
5782,sl,EssentialWords/sl/be.mp3
5782,sv,EssentialWords/sv/be.mp3
5782,ta,EssentialWords/ta/be.mp3
5782,te,EssentialWords/te/be.mp3
5782,th,EssentialWords/th/be.mp3
5782,tr,EssentialWords/tr/be.mp3
5782,uk,EssentialWords/uk/be.mp3
5782,ur,EssentialWords/ur/be.mp3
5782,vi,EssentialWords/vi/be.mp3
5782,zh,EssentialWords/zh/be.mp3
5783,en,EssentialWords/en/being.mp3
5783,ar,EssentialWords/ar/being.mp3
5783,bg,EssentialWords/bg/being.mp3
5783,bn,EssentialWords/bn/being.mp3
5783,ca,EssentialWords/ca/being.mp3
5783,cs,EssentialWords/cs/being.mp3
5783,da,EssentialWords/da/being.mp3
5783,de,EssentialWords/de/being.mp3
5783,el,EssentialWords/el/being.mp3
5783,es,EssentialWords/es/being.mp3
5783,et,EssentialWords/et/being.mp3
5783,eu,EssentialWords/eu/being.mp3
5783,fi,EssentialWords/fi/being.mp3
5783,fr,EssentialWords/fr/being.mp3
5783,he,EssentialWords/he/being.mp3
5783,hi,EssentialWords/hi/being.mp3
5783,hr,EssentialWords/hr/being.mp3
5783,hu,EssentialWords/hu/being.mp3
5783,it,EssentialWords/it/being.mp3
5783,ja,EssentialWords/ja/being.mp3
5783,ko,EssentialWords/ko/being.mp3
5783,lt,EssentialWords/lt/being.mp3
5783,lv,EssentialWords/lv/being.mp3
5783,nl,EssentialWords/nl/being.mp3
5783,no,EssentialWords/no/being.mp3
5783,pl,EssentialWords/pl/being.mp3
5783,pt,EssentialWords/pt/being.mp3
5783,ro,EssentialWords/ro/being.mp3
5783,ru,EssentialWords/ru/being.mp3
5783,sk,EssentialWords/sk/being.mp3
5783,sl,EssentialWords/sl/being.mp3
5783,sv,EssentialWords/sv/being.mp3
5783,ta,EssentialWords/ta/being.mp3
5783,te,EssentialWords/te/being.mp3
5783,th,EssentialWords/th/being.mp3
5783,tr,EssentialWords/tr/being.mp3
5783,uk,EssentialWords/uk/being.mp3
5783,ur,EssentialWords/ur/being.mp3
5783,vi,EssentialWords/vi/being.mp3
5783,zh,EssentialWords/zh/being.mp3
5784,en,EssentialWords/en/been.mp3
5784,ar,EssentialWords/ar/been.mp3
5784,bg,EssentialWords/bg/been.mp3
5784,bn,EssentialWords/bn/been.mp3
5784,ca,EssentialWords/ca/been.mp3
5784,cs,EssentialWords/cs/been.mp3
5784,da,EssentialWords/da/been.mp3
5784,de,EssentialWords/de/been.mp3
5784,el,EssentialWords/el/been.mp3
5784,es,EssentialWords/es/been.mp3
5784,et,EssentialWords/et/been.mp3
5784,eu,EssentialWords/eu/been.mp3
5784,fi,EssentialWords/fi/been.mp3
5784,fr,EssentialWords/fr/been.mp3
5784,he,EssentialWords/he/been.mp3
5784,hi,EssentialWords/hi/been.mp3
5784,hr,EssentialWords/hr/been.mp3
5784,hu,EssentialWords/hu/been.mp3
5784,it,EssentialWords/it/been.mp3
5784,ja,EssentialWords/ja/been.mp3
5784,ko,EssentialWords/ko/been.mp3
5784,lt,EssentialWords/lt/been.mp3
5784,lv,EssentialWords/lv/been.mp3
5784,nl,EssentialWords/nl/been.mp3
5784,no,EssentialWords/no/been.mp3
5784,pl,EssentialWords/pl/been.mp3
5784,pt,EssentialWords/pt/been.mp3
5784,ro,EssentialWords/ro/been.mp3
5784,ru,EssentialWords/ru/been.mp3
5784,sk,EssentialWords/sk/been.mp3
5784,sl,EssentialWords/sl/been.mp3
5784,sv,EssentialWords/sv/been.mp3
5784,ta,EssentialWords/ta/been.mp3
5784,te,EssentialWords/te/been.mp3
5784,th,EssentialWords/th/been.mp3
5784,tr,EssentialWords/tr/been.mp3
5784,uk,EssentialWords/uk/been.mp3
5784,ur,EssentialWords/ur/been.mp3
5784,vi,EssentialWords/vi/been.mp3
5784,zh,EssentialWords/zh/been.mp3
5785,en,EssentialWords/en/do.mp3
5785,ar,EssentialWords/ar/do.mp3
5785,bg,EssentialWords/bg/do.mp3
5785,bn,EssentialWords/bn/do.mp3
5785,ca,EssentialWords/ca/do.mp3
5785,cs,EssentialWords/cs/do.mp3
5785,da,EssentialWords/da/do.mp3
5785,de,EssentialWords/de/do.mp3
5785,el,EssentialWords/el/do.mp3
5785,es,EssentialWords/es/do.mp3
5785,et,EssentialWords/et/do.mp3
5785,eu,EssentialWords/eu/do.mp3
5785,fi,EssentialWords/fi/do.mp3
5785,fr,EssentialWords/fr/do.mp3
5785,he,EssentialWords/he/do.mp3
5785,hi,EssentialWords/hi/do.mp3
5785,hr,EssentialWords/hr/do.mp3
5785,hu,EssentialWords/hu/do.mp3
5785,it,EssentialWords/it/do.mp3
5785,ja,EssentialWords/ja/do.mp3
5785,ko,EssentialWords/ko/do.mp3
5785,lt,EssentialWords/lt/do.mp3
5785,lv,EssentialWords/lv/do.mp3
5785,nl,EssentialWords/nl/do.mp3
5785,no,EssentialWords/no/do.mp3
5785,pl,EssentialWords/pl/do.mp3
5785,pt,EssentialWords/pt/do.mp3
5785,ro,EssentialWords/ro/do.mp3
5785,ru,EssentialWords/ru/do.mp3
5785,sk,EssentialWords/sk/do.mp3
5785,sl,EssentialWords/sl/do.mp3
5785,sv,EssentialWords/sv/do.mp3
5785,ta,EssentialWords/ta/do.mp3
5785,te,EssentialWords/te/do.mp3
5785,th,EssentialWords/th/do.mp3
5785,tr,EssentialWords/tr/do.mp3
5785,uk,EssentialWords/uk/do.mp3
5785,ur,EssentialWords/ur/do.mp3
5785,vi,EssentialWords/vi/do.mp3
5785,zh,EssentialWords/zh/do.mp3
5786,en,EssentialWords/en/does.mp3
5786,ar,EssentialWords/ar/does.mp3
5786,bg,EssentialWords/bg/does.mp3
5786,bn,EssentialWords/bn/does.mp3
5786,ca,EssentialWords/ca/does.mp3
5786,cs,EssentialWords/cs/does.mp3
5786,da,EssentialWords/da/does.mp3
5786,de,EssentialWords/de/does.mp3
5786,el,EssentialWords/el/does.mp3
5786,es,EssentialWords/es/does.mp3
5786,et,EssentialWords/et/does.mp3
5786,eu,EssentialWords/eu/does.mp3
5786,fi,EssentialWords/fi/does.mp3
5786,fr,EssentialWords/fr/does.mp3
5786,he,EssentialWords/he/does.mp3
5786,hi,EssentialWords/hi/does.mp3
5786,hr,EssentialWords/hr/does.mp3
5786,hu,EssentialWords/hu/does.mp3
5786,it,EssentialWords/it/does.mp3
5786,ja,EssentialWords/ja/does.mp3
5786,ko,EssentialWords/ko/does.mp3
5786,lt,EssentialWords/lt/does.mp3
5786,lv,EssentialWords/lv/does.mp3
5786,nl,EssentialWords/nl/does.mp3
5786,no,EssentialWords/no/does.mp3
5786,pl,EssentialWords/pl/does.mp3
5786,pt,EssentialWords/pt/does.mp3
5786,ro,EssentialWords/ro/does.mp3
5786,ru,EssentialWords/ru/does.mp3
5786,sk,EssentialWords/sk/does.mp3
5786,sl,EssentialWords/sl/does.mp3
5786,sv,EssentialWords/sv/does.mp3
5786,ta,EssentialWords/ta/does.mp3
5786,te,EssentialWords/te/does.mp3
5786,th,EssentialWords/th/does.mp3
5786,tr,EssentialWords/tr/does.mp3
5786,uk,EssentialWords/uk/does.mp3
5786,ur,EssentialWords/ur/does.mp3
5786,vi,EssentialWords/vi/does.mp3
5786,zh,EssentialWords/zh/does.mp3
5787,en,EssentialWords/en/did.mp3
5787,ar,EssentialWords/ar/did.mp3
5787,bg,EssentialWords/bg/did.mp3
5787,bn,EssentialWords/bn/did.mp3
5787,ca,EssentialWords/ca/did.mp3
5787,cs,EssentialWords/cs/did.mp3
5787,da,EssentialWords/da/did.mp3
5787,de,EssentialWords/de/did.mp3
5787,el,EssentialWords/el/did.mp3
5787,es,EssentialWords/es/did.mp3
5787,et,EssentialWords/et/did.mp3
5787,eu,EssentialWords/eu/did.mp3
5787,fi,EssentialWords/fi/did.mp3
5787,fr,EssentialWords/fr/did.mp3
5787,he,EssentialWords/he/did.mp3
5787,hi,EssentialWords/hi/did.mp3
5787,hr,EssentialWords/hr/did.mp3
5787,hu,EssentialWords/hu/did.mp3
5787,it,EssentialWords/it/did.mp3
5787,ja,EssentialWords/ja/did.mp3
5787,ko,EssentialWords/ko/did.mp3
5787,lt,EssentialWords/lt/did.mp3
5787,lv,EssentialWords/lv/did.mp3
5787,nl,EssentialWords/nl/did.mp3
5787,no,EssentialWords/no/did.mp3
5787,pl,EssentialWords/pl/did.mp3
5787,pt,EssentialWords/pt/did.mp3
5787,ro,EssentialWords/ro/did.mp3
5787,ru,EssentialWords/ru/did.mp3
5787,sk,EssentialWords/sk/did.mp3
5787,sl,EssentialWords/sl/did.mp3
5787,sv,EssentialWords/sv/did.mp3
5787,ta,EssentialWords/ta/did.mp3
5787,te,EssentialWords/te/did.mp3
5787,th,EssentialWords/th/did.mp3
5787,tr,EssentialWords/tr/did.mp3
5787,uk,EssentialWords/uk/did.mp3
5787,ur,EssentialWords/ur/did.mp3
5787,vi,EssentialWords/vi/did.mp3
5787,zh,EssentialWords/zh/did.mp3
5788,en,EssentialWords/en/have.mp3
5788,ar,EssentialWords/ar/have.mp3
5788,bg,EssentialWords/bg/have.mp3
5788,bn,EssentialWords/bn/have.mp3
5788,ca,EssentialWords/ca/have.mp3
5788,cs,EssentialWords/cs/have.mp3
5788,da,EssentialWords/da/have.mp3
5788,de,EssentialWords/de/have.mp3
5788,el,EssentialWords/el/have.mp3
5788,es,EssentialWords/es/have.mp3
5788,et,EssentialWords/et/have.mp3
5788,eu,EssentialWords/eu/have.mp3
5788,fi,EssentialWords/fi/have.mp3
5788,fr,EssentialWords/fr/have.mp3
5788,he,EssentialWords/he/have.mp3
5788,hi,EssentialWords/hi/have.mp3
5788,hr,EssentialWords/hr/have.mp3
5788,hu,EssentialWords/hu/have.mp3
5788,it,EssentialWords/it/have.mp3
5788,ja,EssentialWords/ja/have.mp3
5788,ko,EssentialWords/ko/have.mp3
5788,lt,EssentialWords/lt/have.mp3
5788,lv,EssentialWords/lv/have.mp3
5788,nl,EssentialWords/nl/have.mp3
5788,no,EssentialWords/no/have.mp3
5788,pl,EssentialWords/pl/have.mp3
5788,pt,EssentialWords/pt/have.mp3
5788,ro,EssentialWords/ro/have.mp3
5788,ru,EssentialWords/ru/have.mp3
5788,sk,EssentialWords/sk/have.mp3
5788,sl,EssentialWords/sl/have.mp3
5788,sv,EssentialWords/sv/have.mp3
5788,ta,EssentialWords/ta/have.mp3
5788,te,EssentialWords/te/have.mp3
5788,th,EssentialWords/th/have.mp3
5788,tr,EssentialWords/tr/have.mp3
5788,uk,EssentialWords/uk/have.mp3
5788,ur,EssentialWords/ur/have.mp3
5788,vi,EssentialWords/vi/have.mp3
5788,zh,EssentialWords/zh/have.mp3
5789,en,EssentialWords/en/has.mp3
5789,ar,EssentialWords/ar/has.mp3
5789,bg,EssentialWords/bg/has.mp3
5789,bn,EssentialWords/bn/has.mp3
5789,ca,EssentialWords/ca/has.mp3
5789,cs,EssentialWords/cs/has.mp3
5789,da,EssentialWords/da/has.mp3
5789,de,EssentialWords/de/has.mp3
5789,el,EssentialWords/el/has.mp3
5789,es,EssentialWords/es/has.mp3
5789,et,EssentialWords/et/has.mp3
5789,eu,EssentialWords/eu/has.mp3
5789,fi,EssentialWords/fi/has.mp3
5789,fr,EssentialWords/fr/has.mp3
5789,he,EssentialWords/he/has.mp3
5789,hi,EssentialWords/hi/has.mp3
5789,hr,EssentialWords/hr/has.mp3
5789,hu,EssentialWords/hu/has.mp3
5789,it,EssentialWords/it/has.mp3
5789,ja,EssentialWords/ja/has.mp3
5789,ko,EssentialWords/ko/has.mp3
5789,lt,EssentialWords/lt/has.mp3
5789,lv,EssentialWords/lv/has.mp3
5789,nl,EssentialWords/nl/has.mp3
5789,no,EssentialWords/no/has.mp3
5789,pl,EssentialWords/pl/has.mp3
5789,pt,EssentialWords/pt/has.mp3
5789,ro,EssentialWords/ro/has.mp3
5789,ru,EssentialWords/ru/has.mp3
5789,sk,EssentialWords/sk/has.mp3
5789,sl,EssentialWords/sl/has.mp3
5789,sv,EssentialWords/sv/has.mp3
5789,ta,EssentialWords/ta/has.mp3
5789,te,EssentialWords/te/has.mp3
5789,th,EssentialWords/th/has.mp3
5789,tr,EssentialWords/tr/has.mp3
5789,uk,EssentialWords/uk/has.mp3
5789,ur,EssentialWords/ur/has.mp3
5789,vi,EssentialWords/vi/has.mp3
5789,zh,EssentialWords/zh/has.mp3
5790,en,EssentialWords/en/had.mp3
5790,ar,EssentialWords/ar/had.mp3
5790,bg,EssentialWords/bg/had.mp3
5790,bn,EssentialWords/bn/had.mp3
5790,ca,EssentialWords/ca/had.mp3
5790,cs,EssentialWords/cs/had.mp3
5790,da,EssentialWords/da/had.mp3
5790,de,EssentialWords/de/had.mp3
5790,el,EssentialWords/el/had.mp3
5790,es,EssentialWords/es/had.mp3
5790,et,EssentialWords/et/had.mp3
5790,eu,EssentialWords/eu/had.mp3
5790,fi,EssentialWords/fi/had.mp3
5790,fr,EssentialWords/fr/had.mp3
5790,he,EssentialWords/he/had.mp3
5790,hi,EssentialWords/hi/had.mp3
5790,hr,EssentialWords/hr/had.mp3
5790,hu,EssentialWords/hu/had.mp3
5790,it,EssentialWords/it/had.mp3
5790,ja,EssentialWords/ja/had.mp3
5790,ko,EssentialWords/ko/had.mp3
5790,lt,EssentialWords/lt/had.mp3
5790,lv,EssentialWords/lv/had.mp3
5790,nl,EssentialWords/nl/had.mp3
5790,no,EssentialWords/no/had.mp3
5790,pl,EssentialWords/pl/had.mp3
5790,pt,EssentialWords/pt/had.mp3
5790,ro,EssentialWords/ro/had.mp3
5790,ru,EssentialWords/ru/had.mp3
5790,sk,EssentialWords/sk/had.mp3
5790,sl,EssentialWords/sl/had.mp3
5790,sv,EssentialWords/sv/had.mp3
5790,ta,EssentialWords/ta/had.mp3
5790,te,EssentialWords/te/had.mp3
5790,th,EssentialWords/th/had.mp3
5790,tr,EssentialWords/tr/had.mp3
5790,uk,EssentialWords/uk/had.mp3
5790,ur,EssentialWords/ur/had.mp3
5790,vi,EssentialWords/vi/had.mp3
5790,zh,EssentialWords/zh/had.mp3
5791,en,EssentialWords/en/will.mp3
5791,ar,EssentialWords/ar/will.mp3
5791,bg,EssentialWords/bg/will.mp3
5791,bn,EssentialWords/bn/will.mp3
5791,ca,EssentialWords/ca/will.mp3
5791,cs,EssentialWords/cs/will.mp3
5791,da,EssentialWords/da/will.mp3
5791,de,EssentialWords/de/will.mp3
5791,el,EssentialWords/el/will.mp3
5791,es,EssentialWords/es/will.mp3
5791,et,EssentialWords/et/will.mp3
5791,eu,EssentialWords/eu/will.mp3
5791,fi,EssentialWords/fi/will.mp3
5791,fr,EssentialWords/fr/will.mp3
5791,he,EssentialWords/he/will.mp3
5791,hi,EssentialWords/hi/will.mp3
5791,hr,EssentialWords/hr/will.mp3
5791,hu,EssentialWords/hu/will.mp3
5791,it,EssentialWords/it/will.mp3
5791,ja,EssentialWords/ja/will.mp3
5791,ko,EssentialWords/ko/will.mp3
5791,lt,EssentialWords/lt/will.mp3
5791,lv,EssentialWords/lv/will.mp3
5791,nl,EssentialWords/nl/will.mp3
5791,no,EssentialWords/no/will.mp3
5791,pl,EssentialWords/pl/will.mp3
5791,pt,EssentialWords/pt/will.mp3
5791,ro,EssentialWords/ro/will.mp3
5791,ru,EssentialWords/ru/will.mp3
5791,sk,EssentialWords/sk/will.mp3
5791,sl,EssentialWords/sl/will.mp3
5791,sv,EssentialWords/sv/will.mp3
5791,ta,EssentialWords/ta/will.mp3
5791,te,EssentialWords/te/will.mp3
5791,th,EssentialWords/th/will.mp3
5791,tr,EssentialWords/tr/will.mp3
5791,uk,EssentialWords/uk/will.mp3
5791,ur,EssentialWords/ur/will.mp3
5791,vi,EssentialWords/vi/will.mp3
5791,zh,EssentialWords/zh/will.mp3
5792,en,EssentialWords/en/would.mp3
5792,ar,EssentialWords/ar/would.mp3
5792,bg,EssentialWords/bg/would.mp3
5792,bn,EssentialWords/bn/would.mp3
5792,ca,EssentialWords/ca/would.mp3
5792,cs,EssentialWords/cs/would.mp3
5792,da,EssentialWords/da/would.mp3
5792,de,EssentialWords/de/would.mp3
5792,el,EssentialWords/el/would.mp3
5792,es,EssentialWords/es/would.mp3
5792,et,EssentialWords/et/would.mp3
5792,eu,EssentialWords/eu/would.mp3
5792,fi,EssentialWords/fi/would.mp3
5792,fr,EssentialWords/fr/would.mp3
5792,he,EssentialWords/he/would.mp3
5792,hi,EssentialWords/hi/would.mp3
5792,hr,EssentialWords/hr/would.mp3
5792,hu,EssentialWords/hu/would.mp3
5792,it,EssentialWords/it/would.mp3
5792,ja,EssentialWords/ja/would.mp3
5792,ko,EssentialWords/ko/would.mp3
5792,lt,EssentialWords/lt/would.mp3
5792,lv,EssentialWords/lv/would.mp3
5792,nl,EssentialWords/nl/would.mp3
5792,no,EssentialWords/no/would.mp3
5792,pl,EssentialWords/pl/would.mp3
5792,pt,EssentialWords/pt/would.mp3
5792,ro,EssentialWords/ro/would.mp3
5792,ru,EssentialWords/ru/would.mp3
5792,sk,EssentialWords/sk/would.mp3
5792,sl,EssentialWords/sl/would.mp3
5792,sv,EssentialWords/sv/would.mp3
5792,ta,EssentialWords/ta/would.mp3
5792,te,EssentialWords/te/would.mp3
5792,th,EssentialWords/th/would.mp3
5792,tr,EssentialWords/tr/would.mp3
5792,uk,EssentialWords/uk/would.mp3
5792,ur,EssentialWords/ur/would.mp3
5792,vi,EssentialWords/vi/would.mp3
5792,zh,EssentialWords/zh/would.mp3
5793,en,EssentialWords/en/can.mp3
5793,ar,EssentialWords/ar/can.mp3
5793,bg,EssentialWords/bg/can.mp3
5793,bn,EssentialWords/bn/can.mp3
5793,ca,EssentialWords/ca/can.mp3
5793,cs,EssentialWords/cs/can.mp3
5793,da,EssentialWords/da/can.mp3
5793,de,EssentialWords/de/can.mp3
5793,el,EssentialWords/el/can.mp3
5793,es,EssentialWords/es/can.mp3
5793,et,EssentialWords/et/can.mp3
5793,eu,EssentialWords/eu/can.mp3
5793,fi,EssentialWords/fi/can.mp3
5793,fr,EssentialWords/fr/can.mp3
5793,he,EssentialWords/he/can.mp3
5793,hi,EssentialWords/hi/can.mp3
5793,hr,EssentialWords/hr/can.mp3
5793,hu,EssentialWords/hu/can.mp3
5793,it,EssentialWords/it/can.mp3
5793,ja,EssentialWords/ja/can.mp3
5793,ko,EssentialWords/ko/can.mp3
5793,lt,EssentialWords/lt/can.mp3
5793,lv,EssentialWords/lv/can.mp3
5793,nl,EssentialWords/nl/can.mp3
5793,no,EssentialWords/no/can.mp3
5793,pl,EssentialWords/pl/can.mp3
5793,pt,EssentialWords/pt/can.mp3
5793,ro,EssentialWords/ro/can.mp3
5793,ru,EssentialWords/ru/can.mp3
5793,sk,EssentialWords/sk/can.mp3
5793,sl,EssentialWords/sl/can.mp3
5793,sv,EssentialWords/sv/can.mp3
5793,ta,EssentialWords/ta/can.mp3
5793,te,EssentialWords/te/can.mp3
5793,th,EssentialWords/th/can.mp3
5793,tr,EssentialWords/tr/can.mp3
5793,uk,EssentialWords/uk/can.mp3
5793,ur,EssentialWords/ur/can.mp3
5793,vi,EssentialWords/vi/can.mp3
5793,zh,EssentialWords/zh/can.mp3
5794,en,EssentialWords/en/could.mp3
5794,ar,EssentialWords/ar/could.mp3
5794,bg,EssentialWords/bg/could.mp3
5794,bn,EssentialWords/bn/could.mp3
5794,ca,EssentialWords/ca/could.mp3
5794,cs,EssentialWords/cs/could.mp3
5794,da,EssentialWords/da/could.mp3
5794,de,EssentialWords/de/could.mp3
5794,el,EssentialWords/el/could.mp3
5794,es,EssentialWords/es/could.mp3
5794,et,EssentialWords/et/could.mp3
5794,eu,EssentialWords/eu/could.mp3
5794,fi,EssentialWords/fi/could.mp3
5794,fr,EssentialWords/fr/could.mp3
5794,he,EssentialWords/he/could.mp3
5794,hi,EssentialWords/hi/could.mp3
5794,hr,EssentialWords/hr/could.mp3
5794,hu,EssentialWords/hu/could.mp3
5794,it,EssentialWords/it/could.mp3
5794,ja,EssentialWords/ja/could.mp3
5794,ko,EssentialWords/ko/could.mp3
5794,lt,EssentialWords/lt/could.mp3
5794,lv,EssentialWords/lv/could.mp3
5794,nl,EssentialWords/nl/could.mp3
5794,no,EssentialWords/no/could.mp3
5794,pl,EssentialWords/pl/could.mp3
5794,pt,EssentialWords/pt/could.mp3
5794,ro,EssentialWords/ro/could.mp3
5794,ru,EssentialWords/ru/could.mp3
5794,sk,EssentialWords/sk/could.mp3
5794,sl,EssentialWords/sl/could.mp3
5794,sv,EssentialWords/sv/could.mp3
5794,ta,EssentialWords/ta/could.mp3
5794,te,EssentialWords/te/could.mp3
5794,th,EssentialWords/th/could.mp3
5794,tr,EssentialWords/tr/could.mp3
5794,uk,EssentialWords/uk/could.mp3
5794,ur,EssentialWords/ur/could.mp3
5794,vi,EssentialWords/vi/could.mp3
5794,zh,EssentialWords/zh/could.mp3
5795,en,EssentialWords/en/shall.mp3
5795,ar,EssentialWords/ar/shall.mp3
5795,bg,EssentialWords/bg/shall.mp3
5795,bn,EssentialWords/bn/shall.mp3
5795,ca,EssentialWords/ca/shall.mp3
5795,cs,EssentialWords/cs/shall.mp3
5795,da,EssentialWords/da/shall.mp3
5795,de,EssentialWords/de/shall.mp3
5795,el,EssentialWords/el/shall.mp3
5795,es,EssentialWords/es/shall.mp3
5795,et,EssentialWords/et/shall.mp3
5795,eu,EssentialWords/eu/shall.mp3
5795,fi,EssentialWords/fi/shall.mp3
5795,fr,EssentialWords/fr/shall.mp3
5795,he,EssentialWords/he/shall.mp3
5795,hi,EssentialWords/hi/shall.mp3
5795,hr,EssentialWords/hr/shall.mp3
5795,hu,EssentialWords/hu/shall.mp3
5795,it,EssentialWords/it/shall.mp3
5795,ja,EssentialWords/ja/shall.mp3
5795,ko,EssentialWords/ko/shall.mp3
5795,lt,EssentialWords/lt/shall.mp3
5795,lv,EssentialWords/lv/shall.mp3
5795,nl,EssentialWords/nl/shall.mp3
5795,no,EssentialWords/no/shall.mp3
5795,pl,EssentialWords/pl/shall.mp3
5795,pt,EssentialWords/pt/shall.mp3
5795,ro,EssentialWords/ro/shall.mp3
5795,ru,EssentialWords/ru/shall.mp3
5795,sk,EssentialWords/sk/shall.mp3
5795,sl,EssentialWords/sl/shall.mp3
5795,sv,EssentialWords/sv/shall.mp3
5795,ta,EssentialWords/ta/shall.mp3
5795,te,EssentialWords/te/shall.mp3
5795,th,EssentialWords/th/shall.mp3
5795,tr,EssentialWords/tr/shall.mp3
5795,uk,EssentialWords/uk/shall.mp3
5795,ur,EssentialWords/ur/shall.mp3
5795,vi,EssentialWords/vi/shall.mp3
5795,zh,EssentialWords/zh/shall.mp3
5796,en,EssentialWords/en/should.mp3
5796,ar,EssentialWords/ar/should.mp3
5796,bg,EssentialWords/bg/should.mp3
5796,bn,EssentialWords/bn/should.mp3
5796,ca,EssentialWords/ca/should.mp3
5796,cs,EssentialWords/cs/should.mp3
5796,da,EssentialWords/da/should.mp3
5796,de,EssentialWords/de/should.mp3
5796,el,EssentialWords/el/should.mp3
5796,es,EssentialWords/es/should.mp3
5796,et,EssentialWords/et/should.mp3
5796,eu,EssentialWords/eu/should.mp3
5796,fi,EssentialWords/fi/should.mp3
5796,fr,EssentialWords/fr/should.mp3
5796,he,EssentialWords/he/should.mp3
5796,hi,EssentialWords/hi/should.mp3
5796,hr,EssentialWords/hr/should.mp3
5796,hu,EssentialWords/hu/should.mp3
5796,it,EssentialWords/it/should.mp3
5796,ja,EssentialWords/ja/should.mp3
5796,ko,EssentialWords/ko/should.mp3
5796,lt,EssentialWords/lt/should.mp3
5796,lv,EssentialWords/lv/should.mp3
5796,nl,EssentialWords/nl/should.mp3
5796,no,EssentialWords/no/should.mp3
5796,pl,EssentialWords/pl/should.mp3
5796,pt,EssentialWords/pt/should.mp3
5796,ro,EssentialWords/ro/should.mp3
5796,ru,EssentialWords/ru/should.mp3
5796,sk,EssentialWords/sk/should.mp3
5796,sl,EssentialWords/sl/should.mp3
5796,sv,EssentialWords/sv/should.mp3
5796,ta,EssentialWords/ta/should.mp3
5796,te,EssentialWords/te/should.mp3
5796,th,EssentialWords/th/should.mp3
5796,tr,EssentialWords/tr/should.mp3
5796,uk,EssentialWords/uk/should.mp3
5796,ur,EssentialWords/ur/should.mp3
5796,vi,EssentialWords/vi/should.mp3
5796,zh,EssentialWords/zh/should.mp3
5797,en,EssentialWords/en/may.mp3
5797,ar,EssentialWords/ar/may.mp3
5797,bg,EssentialWords/bg/may.mp3
5797,bn,EssentialWords/bn/may.mp3
5797,ca,EssentialWords/ca/may.mp3
5797,cs,EssentialWords/cs/may.mp3
5797,da,EssentialWords/da/may.mp3
5797,de,EssentialWords/de/may.mp3
5797,el,EssentialWords/el/may.mp3
5797,es,EssentialWords/es/may.mp3
5797,et,EssentialWords/et/may.mp3
5797,eu,EssentialWords/eu/may.mp3
5797,fi,EssentialWords/fi/may.mp3
5797,fr,EssentialWords/fr/may.mp3
5797,he,EssentialWords/he/may.mp3
5797,hi,EssentialWords/hi/may.mp3
5797,hr,EssentialWords/hr/may.mp3
5797,hu,EssentialWords/hu/may.mp3
5797,it,EssentialWords/it/may.mp3
5797,ja,EssentialWords/ja/may.mp3
5797,ko,EssentialWords/ko/may.mp3
5797,lt,EssentialWords/lt/may.mp3
5797,lv,EssentialWords/lv/may.mp3
5797,nl,EssentialWords/nl/may.mp3
5797,no,EssentialWords/no/may.mp3
5797,pl,EssentialWords/pl/may.mp3
5797,pt,EssentialWords/pt/may.mp3
5797,ro,EssentialWords/ro/may.mp3
5797,ru,EssentialWords/ru/may.mp3
5797,sk,EssentialWords/sk/may.mp3
5797,sl,EssentialWords/sl/may.mp3
5797,sv,EssentialWords/sv/may.mp3
5797,ta,EssentialWords/ta/may.mp3
5797,te,EssentialWords/te/may.mp3
5797,th,EssentialWords/th/may.mp3
5797,tr,EssentialWords/tr/may.mp3
5797,uk,EssentialWords/uk/may.mp3
5797,ur,EssentialWords/ur/may.mp3
5797,vi,EssentialWords/vi/may.mp3
5797,zh,EssentialWords/zh/may.mp3
5798,en,EssentialWords/en/might.mp3
5798,ar,EssentialWords/ar/might.mp3
5798,bg,EssentialWords/bg/might.mp3
5798,bn,EssentialWords/bn/might.mp3
5798,ca,EssentialWords/ca/might.mp3
5798,cs,EssentialWords/cs/might.mp3
5798,da,EssentialWords/da/might.mp3
5798,de,EssentialWords/de/might.mp3
5798,el,EssentialWords/el/might.mp3
5798,es,EssentialWords/es/might.mp3
5798,et,EssentialWords/et/might.mp3
5798,eu,EssentialWords/eu/might.mp3
5798,fi,EssentialWords/fi/might.mp3
5798,fr,EssentialWords/fr/might.mp3
5798,he,EssentialWords/he/might.mp3
5798,hi,EssentialWords/hi/might.mp3
5798,hr,EssentialWords/hr/might.mp3
5798,hu,EssentialWords/hu/might.mp3
5798,it,EssentialWords/it/might.mp3
5798,ja,EssentialWords/ja/might.mp3
5798,ko,EssentialWords/ko/might.mp3
5798,lt,EssentialWords/lt/might.mp3
5798,lv,EssentialWords/lv/might.mp3
5798,nl,EssentialWords/nl/might.mp3
5798,no,EssentialWords/no/might.mp3
5798,pl,EssentialWords/pl/might.mp3
5798,pt,EssentialWords/pt/might.mp3
5798,ro,EssentialWords/ro/might.mp3
5798,ru,EssentialWords/ru/might.mp3
5798,sk,EssentialWords/sk/might.mp3
5798,sl,EssentialWords/sl/might.mp3
5798,sv,EssentialWords/sv/might.mp3
5798,ta,EssentialWords/ta/might.mp3
5798,te,EssentialWords/te/might.mp3
5798,th,EssentialWords/th/might.mp3
5798,tr,EssentialWords/tr/might.mp3
5798,uk,EssentialWords/uk/might.mp3
5798,ur,EssentialWords/ur/might.mp3
5798,vi,EssentialWords/vi/might.mp3
5798,zh,EssentialWords/zh/might.mp3
5799,en,EssentialWords/en/must.mp3
5799,ar,EssentialWords/ar/must.mp3
5799,bg,EssentialWords/bg/must.mp3
5799,bn,EssentialWords/bn/must.mp3
5799,ca,EssentialWords/ca/must.mp3
5799,cs,EssentialWords/cs/must.mp3
5799,da,EssentialWords/da/must.mp3
5799,de,EssentialWords/de/must.mp3
5799,el,EssentialWords/el/must.mp3
5799,es,EssentialWords/es/must.mp3
5799,et,EssentialWords/et/must.mp3
5799,eu,EssentialWords/eu/must.mp3
5799,fi,EssentialWords/fi/must.mp3
5799,fr,EssentialWords/fr/must.mp3
5799,he,EssentialWords/he/must.mp3
5799,hi,EssentialWords/hi/must.mp3
5799,hr,EssentialWords/hr/must.mp3
5799,hu,EssentialWords/hu/must.mp3
5799,it,EssentialWords/it/must.mp3
5799,ja,EssentialWords/ja/must.mp3
5799,ko,EssentialWords/ko/must.mp3
5799,lt,EssentialWords/lt/must.mp3
5799,lv,EssentialWords/lv/must.mp3
5799,nl,EssentialWords/nl/must.mp3
5799,no,EssentialWords/no/must.mp3
5799,pl,EssentialWords/pl/must.mp3
5799,pt,EssentialWords/pt/must.mp3
5799,ro,EssentialWords/ro/must.mp3
5799,ru,EssentialWords/ru/must.mp3
5799,sk,EssentialWords/sk/must.mp3
5799,sl,EssentialWords/sl/must.mp3
5799,sv,EssentialWords/sv/must.mp3
5799,ta,EssentialWords/ta/must.mp3
5799,te,EssentialWords/te/must.mp3
5799,th,EssentialWords/th/must.mp3
5799,tr,EssentialWords/tr/must.mp3
5799,uk,EssentialWords/uk/must.mp3
5799,ur,EssentialWords/ur/must.mp3
5799,vi,EssentialWords/vi/must.mp3
5799,zh,EssentialWords/zh/must.mp3
6061,en,EssentialWords/en/no.mp3
6061,ar,EssentialWords/ar/no.mp3
6061,bg,EssentialWords/bg/no.mp3
6061,bn,EssentialWords/bn/no.mp3
6061,ca,EssentialWords/ca/no.mp3
6061,cs,EssentialWords/cs/no.mp3
6061,da,EssentialWords/da/no.mp3
6061,de,EssentialWords/de/no.mp3
6061,el,EssentialWords/el/no.mp3
6061,es,EssentialWords/es/no.mp3
6061,et,EssentialWords/et/no.mp3
6061,eu,EssentialWords/eu/no.mp3
6061,fi,EssentialWords/fi/no.mp3
6061,fr,EssentialWords/fr/no.mp3
6061,gu,EssentialWords/gu/no.mp3
6061,he,EssentialWords/he/no.mp3
6061,hi,EssentialWords/hi/no.mp3
6061,hr,EssentialWords/hr/no.mp3
6061,hu,EssentialWords/hu/no.mp3
6061,id,EssentialWords/id/no.mp3
6061,is,EssentialWords/is/no.mp3
6061,it,EssentialWords/it/no.mp3
6061,ja,EssentialWords/ja/no.mp3
6061,ko,EssentialWords/ko/no.mp3
6061,lt,EssentialWords/lt/no.mp3
6061,lv,EssentialWords/lv/no.mp3
6061,ml,EssentialWords/ml/no.mp3
6061,mr,EssentialWords/mr/no.mp3
6061,nl,EssentialWords/nl/no.mp3
6061,no,EssentialWords/no/no.mp3
6061,pl,EssentialWords/pl/no.mp3
6061,pt,EssentialWords/pt/no.mp3
6061,ro,EssentialWords/ro/no.mp3
6061,ru,EssentialWords/ru/no.mp3
6061,sk,EssentialWords/sk/no.mp3
6061,sl,EssentialWords/sl/no.mp3
6061,sv,EssentialWords/sv/no.mp3
6061,ta,EssentialWords/ta/no.mp3
6061,te,EssentialWords/te/no.mp3
6061,th,EssentialWords/th/no.mp3
6061,tr,EssentialWords/tr/no.mp3
6061,uk,EssentialWords/uk/no.mp3
6061,ur,EssentialWords/ur/no.mp3
6061,vi,EssentialWords/vi/no.mp3
6061,zh,EssentialWords/zh/no.mp3
6062,en,EssentialWords/en/not.mp3
6062,ar,EssentialWords/ar/not.mp3
6062,bg,EssentialWords/bg/not.mp3
6062,bn,EssentialWords/bn/not.mp3
6062,ca,EssentialWords/ca/not.mp3
6062,cs,EssentialWords/cs/not.mp3
6062,da,EssentialWords/da/not.mp3
6062,de,EssentialWords/de/not.mp3
6062,el,EssentialWords/el/not.mp3
6062,es,EssentialWords/es/not.mp3
6062,et,EssentialWords/et/not.mp3
6062,eu,EssentialWords/eu/not.mp3
6062,fi,EssentialWords/fi/not.mp3
6062,fr,EssentialWords/fr/not.mp3
6062,gu,EssentialWords/gu/not.mp3
6062,he,EssentialWords/he/not.mp3
6062,hi,EssentialWords/hi/not.mp3
6062,hr,EssentialWords/hr/not.mp3
6062,hu,EssentialWords/hu/not.mp3
6062,id,EssentialWords/id/not.mp3
6062,is,EssentialWords/is/not.mp3
6062,it,EssentialWords/it/not.mp3
6062,ja,EssentialWords/ja/not.mp3
6062,ko,EssentialWords/ko/not.mp3
6062,lt,EssentialWords/lt/not.mp3
6062,lv,EssentialWords/lv/not.mp3
6062,ml,EssentialWords/ml/not.mp3
6062,mr,EssentialWords/mr/not.mp3
6062,nl,EssentialWords/nl/not.mp3
6062,no,EssentialWords/no/not.mp3
6062,pl,EssentialWords/pl/not.mp3
6062,pt,EssentialWords/pt/not.mp3
6062,ro,EssentialWords/ro/not.mp3
6062,ru,EssentialWords/ru/not.mp3
6062,sk,EssentialWords/sk/not.mp3
6062,sl,EssentialWords/sl/not.mp3
6062,sv,EssentialWords/sv/not.mp3
6062,ta,EssentialWords/ta/not.mp3
6062,te,EssentialWords/te/not.mp3
6062,th,EssentialWords/th/not.mp3
6062,tr,EssentialWords/tr/not.mp3
6062,uk,EssentialWords/uk/not.mp3
6062,ur,EssentialWords/ur/not.mp3
6062,vi,EssentialWords/vi/not.mp3
6062,zh,EssentialWords/zh/not.mp3
6063,en,EssentialWords/en/never.mp3
6063,ar,EssentialWords/ar/never.mp3
6063,bg,EssentialWords/bg/never.mp3
6063,bn,EssentialWords/bn/never.mp3
6063,ca,EssentialWords/ca/never.mp3
6063,cs,EssentialWords/cs/never.mp3
6063,da,EssentialWords/da/never.mp3
6063,de,EssentialWords/de/never.mp3
6063,el,EssentialWords/el/never.mp3
6063,es,EssentialWords/es/never.mp3
6063,et,EssentialWords/et/never.mp3
6063,eu,EssentialWords/eu/never.mp3
6063,fi,EssentialWords/fi/never.mp3
6063,fr,EssentialWords/fr/never.mp3
6063,gu,EssentialWords/gu/never.mp3
6063,he,EssentialWords/he/never.mp3
6063,hi,EssentialWords/hi/never.mp3
6063,hr,EssentialWords/hr/never.mp3
6063,hu,EssentialWords/hu/never.mp3
6063,id,EssentialWords/id/never.mp3
6063,is,EssentialWords/is/never.mp3
6063,it,EssentialWords/it/never.mp3
6063,ja,EssentialWords/ja/never.mp3
6063,ko,EssentialWords/ko/never.mp3
6063,lt,EssentialWords/lt/never.mp3
6063,lv,EssentialWords/lv/never.mp3
6063,ml,EssentialWords/ml/never.mp3
6063,mr,EssentialWords/mr/never.mp3
6063,nl,EssentialWords/nl/never.mp3
6063,no,EssentialWords/no/never.mp3
6063,pl,EssentialWords/pl/never.mp3
6063,pt,EssentialWords/pt/never.mp3
6063,ro,EssentialWords/ro/never.mp3
6063,ru,EssentialWords/ru/never.mp3
6063,sk,EssentialWords/sk/never.mp3
6063,sl,EssentialWords/sl/never.mp3
6063,sv,EssentialWords/sv/never.mp3
6063,ta,EssentialWords/ta/never.mp3
6063,te,EssentialWords/te/never.mp3
6063,th,EssentialWords/th/never.mp3
6063,tr,EssentialWords/tr/never.mp3
6063,uk,EssentialWords/uk/never.mp3
6063,ur,EssentialWords/ur/never.mp3
6063,vi,EssentialWords/vi/never.mp3
6063,zh,EssentialWords/zh/never.mp3
6064,en,EssentialWords/en/and.mp3
6064,ar,EssentialWords/ar/and.mp3
6064,bg,EssentialWords/bg/and.mp3
6064,bn,EssentialWords/bn/and.mp3
6064,ca,EssentialWords/ca/and.mp3
6064,cs,EssentialWords/cs/and.mp3
6064,da,EssentialWords/da/and.mp3
6064,de,EssentialWords/de/and.mp3
6064,el,EssentialWords/el/and.mp3
6064,es,EssentialWords/es/and.mp3
6064,et,EssentialWords/et/and.mp3
6064,eu,EssentialWords/eu/and.mp3
6064,fi,EssentialWords/fi/and.mp3
6064,fr,EssentialWords/fr/and.mp3
6064,gu,EssentialWords/gu/and.mp3
6064,he,EssentialWords/he/and.mp3
6064,hi,EssentialWords/hi/and.mp3
6064,hr,EssentialWords/hr/and.mp3
6064,hu,EssentialWords/hu/and.mp3
6064,id,EssentialWords/id/and.mp3
6064,is,EssentialWords/is/and.mp3
6064,it,EssentialWords/it/and.mp3
6064,ja,EssentialWords/ja/and.mp3
6064,ko,EssentialWords/ko/and.mp3
6064,lt,EssentialWords/lt/and.mp3
6064,lv,EssentialWords/lv/and.mp3
6064,ml,EssentialWords/ml/and.mp3
6064,mr,EssentialWords/mr/and.mp3
6064,nl,EssentialWords/nl/and.mp3
6064,no,EssentialWords/no/and.mp3
6064,pl,EssentialWords/pl/and.mp3
6064,pt,EssentialWords/pt/and.mp3
6064,ro,EssentialWords/ro/and.mp3
6064,ru,EssentialWords/ru/and.mp3
6064,sk,EssentialWords/sk/and.mp3
6064,sl,EssentialWords/sl/and.mp3
6064,sv,EssentialWords/sv/and.mp3
6064,ta,EssentialWords/ta/and.mp3
6064,te,EssentialWords/te/and.mp3
6064,th,EssentialWords/th/and.mp3
6064,tr,EssentialWords/tr/and.mp3
6064,uk,EssentialWords/uk/and.mp3
6064,ur,EssentialWords/ur/and.mp3
6064,vi,EssentialWords/vi/and.mp3
6064,zh,EssentialWords/zh/and.mp3
6065,en,EssentialWords/en/or.mp3
6065,ar,EssentialWords/ar/or.mp3
6065,bg,EssentialWords/bg/or.mp3
6065,bn,EssentialWords/bn/or.mp3
6065,ca,EssentialWords/ca/or.mp3
6065,cs,EssentialWords/cs/or.mp3
6065,da,EssentialWords/da/or.mp3
6065,de,EssentialWords/de/or.mp3
6065,el,EssentialWords/el/or.mp3
6065,es,EssentialWords/es/or.mp3
6065,et,EssentialWords/et/or.mp3
6065,eu,EssentialWords/eu/or.mp3
6065,fi,EssentialWords/fi/or.mp3
6065,fr,EssentialWords/fr/or.mp3
6065,gu,EssentialWords/gu/or.mp3
6065,he,EssentialWords/he/or.mp3
6065,hi,EssentialWords/hi/or.mp3
6065,hr,EssentialWords/hr/or.mp3
6065,hu,EssentialWords/hu/or.mp3
6065,id,EssentialWords/id/or.mp3
6065,is,EssentialWords/is/or.mp3
6065,it,EssentialWords/it/or.mp3
6065,ja,EssentialWords/ja/or.mp3
6065,ko,EssentialWords/ko/or.mp3
6065,lt,EssentialWords/lt/or.mp3
6065,lv,EssentialWords/lv/or.mp3
6065,ml,EssentialWords/ml/or.mp3
6065,mr,EssentialWords/mr/or.mp3
6065,nl,EssentialWords/nl/or.mp3
6065,no,EssentialWords/no/or.mp3
6065,pl,EssentialWords/pl/or.mp3
6065,pt,EssentialWords/pt/or.mp3
6065,ro,EssentialWords/ro/or.mp3
6065,ru,EssentialWords/ru/or.mp3
6065,sk,EssentialWords/sk/or.mp3
6065,sl,EssentialWords/sl/or.mp3
6065,sv,EssentialWords/sv/or.mp3
6065,ta,EssentialWords/ta/or.mp3
6065,te,EssentialWords/te/or.mp3
6065,th,EssentialWords/th/or.mp3
6065,tr,EssentialWords/tr/or.mp3
6065,uk,EssentialWords/uk/or.mp3
6065,ur,EssentialWords/ur/or.mp3
6065,vi,EssentialWords/vi/or.mp3
6065,zh,EssentialWords/zh/or.mp3
6066,en,EssentialWords/en/but.mp3
6066,ar,EssentialWords/ar/but.mp3
6066,bg,EssentialWords/bg/but.mp3
6066,bn,EssentialWords/bn/but.mp3
6066,ca,EssentialWords/ca/but.mp3
6066,cs,EssentialWords/cs/but.mp3
6066,da,EssentialWords/da/but.mp3
6066,de,EssentialWords/de/but.mp3
6066,el,EssentialWords/el/but.mp3
6066,es,EssentialWords/es/but.mp3
6066,et,EssentialWords/et/but.mp3
6066,eu,EssentialWords/eu/but.mp3
6066,fi,EssentialWords/fi/but.mp3
6066,fr,EssentialWords/fr/but.mp3
6066,gu,EssentialWords/gu/but.mp3
6066,he,EssentialWords/he/but.mp3
6066,hi,EssentialWords/hi/but.mp3
6066,hr,EssentialWords/hr/but.mp3
6066,hu,EssentialWords/hu/but.mp3
6066,id,EssentialWords/id/but.mp3
6066,is,EssentialWords/is/but.mp3
6066,it,EssentialWords/it/but.mp3
6066,ja,EssentialWords/ja/but.mp3
6066,ko,EssentialWords/ko/but.mp3
6066,lt,EssentialWords/lt/but.mp3
6066,lv,EssentialWords/lv/but.mp3
6066,ml,EssentialWords/ml/but.mp3
6066,mr,EssentialWords/mr/but.mp3
6066,nl,EssentialWords/nl/but.mp3
6066,no,EssentialWords/no/but.mp3
6066,pl,EssentialWords/pl/but.mp3
6066,pt,EssentialWords/pt/but.mp3
6066,ro,EssentialWords/ro/but.mp3
6066,ru,EssentialWords/ru/but.mp3
6066,sk,EssentialWords/sk/but.mp3
6066,sl,EssentialWords/sl/but.mp3
6066,sv,EssentialWords/sv/but.mp3
6066,ta,EssentialWords/ta/but.mp3
6066,te,EssentialWords/te/but.mp3
6066,th,EssentialWords/th/but.mp3
6066,tr,EssentialWords/tr/but.mp3
6066,uk,EssentialWords/uk/but.mp3
6066,ur,EssentialWords/ur/but.mp3
6066,vi,EssentialWords/vi/but.mp3
6066,zh,EssentialWords/zh/but.mp3
6067,en,EssentialWords/en/so.mp3
6067,ar,EssentialWords/ar/so.mp3
6067,bg,EssentialWords/bg/so.mp3
6067,bn,EssentialWords/bn/so.mp3
6067,ca,EssentialWords/ca/so.mp3
6067,cs,EssentialWords/cs/so.mp3
6067,da,EssentialWords/da/so.mp3
6067,de,EssentialWords/de/so.mp3
6067,el,EssentialWords/el/so.mp3
6067,es,EssentialWords/es/so.mp3
6067,et,EssentialWords/et/so.mp3
6067,eu,EssentialWords/eu/so.mp3
6067,fi,EssentialWords/fi/so.mp3
6067,fr,EssentialWords/fr/so.mp3
6067,gu,EssentialWords/gu/so.mp3
6067,he,EssentialWords/he/so.mp3
6067,hi,EssentialWords/hi/so.mp3
6067,hr,EssentialWords/hr/so.mp3
6067,hu,EssentialWords/hu/so.mp3
6067,id,EssentialWords/id/so.mp3
6067,is,EssentialWords/is/so.mp3
6067,it,EssentialWords/it/so.mp3
6067,ja,EssentialWords/ja/so.mp3
6067,ko,EssentialWords/ko/so.mp3
6067,lt,EssentialWords/lt/so.mp3
6067,lv,EssentialWords/lv/so.mp3
6067,ml,EssentialWords/ml/so.mp3
6067,mr,EssentialWords/mr/so.mp3
6067,nl,EssentialWords/nl/so.mp3
6067,no,EssentialWords/no/so.mp3
6067,pl,EssentialWords/pl/so.mp3
6067,pt,EssentialWords/pt/so.mp3
6067,ro,EssentialWords/ro/so.mp3
6067,ru,EssentialWords/ru/so.mp3
6067,sk,EssentialWords/sk/so.mp3
6067,sl,EssentialWords/sl/so.mp3
6067,sv,EssentialWords/sv/so.mp3
6067,ta,EssentialWords/ta/so.mp3
6067,te,EssentialWords/te/so.mp3
6067,th,EssentialWords/th/so.mp3
6067,tr,EssentialWords/tr/so.mp3
6067,uk,EssentialWords/uk/so.mp3
6067,ur,EssentialWords/ur/so.mp3
6067,vi,EssentialWords/vi/so.mp3
6067,zh,EssentialWords/zh/so.mp3
6068,en,EssentialWords/en/yet.mp3
6068,ar,EssentialWords/ar/yet.mp3
6068,bg,EssentialWords/bg/yet.mp3
6068,bn,EssentialWords/bn/yet.mp3
6068,ca,EssentialWords/ca/yet.mp3
6068,cs,EssentialWords/cs/yet.mp3
6068,da,EssentialWords/da/yet.mp3
6068,de,EssentialWords/de/yet.mp3
6068,el,EssentialWords/el/yet.mp3
6068,es,EssentialWords/es/yet.mp3
6068,et,EssentialWords/et/yet.mp3
6068,eu,EssentialWords/eu/yet.mp3
6068,fi,EssentialWords/fi/yet.mp3
6068,fr,EssentialWords/fr/yet.mp3
6068,gu,EssentialWords/gu/yet.mp3
6068,he,EssentialWords/he/yet.mp3
6068,hi,EssentialWords/hi/yet.mp3
6068,hr,EssentialWords/hr/yet.mp3
6068,hu,EssentialWords/hu/yet.mp3
6068,id,EssentialWords/id/yet.mp3
6068,is,EssentialWords/is/yet.mp3
6068,it,EssentialWords/it/yet.mp3
6068,ja,EssentialWords/ja/yet.mp3
6068,ko,EssentialWords/ko/yet.mp3
6068,lt,EssentialWords/lt/yet.mp3
6068,lv,EssentialWords/lv/yet.mp3
6068,ml,EssentialWords/ml/yet.mp3
6068,mr,EssentialWords/mr/yet.mp3
6068,nl,EssentialWords/nl/yet.mp3
6068,no,EssentialWords/no/yet.mp3
6068,pl,EssentialWords/pl/yet.mp3
6068,pt,EssentialWords/pt/yet.mp3
6068,ro,EssentialWords/ro/yet.mp3
6068,ru,EssentialWords/ru/yet.mp3
6068,sk,EssentialWords/sk/yet.mp3
6068,sl,EssentialWords/sl/yet.mp3
6068,sv,EssentialWords/sv/yet.mp3
6068,ta,EssentialWords/ta/yet.mp3
6068,te,EssentialWords/te/yet.mp3
6068,th,EssentialWords/th/yet.mp3
6068,tr,EssentialWords/tr/yet.mp3
6068,uk,EssentialWords/uk/yet.mp3
6068,ur,EssentialWords/ur/yet.mp3
6068,vi,EssentialWords/vi/yet.mp3
6068,zh,EssentialWords/zh/yet.mp3
6069,en,EssentialWords/en/in.mp3
6069,ar,EssentialWords/ar/in.mp3
6069,bg,EssentialWords/bg/in.mp3
6069,bn,EssentialWords/bn/in.mp3
6069,ca,EssentialWords/ca/in.mp3
6069,cs,EssentialWords/cs/in.mp3
6069,da,EssentialWords/da/in.mp3
6069,de,EssentialWords/de/in.mp3
6069,el,EssentialWords/el/in.mp3
6069,es,EssentialWords/es/in.mp3
6069,et,EssentialWords/et/in.mp3
6069,eu,EssentialWords/eu/in.mp3
6069,fi,EssentialWords/fi/in.mp3
6069,fr,EssentialWords/fr/in.mp3
6069,gu,EssentialWords/gu/in.mp3
6069,he,EssentialWords/he/in.mp3
6069,hi,EssentialWords/hi/in.mp3
6069,hr,EssentialWords/hr/in.mp3
6069,hu,EssentialWords/hu/in.mp3
6069,id,EssentialWords/id/in.mp3
6069,is,EssentialWords/is/in.mp3
6069,it,EssentialWords/it/in.mp3
6069,ja,EssentialWords/ja/in.mp3
6069,ko,EssentialWords/ko/in.mp3
6069,lt,EssentialWords/lt/in.mp3
6069,lv,EssentialWords/lv/in.mp3
6069,ml,EssentialWords/ml/in.mp3
6069,mr,EssentialWords/mr/in.mp3
6069,nl,EssentialWords/nl/in.mp3
6069,no,EssentialWords/no/in.mp3
6069,pl,EssentialWords/pl/in.mp3
6069,pt,EssentialWords/pt/in.mp3
6069,ro,EssentialWords/ro/in.mp3
6069,ru,EssentialWords/ru/in.mp3
6069,sk,EssentialWords/sk/in.mp3
6069,sl,EssentialWords/sl/in.mp3
6069,sv,EssentialWords/sv/in.mp3
6069,ta,EssentialWords/ta/in.mp3
6069,te,EssentialWords/te/in.mp3
6069,th,EssentialWords/th/in.mp3
6069,tr,EssentialWords/tr/in.mp3
6069,uk,EssentialWords/uk/in.mp3
6069,ur,EssentialWords/ur/in.mp3
6069,vi,EssentialWords/vi/in.mp3
6069,zh,EssentialWords/zh/in.mp3
6070,en,EssentialWords/en/on.mp3
6070,ar,EssentialWords/ar/on.mp3
6070,bg,EssentialWords/bg/on.mp3
6070,bn,EssentialWords/bn/on.mp3
6070,ca,EssentialWords/ca/on.mp3
6070,cs,EssentialWords/cs/on.mp3
6070,da,EssentialWords/da/on.mp3
6070,de,EssentialWords/de/on.mp3
6070,el,EssentialWords/el/on.mp3
6070,es,EssentialWords/es/on.mp3
6070,et,EssentialWords/et/on.mp3
6070,eu,EssentialWords/eu/on.mp3
6070,fi,EssentialWords/fi/on.mp3
6070,fr,EssentialWords/fr/on.mp3
6070,gu,EssentialWords/gu/on.mp3
6070,he,EssentialWords/he/on.mp3
6070,hi,EssentialWords/hi/on.mp3
6070,hr,EssentialWords/hr/on.mp3
6070,hu,EssentialWords/hu/on.mp3
6070,id,EssentialWords/id/on.mp3
6070,is,EssentialWords/is/on.mp3
6070,it,EssentialWords/it/on.mp3
6070,ja,EssentialWords/ja/on.mp3
6070,ko,EssentialWords/ko/on.mp3
6070,lt,EssentialWords/lt/on.mp3
6070,lv,EssentialWords/lv/on.mp3
6070,ml,EssentialWords/ml/on.mp3
6070,mr,EssentialWords/mr/on.mp3
6070,nl,EssentialWords/nl/on.mp3
6070,no,EssentialWords/no/on.mp3
6070,pl,EssentialWords/pl/on.mp3
6070,pt,EssentialWords/pt/on.mp3
6070,ro,EssentialWords/ro/on.mp3
6070,ru,EssentialWords/ru/on.mp3
6070,sk,EssentialWords/sk/on.mp3
6070,sl,EssentialWords/sl/on.mp3
6070,sv,EssentialWords/sv/on.mp3
6070,ta,EssentialWords/ta/on.mp3
6070,te,EssentialWords/te/on.mp3
6070,th,EssentialWords/th/on.mp3
6070,tr,EssentialWords/tr/on.mp3
6070,uk,EssentialWords/uk/on.mp3
6070,ur,EssentialWords/ur/on.mp3
6070,vi,EssentialWords/vi/on.mp3
6070,zh,EssentialWords/zh/on.mp3
6071,en,EssentialWords/en/at.mp3
6071,ar,EssentialWords/ar/at.mp3
6071,bg,EssentialWords/bg/at.mp3
6071,bn,EssentialWords/bn/at.mp3
6071,ca,EssentialWords/ca/at.mp3
6071,cs,EssentialWords/cs/at.mp3
6071,da,EssentialWords/da/at.mp3
6071,de,EssentialWords/de/at.mp3
6071,el,EssentialWords/el/at.mp3
6071,es,EssentialWords/es/at.mp3
6071,et,EssentialWords/et/at.mp3
6071,eu,EssentialWords/eu/at.mp3
6071,fi,EssentialWords/fi/at.mp3
6071,fr,EssentialWords/fr/at.mp3
6071,gu,EssentialWords/gu/at.mp3
6071,he,EssentialWords/he/at.mp3
6071,hi,EssentialWords/hi/at.mp3
6071,hr,EssentialWords/hr/at.mp3
6071,hu,EssentialWords/hu/at.mp3
6071,id,EssentialWords/id/at.mp3
6071,is,EssentialWords/is/at.mp3
6071,it,EssentialWords/it/at.mp3
6071,ja,EssentialWords/ja/at.mp3
6071,ko,EssentialWords/ko/at.mp3
6071,lt,EssentialWords/lt/at.mp3
6071,lv,EssentialWords/lv/at.mp3
6071,ml,EssentialWords/ml/at.mp3
6071,mr,EssentialWords/mr/at.mp3
6071,nl,EssentialWords/nl/at.mp3
6071,no,EssentialWords/no/at.mp3
6071,pl,EssentialWords/pl/at.mp3
6071,pt,EssentialWords/pt/at.mp3
6071,ro,EssentialWords/ro/at.mp3
6071,ru,EssentialWords/ru/at.mp3
6071,sk,EssentialWords/sk/at.mp3
6071,sl,EssentialWords/sl/at.mp3
6071,sv,EssentialWords/sv/at.mp3
6071,ta,EssentialWords/ta/at.mp3
6071,te,EssentialWords/te/at.mp3
6071,th,EssentialWords/th/at.mp3
6071,tr,EssentialWords/tr/at.mp3
6071,uk,EssentialWords/uk/at.mp3
6071,ur,EssentialWords/ur/at.mp3
6071,vi,EssentialWords/vi/at.mp3
6071,zh,EssentialWords/zh/at.mp3
6072,en,EssentialWords/en/to.mp3
6072,ar,EssentialWords/ar/to.mp3
6072,bg,EssentialWords/bg/to.mp3
6072,bn,EssentialWords/bn/to.mp3
6072,ca,EssentialWords/ca/to.mp3
6072,cs,EssentialWords/cs/to.mp3
6072,da,EssentialWords/da/to.mp3
6072,de,EssentialWords/de/to.mp3
6072,el,EssentialWords/el/to.mp3
6072,es,EssentialWords/es/to.mp3
6072,et,EssentialWords/et/to.mp3
6072,eu,EssentialWords/eu/to.mp3
6072,fi,EssentialWords/fi/to.mp3
6072,fr,EssentialWords/fr/to.mp3
6072,gu,EssentialWords/gu/to.mp3
6072,he,EssentialWords/he/to.mp3
6072,hi,EssentialWords/hi/to.mp3
6072,hr,EssentialWords/hr/to.mp3
6072,hu,EssentialWords/hu/to.mp3
6072,id,EssentialWords/id/to.mp3
6072,is,EssentialWords/is/to.mp3
6072,it,EssentialWords/it/to.mp3
6072,ja,EssentialWords/ja/to.mp3
6072,ko,EssentialWords/ko/to.mp3
6072,lt,EssentialWords/lt/to.mp3
6072,lv,EssentialWords/lv/to.mp3
6072,ml,EssentialWords/ml/to.mp3
6072,mr,EssentialWords/mr/to.mp3
6072,nl,EssentialWords/nl/to.mp3
6072,no,EssentialWords/no/to.mp3
6072,pl,EssentialWords/pl/to.mp3
6072,pt,EssentialWords/pt/to.mp3
6072,ro,EssentialWords/ro/to.mp3
6072,ru,EssentialWords/ru/to.mp3
6072,sk,EssentialWords/sk/to.mp3
6072,sl,EssentialWords/sl/to.mp3
6072,sv,EssentialWords/sv/to.mp3
6072,ta,EssentialWords/ta/to.mp3
6072,te,EssentialWords/te/to.mp3
6072,th,EssentialWords/th/to.mp3
6072,tr,EssentialWords/tr/to.mp3
6072,uk,EssentialWords/uk/to.mp3
6072,ur,EssentialWords/ur/to.mp3
6072,vi,EssentialWords/vi/to.mp3
6072,zh,EssentialWords/zh/to.mp3
6073,en,EssentialWords/en/for.mp3
6073,ar,EssentialWords/ar/for.mp3
6073,bg,EssentialWords/bg/for.mp3
6073,bn,EssentialWords/bn/for.mp3
6073,ca,EssentialWords/ca/for.mp3
6073,cs,EssentialWords/cs/for.mp3
6073,da,EssentialWords/da/for.mp3
6073,de,EssentialWords/de/for.mp3
6073,el,EssentialWords/el/for.mp3
6073,es,EssentialWords/es/for.mp3
6073,et,EssentialWords/et/for.mp3
6073,eu,EssentialWords/eu/for.mp3
6073,fi,EssentialWords/fi/for.mp3
6073,fr,EssentialWords/fr/for.mp3
6073,gu,EssentialWords/gu/for.mp3
6073,he,EssentialWords/he/for.mp3
6073,hi,EssentialWords/hi/for.mp3
6073,hr,EssentialWords/hr/for.mp3
6073,hu,EssentialWords/hu/for.mp3
6073,id,EssentialWords/id/for.mp3
6073,is,EssentialWords/is/for.mp3
6073,it,EssentialWords/it/for.mp3
6073,ja,EssentialWords/ja/for.mp3
6073,ko,EssentialWords/ko/for.mp3
6073,lt,EssentialWords/lt/for.mp3
6073,lv,EssentialWords/lv/for.mp3
6073,ml,EssentialWords/ml/for.mp3
6073,mr,EssentialWords/mr/for.mp3
6073,nl,EssentialWords/nl/for.mp3
6073,no,EssentialWords/no/for.mp3
6073,pl,EssentialWords/pl/for.mp3
6073,pt,EssentialWords/pt/for.mp3
6073,ro,EssentialWords/ro/for.mp3
6073,ru,EssentialWords/ru/for.mp3
6073,sk,EssentialWords/sk/for.mp3
6073,sl,EssentialWords/sl/for.mp3
6073,sv,EssentialWords/sv/for.mp3
6073,ta,EssentialWords/ta/for.mp3
6073,te,EssentialWords/te/for.mp3
6073,th,EssentialWords/th/for.mp3
6073,tr,EssentialWords/tr/for.mp3
6073,uk,EssentialWords/uk/for.mp3
6073,ur,EssentialWords/ur/for.mp3
6073,vi,EssentialWords/vi/for.mp3
6073,zh,EssentialWords/zh/for.mp3
6074,en,EssentialWords/en/with.mp3
6074,ar,EssentialWords/ar/with.mp3
6074,bg,EssentialWords/bg/with.mp3
6074,bn,EssentialWords/bn/with.mp3
6074,ca,EssentialWords/ca/with.mp3
6074,cs,EssentialWords/cs/with.mp3
6074,da,EssentialWords/da/with.mp3
6074,de,EssentialWords/de/with.mp3
6074,el,EssentialWords/el/with.mp3
6074,es,EssentialWords/es/with.mp3
6074,et,EssentialWords/et/with.mp3
6074,eu,EssentialWords/eu/with.mp3
6074,fi,EssentialWords/fi/with.mp3
6074,fr,EssentialWords/fr/with.mp3
6074,gu,EssentialWords/gu/with.mp3
6074,he,EssentialWords/he/with.mp3
6074,hi,EssentialWords/hi/with.mp3
6074,hr,EssentialWords/hr/with.mp3
6074,hu,EssentialWords/hu/with.mp3
6074,id,EssentialWords/id/with.mp3
6074,is,EssentialWords/is/with.mp3
6074,it,EssentialWords/it/with.mp3
6074,ja,EssentialWords/ja/with.mp3
6074,ko,EssentialWords/ko/with.mp3
6074,lt,EssentialWords/lt/with.mp3
6074,lv,EssentialWords/lv/with.mp3
6074,ml,EssentialWords/ml/with.mp3
6074,mr,EssentialWords/mr/with.mp3
6074,nl,EssentialWords/nl/with.mp3
6074,no,EssentialWords/no/with.mp3
6074,pl,EssentialWords/pl/with.mp3
6074,pt,EssentialWords/pt/with.mp3
6074,ro,EssentialWords/ro/with.mp3
6074,ru,EssentialWords/ru/with.mp3
6074,sk,EssentialWords/sk/with.mp3
6074,sl,EssentialWords/sl/with.mp3
6074,sv,EssentialWords/sv/with.mp3
6074,ta,EssentialWords/ta/with.mp3
6074,te,EssentialWords/te/with.mp3
6074,th,EssentialWords/th/with.mp3
6074,tr,EssentialWords/tr/with.mp3
6074,uk,EssentialWords/uk/with.mp3
6074,ur,EssentialWords/ur/with.mp3
6074,vi,EssentialWords/vi/with.mp3
6074,zh,EssentialWords/zh/with.mp3
6075,en,EssentialWords/en/from.mp3
6075,ar,EssentialWords/ar/from.mp3
6075,bg,EssentialWords/bg/from.mp3
6075,bn,EssentialWords/bn/from.mp3
6075,ca,EssentialWords/ca/from.mp3
6075,cs,EssentialWords/cs/from.mp3
6075,da,EssentialWords/da/from.mp3
6075,de,EssentialWords/de/from.mp3
6075,el,EssentialWords/el/from.mp3
6075,es,EssentialWords/es/from.mp3
6075,et,EssentialWords/et/from.mp3
6075,eu,EssentialWords/eu/from.mp3
6075,fi,EssentialWords/fi/from.mp3
6075,fr,EssentialWords/fr/from.mp3
6075,gu,EssentialWords/gu/from.mp3
6075,he,EssentialWords/he/from.mp3
6075,hi,EssentialWords/hi/from.mp3
6075,hr,EssentialWords/hr/from.mp3
6075,hu,EssentialWords/hu/from.mp3
6075,id,EssentialWords/id/from.mp3
6075,is,EssentialWords/is/from.mp3
6075,it,EssentialWords/it/from.mp3
6075,ja,EssentialWords/ja/from.mp3
6075,ko,EssentialWords/ko/from.mp3
6075,lt,EssentialWords/lt/from.mp3
6075,lv,EssentialWords/lv/from.mp3
6075,ml,EssentialWords/ml/from.mp3
6075,mr,EssentialWords/mr/from.mp3
6075,nl,EssentialWords/nl/from.mp3
6075,no,EssentialWords/no/from.mp3
6075,pl,EssentialWords/pl/from.mp3
6075,pt,EssentialWords/pt/from.mp3
6075,ro,EssentialWords/ro/from.mp3
6075,ru,EssentialWords/ru/from.mp3
6075,sk,EssentialWords/sk/from.mp3
6075,sl,EssentialWords/sl/from.mp3
6075,sv,EssentialWords/sv/from.mp3
6075,ta,EssentialWords/ta/from.mp3
6075,te,EssentialWords/te/from.mp3
6075,th,EssentialWords/th/from.mp3
6075,tr,EssentialWords/tr/from.mp3
6075,uk,EssentialWords/uk/from.mp3
6075,ur,EssentialWords/ur/from.mp3
6075,vi,EssentialWords/vi/from.mp3
6075,zh,EssentialWords/zh/from.mp3
6076,en,EssentialWords/en/by.mp3
6076,ar,EssentialWords/ar/by.mp3
6076,bg,EssentialWords/bg/by.mp3
6076,bn,EssentialWords/bn/by.mp3
6076,ca,EssentialWords/ca/by.mp3
6076,cs,EssentialWords/cs/by.mp3
6076,da,EssentialWords/da/by.mp3
6076,de,EssentialWords/de/by.mp3
6076,el,EssentialWords/el/by.mp3
6076,es,EssentialWords/es/by.mp3
6076,et,EssentialWords/et/by.mp3
6076,eu,EssentialWords/eu/by.mp3
6076,fi,EssentialWords/fi/by.mp3
6076,fr,EssentialWords/fr/by.mp3
6076,gu,EssentialWords/gu/by.mp3
6076,he,EssentialWords/he/by.mp3
6076,hi,EssentialWords/hi/by.mp3
6076,hr,EssentialWords/hr/by.mp3
6076,hu,EssentialWords/hu/by.mp3
6076,id,EssentialWords/id/by.mp3
6076,is,EssentialWords/is/by.mp3
6076,it,EssentialWords/it/by.mp3
6076,ja,EssentialWords/ja/by.mp3
6076,ko,EssentialWords/ko/by.mp3
6076,lt,EssentialWords/lt/by.mp3
6076,lv,EssentialWords/lv/by.mp3
6076,ml,EssentialWords/ml/by.mp3
6076,mr,EssentialWords/mr/by.mp3
6076,nl,EssentialWords/nl/by.mp3
6076,no,EssentialWords/no/by.mp3
6076,pl,EssentialWords/pl/by.mp3
6076,pt,EssentialWords/pt/by.mp3
6076,ro,EssentialWords/ro/by.mp3
6076,ru,EssentialWords/ru/by.mp3
6076,sk,EssentialWords/sk/by.mp3
6076,sl,EssentialWords/sl/by.mp3
6076,sv,EssentialWords/sv/by.mp3
6076,ta,EssentialWords/ta/by.mp3
6076,te,EssentialWords/te/by.mp3
6076,th,EssentialWords/th/by.mp3
6076,tr,EssentialWords/tr/by.mp3
6076,uk,EssentialWords/uk/by.mp3
6076,ur,EssentialWords/ur/by.mp3
6076,vi,EssentialWords/vi/by.mp3
6076,zh,EssentialWords/zh/by.mp3
6077,en,EssentialWords/en/of.mp3
6077,ar,EssentialWords/ar/of.mp3
6077,bg,EssentialWords/bg/of.mp3
6077,bn,EssentialWords/bn/of.mp3
6077,ca,EssentialWords/ca/of.mp3
6077,cs,EssentialWords/cs/of.mp3
6077,da,EssentialWords/da/of.mp3
6077,de,EssentialWords/de/of.mp3
6077,el,EssentialWords/el/of.mp3
6077,es,EssentialWords/es/of.mp3
6077,et,EssentialWords/et/of.mp3
6077,eu,EssentialWords/eu/of.mp3
6077,fi,EssentialWords/fi/of.mp3
6077,fr,EssentialWords/fr/of.mp3
6077,gu,EssentialWords/gu/of.mp3
6077,he,EssentialWords/he/of.mp3
6077,hi,EssentialWords/hi/of.mp3
6077,hr,EssentialWords/hr/of.mp3
6077,hu,EssentialWords/hu/of.mp3
6077,id,EssentialWords/id/of.mp3
6077,is,EssentialWords/is/of.mp3
6077,it,EssentialWords/it/of.mp3
6077,ja,EssentialWords/ja/of.mp3
6077,ko,EssentialWords/ko/of.mp3
6077,lt,EssentialWords/lt/of.mp3
6077,lv,EssentialWords/lv/of.mp3
6077,ml,EssentialWords/ml/of.mp3
6077,mr,EssentialWords/mr/of.mp3
6077,nl,EssentialWords/nl/of.mp3
6077,no,EssentialWords/no/of.mp3
6077,pl,EssentialWords/pl/of.mp3
6077,pt,EssentialWords/pt/of.mp3
6077,ro,EssentialWords/ro/of.mp3
6077,ru,EssentialWords/ru/of.mp3
6077,sk,EssentialWords/sk/of.mp3
6077,sl,EssentialWords/sl/of.mp3
6077,sv,EssentialWords/sv/of.mp3
6077,ta,EssentialWords/ta/of.mp3
6077,te,EssentialWords/te/of.mp3
6077,th,EssentialWords/th/of.mp3
6077,tr,EssentialWords/tr/of.mp3
6077,uk,EssentialWords/uk/of.mp3
6077,ur,EssentialWords/ur/of.mp3
6077,vi,EssentialWords/vi/of.mp3
6077,zh,EssentialWords/zh/of.mp3