vocabulary_id,language_code,file_path
6078,en,ExampleSentences/en/where_are_you_from.mp3
6078,ar,ExampleSentences/ar/where_are_you_from.mp3
6078,bg,ExampleSentences/bg/where_are_you_from.mp3
6078,bn,ExampleSentences/bn/where_are_you_from.mp3
6078,ca,ExampleSentences/ca/where_are_you_from.mp3
6078,cs,ExampleSentences/cs/where_are_you_from.mp3
6078,da,ExampleSentences/da/where_are_you_from.mp3
6078,de,ExampleSentences/de/where_are_you_from.mp3
6078,el,ExampleSentences/el/where_are_you_from.mp3
6078,es,ExampleSentences/es/where_are_you_from.mp3
6078,et,ExampleSentences/et/where_are_you_from.mp3
6078,eu,ExampleSentences/eu/where_are_you_from.mp3
6078,fi,ExampleSentences/fi/where_are_you_from.mp3
6078,fr,ExampleSentences/fr/where_are_you_from.mp3
6078,gu,ExampleSentences/gu/where_are_you_from.mp3
6078,he,ExampleSentences/he/where_are_you_from.mp3
6078,hi,ExampleSentences/hi/where_are_you_from.mp3
6078,hr,ExampleSentences/hr/where_are_you_from.mp3
6078,hu,ExampleSentences/hu/where_are_you_from.mp3
6078,id,ExampleSentences/id/where_are_you_from.mp3
6078,is,ExampleSentences/is/where_are_you_from.mp3
6078,it,ExampleSentences/it/where_are_you_from.mp3
6078,ja,ExampleSentences/ja/where_are_you_from.mp3
6078,ko,ExampleSentences/ko/where_are_you_from.mp3
6078,lt,ExampleSentences/lt/where_are_you_from.mp3
6078,lv,ExampleSentences/lv/where_are_you_from.mp3
6078,ml,ExampleSentences/ml/where_are_you_from.mp3
6078,mr,ExampleSentences/mr/where_are_you_from.mp3
6078,nl,ExampleSentences/nl/where_are_you_from.mp3
6078,no,ExampleSentences/no/where_are_you_from.mp3
6078,pl,ExampleSentences/pl/where_are_you_from.mp3
6078,pt,ExampleSentences/pt/where_are_you_from.mp3
6078,ro,ExampleSentences/ro/where_are_you_from.mp3
6078,ru,ExampleSentences/ru/where_are_you_from.mp3
6078,sk,ExampleSentences/sk/where_are_you_from.mp3
6078,sl,ExampleSentences/sl/where_are_you_from.mp3
6078,sv,ExampleSentences/sv/where_are_you_from.mp3
6078,ta,ExampleSentences/ta/where_are_you_from.mp3
6078,te,ExampleSentences/te/where_are_you_from.mp3
6078,th,ExampleSentences/th/where_are_you_from.mp3
6078,tr,ExampleSentences/tr/where_are_you_from.mp3
6078,uk,ExampleSentences/uk/where_are_you_from.mp3
6078,ur,ExampleSentences/ur/where_are_you_from.mp3
6078,vi,ExampleSentences/vi/where_are_you_from.mp3
6078,zh,ExampleSentences/zh/where_are_you_from.mp3
6079,en,ExampleSentences/en/im_from_canada.mp3
6079,ar,ExampleSentences/ar/im_from_canada.mp3
6079,bg,ExampleSentences/bg/im_from_canada.mp3
6079,bn,ExampleSentences/bn/im_from_canada.mp3
6079,ca,ExampleSentences/ca/im_from_canada.mp3
6079,cs,ExampleSentences/cs/im_from_canada.mp3
6079,da,ExampleSentences/da/im_from_canada.mp3
6079,de,ExampleSentences/de/im_from_canada.mp3
6079,el,ExampleSentences/el/im_from_canada.mp3
6079,es,ExampleSentences/es/im_from_canada.mp3
6079,et,ExampleSentences/et/im_from_canada.mp3
6079,eu,ExampleSentences/eu/im_from_canada.mp3
6079,fi,ExampleSentences/fi/im_from_canada.mp3
6079,fr,ExampleSentences/fr/im_from_canada.mp3
6079,gu,ExampleSentences/gu/im_from_canada.mp3
6079,he,ExampleSentences/he/im_from_canada.mp3
6079,hi,ExampleSentences/hi/im_from_canada.mp3
6079,hr,ExampleSentences/hr/im_from_canada.mp3
6079,hu,ExampleSentences/hu/im_from_canada.mp3
6079,id,ExampleSentences/id/im_from_canada.mp3
6079,is,ExampleSentences/is/im_from_canada.mp3
6079,it,ExampleSentences/it/im_from_canada.mp3
6079,ja,ExampleSentences/ja/im_from_canada.mp3
6079,ko,ExampleSentences/ko/im_from_canada.mp3
6079,lt,ExampleSentences/lt/im_from_canada.mp3
6079,lv,ExampleSentences/lv/im_from_canada.mp3
6079,ml,ExampleSentences/ml/im_from_canada.mp3
6079,mr,ExampleSentences/mr/im_from_canada.mp3
6079,nl,ExampleSentences/nl/im_from_canada.mp3
6079,no,ExampleSentences/no/im_from_canada.mp3
6079,pl,ExampleSentences/pl/im_from_canada.mp3
6079,pt,ExampleSentences/pt/im_from_canada.mp3
6079,ro,ExampleSentences/ro/im_from_canada.mp3
6079,ru,ExampleSentences/ru/im_from_canada.mp3
6079,sk,ExampleSentences/sk/im_from_canada.mp3
6079,sl,ExampleSentences/sl/im_from_canada.mp3
6079,sv,ExampleSentences/sv/im_from_canada.mp3
6079,ta,ExampleSentences/ta/im_from_canada.mp3
6079,te,ExampleSentences/te/im_from_canada.mp3
6079,th,ExampleSentences/th/im_from_canada.mp3
6079,tr,ExampleSentences/tr/im_from_canada.mp3
6079,uk,ExampleSentences/uk/im_from_canada.mp3
6079,ur,ExampleSentences/ur/im_from_canada.mp3
6079,vi,ExampleSentences/vi/im_from_canada.mp3
6079,zh,ExampleSentences/zh/im_from_canada.mp3
6167,en,ExampleSentences/en/how_old_are_you.mp3
6167,ar,ExampleSentences/ar/how_old_are_you.mp3
6167,bg,ExampleSentences/bg/how_old_are_you.mp3
6167,bn,ExampleSentences/bn/how_old_are_you.mp3
6167,ca,ExampleSentences/ca/how_old_are_you.mp3
6167,cs,ExampleSentences/cs/how_old_are_you.mp3
6167,da,ExampleSentences/da/how_old_are_you.mp3
6167,de,ExampleSentences/de/how_old_are_you.mp3
6167,el,ExampleSentences/el/how_old_are_you.mp3
6167,es,ExampleSentences/es/how_old_are_you.mp3
6167,et,ExampleSentences/et/how_old_are_you.mp3
6167,eu,ExampleSentences/eu/how_old_are_you.mp3
6167,fi,ExampleSentences/fi/how_old_are_you.mp3
6167,fr,ExampleSentences/fr/how_old_are_you.mp3
6167,gu,ExampleSentences/gu/how_old_are_you.mp3
6167,he,ExampleSentences/he/how_old_are_you.mp3
6167,hi,ExampleSentences/hi/how_old_are_you.mp3
6167,hr,ExampleSentences/hr/how_old_are_you.mp3
6167,hu,ExampleSentences/hu/how_old_are_you.mp3
6167,id,ExampleSentences/id/how_old_are_you.mp3
6167,is,ExampleSentences/is/how_old_are_you.mp3
6167,it,ExampleSentences/it/how_old_are_you.mp3
6167,ja,ExampleSentences/ja/how_old_are_you.mp3
6167,ko,ExampleSentences/ko/how_old_are_you.mp3
6167,lt,ExampleSentences/lt/how_old_are_you.mp3
6167,lv,ExampleSentences/lv/how_old_are_you.mp3
6167,ml,ExampleSentences/ml/how_old_are_you.mp3
6167,mr,ExampleSentences/mr/how_old_are_you.mp3
6167,nl,ExampleSentences/nl/how_old_are_you.mp3
6167,no,ExampleSentences/no/how_old_are_you.mp3
6167,pl,ExampleSentences/pl/how_old_are_you.mp3
6167,pt,ExampleSentences/pt/how_old_are_you.mp3
6167,ro,ExampleSentences/ro/how_old_are_you.mp3
6167,ru,ExampleSentences/ru/how_old_are_you.mp3
6167,sk,ExampleSentences/sk/how_old_are_you.mp3
6167,sl,ExampleSentences/sl/how_old_are_you.mp3
6167,sv,ExampleSentences/sv/how_old_are_you.mp3
6167,ta,ExampleSentences/ta/how_old_are_you.mp3
6167,te,ExampleSentences/te/how_old_are_you.mp3
6167,th,ExampleSentences/th/how_old_are_you.mp3
6167,tr,ExampleSentences/tr/how_old_are_you.mp3
6167,uk,ExampleSentences/uk/how_old_are_you.mp3
6167,ur,ExampleSentences/ur/how_old_are_you.mp3
6167,vi,ExampleSentences/vi/how_old_are_you.mp3
6167,zh,ExampleSentences/zh/how_old_are_you.mp3
6255,en,ExampleSentences/en/im_25_years_old.mp3
6255,ar,ExampleSentences/ar/im_25_years_old.mp3
6255,bg,ExampleSentences/bg/im_25_years_old.mp3
6255,bn,ExampleSentences/bn/im_25_years_old.mp3
6255,ca,ExampleSentences/ca/im_25_years_old.mp3
6255,cs,ExampleSentences/cs/im_25_years_old.mp3
6255,da,ExampleSentences/da/im_25_years_old.mp3
6255,de,ExampleSentences/de/im_25_years_old.mp3
6255,el,ExampleSentences/el/im_25_years_old.mp3
6255,es,ExampleSentences/es/im_25_years_old.mp3
6255,et,ExampleSentences/et/im_25_years_old.mp3
6255,eu,ExampleSentences/eu/im_25_years_old.mp3
6255,fi,ExampleSentences/fi/im_25_years_old.mp3
6255,fr,ExampleSentences/fr/im_25_years_old.mp3
6255,gu,ExampleSentences/gu/im_25_years_old.mp3
6255,he,ExampleSentences/he/im_25_years_old.mp3
6255,hi,ExampleSentences/hi/im_25_years_old.mp3
6255,hr,ExampleSentences/hr/im_25_years_old.mp3
6255,hu,ExampleSentences/hu/im_25_years_old.mp3
6255,id,ExampleSentences/id/im_25_years_old.mp3
6255,is,ExampleSentences/is/im_25_years_old.mp3
6255,it,ExampleSentences/it/im_25_years_old.mp3
6255,ja,ExampleSentences/ja/im_25_years_old.mp3
6255,ko,ExampleSentences/ko/im_25_years_old.mp3
6255,lt,ExampleSentences/lt/im_25_years_old.mp3
6255,lv,ExampleSentences/lv/im_25_years_old.mp3
6255,ml,ExampleSentences/ml/im_25_years_old.mp3
6255,mr,ExampleSentences/mr/im_25_years_old.mp3
6255,nl,ExampleSentences/nl/im_25_years_old.mp3
6255,no,ExampleSentences/no/im_25_years_old.mp3
6255,pl,ExampleSentences/pl/im_25_years_old.mp3
6255,pt,ExampleSentences/pt/im_25_years_old.mp3
6255,ro,ExampleSentences/ro/im_25_years_old.mp3
6255,ru,ExampleSentences/ru/im_25_years_old.mp3
6255,sk,ExampleSentences/sk/im_25_years_old.mp3
6255,sl,ExampleSentences/sl/im_25_years_old.mp3
6255,sv,ExampleSentences/sv/im_25_years_old.mp3
6255,ta,ExampleSentences/ta/im_25_years_old.mp3
6255,te,ExampleSentences/te/im_25_years_old.mp3
6255,th,ExampleSentences/th/im_25_years_old.mp3
6255,tr,ExampleSentences/tr/im_25_years_old.mp3
6255,uk,ExampleSentences/uk/im_25_years_old.mp3
6255,ur,ExampleSentences/ur/im_25_years_old.mp3
6255,vi,ExampleSentences/vi/im_25_years_old.mp3
6255,zh,ExampleSentences/zh/im_25_years_old.mp3
6082,en,ExampleSentences/en/what_do_you_do.mp3
6082,ar,ExampleSentences/ar/what_do_you_do.mp3
6082,bg,ExampleSentences/bg/what_do_you_do.mp3
6082,bn,ExampleSentences/bn/what_do_you_do.mp3
6082,ca,ExampleSentences/ca/what_do_you_do.mp3
6082,cs,ExampleSentences/cs/what_do_you_do.mp3
6082,da,ExampleSentences/da/what_do_you_do.mp3
6082,de,ExampleSentences/de/what_do_you_do.mp3
6082,el,ExampleSentences/el/what_do_you_do.mp3
6082,es,ExampleSentences/es/what_do_you_do.mp3
6082,et,ExampleSentences/et/what_do_you_do.mp3
6082,eu,ExampleSentences/eu/what_do_you_do.mp3
6082,fi,ExampleSentences/fi/what_do_you_do.mp3
6082,fr,ExampleSentences/fr/what_do_you_do.mp3
6082,gu,ExampleSentences/gu/what_do_you_do.mp3
6082,he,ExampleSentences/he/what_do_you_do.mp3
6082,hi,ExampleSentences/hi/what_do_you_do.mp3
6082,hr,ExampleSentences/hr/what_do_you_do.mp3
6082,hu,ExampleSentences/hu/what_do_you_do.mp3
6082,id,ExampleSentences/id/what_do_you_do.mp3
6082,is,ExampleSentences/is/what_do_you_do.mp3
6082,it,ExampleSentences/it/what_do_you_do.mp3
6082,ja,ExampleSentences/ja/what_do_you_do.mp3
6082,ko,ExampleSentences/ko/what_do_you_do.mp3
6082,lt,ExampleSentences/lt/what_do_you_do.mp3
6082,lv,ExampleSentences/lv/what_do_you_do.mp3
6082,ml,ExampleSentences/ml/what_do_you_do.mp3
6082,mr,ExampleSentences/mr/what_do_you_do.mp3
6082,nl,ExampleSentences/nl/what_do_you_do.mp3
6082,no,ExampleSentences/no/what_do_you_do.mp3
6082,pl,ExampleSentences/pl/what_do_you_do.mp3
6082,pt,ExampleSentences/pt/what_do_you_do.mp3
6082,ro,ExampleSentences/ro/what_do_you_do.mp3
6082,ru,ExampleSentences/ru/what_do_you_do.mp3
6082,sk,ExampleSentences/sk/what_do_you_do.mp3
6082,sl,ExampleSentences/sl/what_do_you_do.mp3
6082,sv,ExampleSentences/sv/what_do_you_do.mp3
6082,ta,ExampleSentences/ta/what_do_you_do.mp3
6082,te,ExampleSentences/te/what_do_you_do.mp3
6082,th,ExampleSentences/th/what_do_you_do.mp3
6082,tr,ExampleSentences/tr/what_do_you_do.mp3
6082,uk,ExampleSentences/uk/what_do_you_do.mp3
6082,ur,ExampleSentences/ur/what_do_you_do.mp3
6082,vi,ExampleSentences/vi/what_do_you_do.mp3
6082,zh,ExampleSentences/zh/what_do_you_do.mp3
6257,en,ExampleSentences/en/im_a_student.mp3
6257,ar,ExampleSentences/ar/im_a_student.mp3
6257,bg,ExampleSentences/bg/im_a_student.mp3
6257,bn,ExampleSentences/bn/im_a_student.mp3
6257,ca,ExampleSentences/ca/im_a_student.mp3
6257,cs,ExampleSentences/cs/im_a_student.mp3
6257,da,ExampleSentences/da/im_a_student.mp3
6257,de,ExampleSentences/de/im_a_student.mp3
6257,el,ExampleSentences/el/im_a_student.mp3
6257,es,ExampleSentences/es/im_a_student.mp3
6257,et,ExampleSentences/et/im_a_student.mp3
6257,eu,ExampleSentences/eu/im_a_student.mp3
6257,fi,ExampleSentences/fi/im_a_student.mp3
6257,fr,ExampleSentences/fr/im_a_student.mp3
6257,gu,ExampleSentences/gu/im_a_student.mp3
6257,he,ExampleSentences/he/im_a_student.mp3
6257,hi,ExampleSentences/hi/im_a_student.mp3
6257,hr,ExampleSentences/hr/im_a_student.mp3
6257,hu,ExampleSentences/hu/im_a_student.mp3
6257,id,ExampleSentences/id/im_a_student.mp3
6257,is,ExampleSentences/is/im_a_student.mp3
6257,it,ExampleSentences/it/im_a_student.mp3
6257,ja,ExampleSentences/ja/im_a_student.mp3
6257,ko,ExampleSentences/ko/im_a_student.mp3
6257,lt,ExampleSentences/lt/im_a_student.mp3
6257,lv,ExampleSentences/lv/im_a_student.mp3
6257,ml,ExampleSentences/ml/im_a_student.mp3
6257,mr,ExampleSentences/mr/im_a_student.mp3
6257,nl,ExampleSentences/nl/im_a_student.mp3
6257,no,ExampleSentences/no/im_a_student.mp3
6257,pl,ExampleSentences/pl/im_a_student.mp3
6257,pt,ExampleSentences/pt/im_a_student.mp3
6257,ro,ExampleSentences/ro/im_a_student.mp3
6257,ru,ExampleSentences/ru/im_a_student.mp3
6257,sk,ExampleSentences/sk/im_a_student.mp3
6257,sl,ExampleSentences/sl/im_a_student.mp3
6257,sv,ExampleSentences/sv/im_a_student.mp3
6257,ta,ExampleSentences/ta/im_a_student.mp3
6257,te,ExampleSentences/te/im_a_student.mp3
6257,th,ExampleSentences/th/im_a_student.mp3
6257,tr,ExampleSentences/tr/im_a_student.mp3
6257,uk,ExampleSentences/uk/im_a_student.mp3
6257,ur,ExampleSentences/ur/im_a_student.mp3
6257,vi,ExampleSentences/vi/im_a_student.mp3
6257,zh,ExampleSentences/zh/im_a_student.mp3
6084,en,ExampleSentences/en/i_work_in_an_office.mp3
6084,ar,ExampleSentences/ar/i_work_in_an_office.mp3
6084,bg,ExampleSentences/bg/i_work_in_an_office.mp3
6084,bn,ExampleSentences/bn/i_work_in_an_office.mp3
6084,ca,ExampleSentences/ca/i_work_in_an_office.mp3
6084,cs,ExampleSentences/cs/i_work_in_an_office.mp3
6084,da,ExampleSentences/da/i_work_in_an_office.mp3
6084,de,ExampleSentences/de/i_work_in_an_office.mp3
6084,el,ExampleSentences/el/i_work_in_an_office.mp3
6084,es,ExampleSentences/es/i_work_in_an_office.mp3
6084,et,ExampleSentences/et/i_work_in_an_office.mp3
6084,eu,ExampleSentences/eu/i_work_in_an_office.mp3
6084,fi,ExampleSentences/fi/i_work_in_an_office.mp3
6084,fr,ExampleSentences/fr/i_work_in_an_office.mp3
6084,gu,ExampleSentences/gu/i_work_in_an_office.mp3
6084,he,ExampleSentences/he/i_work_in_an_office.mp3
6084,hi,ExampleSentences/hi/i_work_in_an_office.mp3
6084,hr,ExampleSentences/hr/i_work_in_an_office.mp3
6084,hu,ExampleSentences/hu/i_work_in_an_office.mp3
6084,id,ExampleSentences/id/i_work_in_an_office.mp3
6084,is,ExampleSentences/is/i_work_in_an_office.mp3
6084,it,ExampleSentences/it/i_work_in_an_office.mp3
6084,ja,ExampleSentences/ja/i_work_in_an_office.mp3
6084,ko,ExampleSentences/ko/i_work_in_an_office.mp3
6084,lt,ExampleSentences/lt/i_work_in_an_office.mp3
6084,lv,ExampleSentences/lv/i_work_in_an_office.mp3
6084,ml,ExampleSentences/ml/i_work_in_an_office.mp3
6084,mr,ExampleSentences/mr/i_work_in_an_office.mp3
6084,nl,ExampleSentences/nl/i_work_in_an_office.mp3
6084,no,ExampleSentences/no/i_work_in_an_office.mp3
6084,pl,ExampleSentences/pl/i_work_in_an_office.mp3
6084,pt,ExampleSentences/pt/i_work_in_an_office.mp3
6084,ro,ExampleSentences/ro/i_work_in_an_office.mp3
6084,ru,ExampleSentences/ru/i_work_in_an_office.mp3
6084,sk,ExampleSentences/sk/i_work_in_an_office.mp3
6084,sl,ExampleSentences/sl/i_work_in_an_office.mp3
6084,sv,ExampleSentences/sv/i_work_in_an_office.mp3
6084,ta,ExampleSentences/ta/i_work_in_an_office.mp3
6084,te,ExampleSentences/te/i_work_in_an_office.mp3
6084,th,ExampleSentences/th/i_work_in_an_office.mp3
6084,tr,ExampleSentences/tr/i_work_in_an_office.mp3
6084,uk,ExampleSentences/uk/i_work_in_an_office.mp3
6084,ur,ExampleSentences/ur/i_work_in_an_office.mp3
6084,vi,ExampleSentences/vi/i_work_in_an_office.mp3
6084,zh,ExampleSentences/zh/i_work_in_an_office.mp3
6172,en,ExampleSentences/en/can_you_help_me.mp3
6172,ar,ExampleSentences/ar/can_you_help_me.mp3
6172,bg,ExampleSentences/bg/can_you_help_me.mp3
6172,bn,ExampleSentences/bn/can_you_help_me.mp3
6172,ca,ExampleSentences/ca/can_you_help_me.mp3
6172,cs,ExampleSentences/cs/can_you_help_me.mp3
6172,da,ExampleSentences/da/can_you_help_me.mp3
6172,de,ExampleSentences/de/can_you_help_me.mp3
6172,el,ExampleSentences/el/can_you_help_me.mp3
6172,es,ExampleSentences/es/can_you_help_me.mp3
6172,et,ExampleSentences/et/can_you_help_me.mp3
6172,eu,ExampleSentences/eu/can_you_help_me.mp3
6172,fi,ExampleSentences/fi/can_you_help_me.mp3
6172,fr,ExampleSentences/fr/can_you_help_me.mp3
6172,gu,ExampleSentences/gu/can_you_help_me.mp3
6172,he,ExampleSentences/he/can_you_help_me.mp3
6172,hi,ExampleSentences/hi/can_you_help_me.mp3
6172,hr,ExampleSentences/hr/can_you_help_me.mp3
6172,hu,ExampleSentences/hu/can_you_help_me.mp3
6172,id,ExampleSentences/id/can_you_help_me.mp3
6172,is,ExampleSentences/is/can_you_help_me.mp3
6172,it,ExampleSentences/it/can_you_help_me.mp3
6172,ja,ExampleSentences/ja/can_you_help_me.mp3
6172,ko,ExampleSentences/ko/can_you_help_me.mp3
6172,lt,ExampleSentences/lt/can_you_help_me.mp3
6172,lv,ExampleSentences/lv/can_you_help_me.mp3
6172,ml,ExampleSentences/ml/can_you_help_me.mp3
6172,mr,ExampleSentences/mr/can_you_help_me.mp3
6172,nl,ExampleSentences/nl/can_you_help_me.mp3
6172,no,ExampleSentences/no/can_you_help_me.mp3
6172,pl,ExampleSentences/pl/can_you_help_me.mp3
6172,pt,ExampleSentences/pt/can_you_help_me.mp3
6172,ro,ExampleSentences/ro/can_you_help_me.mp3
6172,ru,ExampleSentences/ru/can_you_help_me.mp3
6172,sk,ExampleSentences/sk/can_you_help_me.mp3
6172,sl,ExampleSentences/sl/can_you_help_me.mp3
6172,sv,ExampleSentences/sv/can_you_help_me.mp3
6172,ta,ExampleSentences/ta/can_you_help_me.mp3
6172,te,ExampleSentences/te/can_you_help_me.mp3
6172,th,ExampleSentences/th/can_you_help_me.mp3
6172,tr,ExampleSentences/tr/can_you_help_me.mp3
6172,uk,ExampleSentences/uk/can_you_help_me.mp3
6172,ur,ExampleSentences/ur/can_you_help_me.mp3
6172,vi,ExampleSentences/vi/can_you_help_me.mp3
6172,zh,ExampleSentences/zh/can_you_help_me.mp3
6086,en,ExampleSentences/en/i_dont_understand.mp3
6086,ar,ExampleSentences/ar/i_dont_understand.mp3
6086,bg,ExampleSentences/bg/i_dont_understand.mp3
6086,bn,ExampleSentences/bn/i_dont_understand.mp3
6086,ca,ExampleSentences/ca/i_dont_understand.mp3
6086,cs,ExampleSentences/cs/i_dont_understand.mp3
6086,da,ExampleSentences/da/i_dont_understand.mp3
6086,de,ExampleSentences/de/i_dont_understand.mp3
6086,el,ExampleSentences/el/i_dont_understand.mp3
6086,es,ExampleSentences/es/i_dont_understand.mp3
6086,et,ExampleSentences/et/i_dont_understand.mp3
6086,eu,ExampleSentences/eu/i_dont_understand.mp3
6086,fi,ExampleSentences/fi/i_dont_understand.mp3
6086,fr,ExampleSentences/fr/i_dont_understand.mp3
6086,gu,ExampleSentences/gu/i_dont_understand.mp3
6086,he,ExampleSentences/he/i_dont_understand.mp3
6086,hi,ExampleSentences/hi/i_dont_understand.mp3
6086,hr,ExampleSentences/hr/i_dont_understand.mp3
6086,hu,ExampleSentences/hu/i_dont_understand.mp3
6086,id,ExampleSentences/id/i_dont_understand.mp3
6086,is,ExampleSentences/is/i_dont_understand.mp3
6086,it,ExampleSentences/it/i_dont_understand.mp3
6086,ja,ExampleSentences/ja/i_dont_understand.mp3
6086,ko,ExampleSentences/ko/i_dont_understand.mp3
6086,lt,ExampleSentences/lt/i_dont_understand.mp3
6086,lv,ExampleSentences/lv/i_dont_understand.mp3
6086,ml,ExampleSentences/ml/i_dont_understand.mp3
6086,mr,ExampleSentences/mr/i_dont_understand.mp3
6086,nl,ExampleSentences/nl/i_dont_understand.mp3
6086,no,ExampleSentences/no/i_dont_understand.mp3
6086,pl,ExampleSentences/pl/i_dont_understand.mp3
6086,pt,ExampleSentences/pt/i_dont_understand.mp3
6086,ro,ExampleSentences/ro/i_dont_understand.mp3
6086,ru,ExampleSentences/ru/i_dont_understand.mp3
6086,sk,ExampleSentences/sk/i_dont_understand.mp3
6086,sl,ExampleSentences/sl/i_dont_understand.mp3
6086,sv,ExampleSentences/sv/i_dont_understand.mp3
6086,ta,ExampleSentences/ta/i_dont_understand.mp3
6086,te,ExampleSentences/te/i_dont_understand.mp3
6086,th,ExampleSentences/th/i_dont_understand.mp3
6086,tr,ExampleSentences/tr/i_dont_understand.mp3
6086,uk,ExampleSentences/uk/i_dont_understand.mp3
6086,ur,ExampleSentences/ur/i_dont_understand.mp3
6086,vi,ExampleSentences/vi/i_dont_understand.mp3
6086,zh,ExampleSentences/zh/i_dont_understand.mp3
6174,en,ExampleSentences/en/can_you_repeat_that.mp3
6174,ar,ExampleSentences/ar/can_you_repeat_that.mp3
6174,bg,ExampleSentences/bg/can_you_repeat_that.mp3
6174,bn,ExampleSentences/bn/can_you_repeat_that.mp3
6174,ca,ExampleSentences/ca/can_you_repeat_that.mp3
6174,cs,ExampleSentences/cs/can_you_repeat_that.mp3
6174,da,ExampleSentences/da/can_you_repeat_that.mp3
6174,de,ExampleSentences/de/can_you_repeat_that.mp3
6174,el,ExampleSentences/el/can_you_repeat_that.mp3
6174,es,ExampleSentences/es/can_you_repeat_that.mp3
6174,et,ExampleSentences/et/can_you_repeat_that.mp3
6174,eu,ExampleSentences/eu/can_you_repeat_that.mp3
6174,fi,ExampleSentences/fi/can_you_repeat_that.mp3
6174,fr,ExampleSentences/fr/can_you_repeat_that.mp3
6174,gu,ExampleSentences/gu/can_you_repeat_that.mp3
6174,he,ExampleSentences/he/can_you_repeat_that.mp3
6174,hi,ExampleSentences/hi/can_you_repeat_that.mp3
6174,hr,ExampleSentences/hr/can_you_repeat_that.mp3
6174,hu,ExampleSentences/hu/can_you_repeat_that.mp3
6174,id,ExampleSentences/id/can_you_repeat_that.mp3
6174,is,ExampleSentences/is/can_you_repeat_that.mp3
6174,it,ExampleSentences/it/can_you_repeat_that.mp3
6174,ja,ExampleSentences/ja/can_you_repeat_that.mp3
6174,ko,ExampleSentences/ko/can_you_repeat_that.mp3
6174,lt,ExampleSentences/lt/can_you_repeat_that.mp3
6174,lv,ExampleSentences/lv/can_you_repeat_that.mp3
6174,ml,ExampleSentences/ml/can_you_repeat_that.mp3
6174,mr,ExampleSentences/mr/can_you_repeat_that.mp3
6174,nl,ExampleSentences/nl/can_you_repeat_that.mp3
6174,no,ExampleSentences/no/can_you_repeat_that.mp3
6174,pl,ExampleSentences/pl/can_you_repeat_that.mp3
6174,pt,ExampleSentences/pt/can_you_repeat_that.mp3
6174,ro,ExampleSentences/ro/can_you_repeat_that.mp3
6174,ru,ExampleSentences/ru/can_you_repeat_that.mp3
6174,sk,ExampleSentences/sk/can_you_repeat_that.mp3
6174,sl,ExampleSentences/sl/can_you_repeat_that.mp3
6174,sv,ExampleSentences/sv/can_you_repeat_that.mp3
6174,ta,ExampleSentences/ta/can_you_repeat_that.mp3
6174,te,ExampleSentences/te/can_you_repeat_that.mp3
6174,th,ExampleSentences/th/can_you_repeat_that.mp3
6174,tr,ExampleSentences/tr/can_you_repeat_that.mp3
6174,uk,ExampleSentences/uk/can_you_repeat_that.mp3
6174,ur,ExampleSentences/ur/can_you_repeat_that.mp3
6174,vi,ExampleSentences/vi/can_you_repeat_that.mp3
6174,zh,ExampleSentences/zh/can_you_repeat_that.mp3
6262,en,ExampleSentences/en/please_speak_slowly.mp3
6262,ar,ExampleSentences/ar/please_speak_slowly.mp3
6262,bg,ExampleSentences/bg/please_speak_slowly.mp3
6262,bn,ExampleSentences/bn/please_speak_slowly.mp3
6262,ca,ExampleSentences/ca/please_speak_slowly.mp3
6262,cs,ExampleSentences/cs/please_speak_slowly.mp3
6262,da,ExampleSentences/da/please_speak_slowly.mp3
6262,de,ExampleSentences/de/please_speak_slowly.mp3
6262,el,ExampleSentences/el/please_speak_slowly.mp3
6262,es,ExampleSentences/es/please_speak_slowly.mp3
6262,et,ExampleSentences/et/please_speak_slowly.mp3
6262,eu,ExampleSentences/eu/please_speak_slowly.mp3
6262,fi,ExampleSentences/fi/please_speak_slowly.mp3
6262,fr,ExampleSentences/fr/please_speak_slowly.mp3
6262,gu,ExampleSentences/gu/please_speak_slowly.mp3
6262,he,ExampleSentences/he/please_speak_slowly.mp3
6262,hi,ExampleSentences/hi/please_speak_slowly.mp3
6262,hr,ExampleSentences/hr/please_speak_slowly.mp3
6262,hu,ExampleSentences/hu/please_speak_slowly.mp3
6262,id,ExampleSentences/id/please_speak_slowly.mp3
6262,is,ExampleSentences/is/please_speak_slowly.mp3
6262,it,ExampleSentences/it/please_speak_slowly.mp3
6262,ja,ExampleSentences/ja/please_speak_slowly.mp3
6262,ko,ExampleSentences/ko/please_speak_slowly.mp3
6262,lt,ExampleSentences/lt/please_speak_slowly.mp3
6262,lv,ExampleSentences/lv/please_speak_slowly.mp3
6262,ml,ExampleSentences/ml/please_speak_slowly.mp3
6262,mr,ExampleSentences/mr/please_speak_slowly.mp3
6262,nl,ExampleSentences/nl/please_speak_slowly.mp3
6262,no,ExampleSentences/no/please_speak_slowly.mp3
6262,pl,ExampleSentences/pl/please_speak_slowly.mp3
6262,pt,ExampleSentences/pt/please_speak_slowly.mp3
6262,ro,ExampleSentences/ro/please_speak_slowly.mp3
6262,ru,ExampleSentences/ru/please_speak_slowly.mp3
6262,sk,ExampleSentences/sk/please_speak_slowly.mp3
6262,sl,ExampleSentences/sl/please_speak_slowly.mp3
6262,sv,ExampleSentences/sv/please_speak_slowly.mp3
6262,ta,ExampleSentences/ta/please_speak_slowly.mp3
6262,te,ExampleSentences/te/please_speak_slowly.mp3
6262,th,ExampleSentences/th/please_speak_slowly.mp3
6262,tr,ExampleSentences/tr/please_speak_slowly.mp3
6262,uk,ExampleSentences/uk/please_speak_slowly.mp3
6262,ur,ExampleSentences/ur/please_speak_slowly.mp3
6262,vi,ExampleSentences/vi/please_speak_slowly.mp3
6262,zh,ExampleSentences/zh/please_speak_slowly.mp3
6263,en,ExampleSentences/en/what_does_this_mean.mp3
6263,ar,ExampleSentences/ar/what_does_this_mean.mp3
6263,bg,ExampleSentences/bg/what_does_this_mean.mp3
6263,bn,ExampleSentences/bn/what_does_this_mean.mp3
6263,ca,ExampleSentences/ca/what_does_this_mean.mp3
6263,cs,ExampleSentences/cs/what_does_this_mean.mp3
6263,da,ExampleSentences/da/what_does_this_mean.mp3
6263,de,ExampleSentences/de/what_does_this_mean.mp3
6263,el,ExampleSentences/el/what_does_this_mean.mp3
6263,es,ExampleSentences/es/what_does_this_mean.mp3
6263,et,ExampleSentences/et/what_does_this_mean.mp3
6263,eu,ExampleSentences/eu/what_does_this_mean.mp3
6263,fi,ExampleSentences/fi/what_does_this_mean.mp3
6263,fr,ExampleSentences/fr/what_does_this_mean.mp3
6263,gu,ExampleSentences/gu/what_does_this_mean.mp3
6263,he,ExampleSentences/he/what_does_this_mean.mp3
6263,hi,ExampleSentences/hi/what_does_this_mean.mp3
6263,hr,ExampleSentences/hr/what_does_this_mean.mp3
6263,hu,ExampleSentences/hu/what_does_this_mean.mp3
6263,id,ExampleSentences/id/what_does_this_mean.mp3
6263,is,ExampleSentences/is/what_does_this_mean.mp3
6263,it,ExampleSentences/it/what_does_this_mean.mp3
6263,ja,ExampleSentences/ja/what_does_this_mean.mp3
6263,ko,ExampleSentences/ko/what_does_this_mean.mp3
6263,lt,ExampleSentences/lt/what_does_this_mean.mp3
6263,lv,ExampleSentences/lv/what_does_this_mean.mp3
6263,ml,ExampleSentences/ml/what_does_this_mean.mp3
6263,mr,ExampleSentences/mr/what_does_this_mean.mp3
6263,nl,ExampleSentences/nl/what_does_this_mean.mp3
6263,no,ExampleSentences/no/what_does_this_mean.mp3
6263,pl,ExampleSentences/pl/what_does_this_mean.mp3
6263,pt,ExampleSentences/pt/what_does_this_mean.mp3
6263,ro,ExampleSentences/ro/what_does_this_mean.mp3
6263,ru,ExampleSentences/ru/what_does_this_mean.mp3
6263,sk,ExampleSentences/sk/what_does_this_mean.mp3
6263,sl,ExampleSentences/sl/what_does_this_mean.mp3
6263,sv,ExampleSentences/sv/what_does_this_mean.mp3
6263,ta,ExampleSentences/ta/what_does_this_mean.mp3
6263,te,ExampleSentences/te/what_does_this_mean.mp3
6263,th,ExampleSentences/th/what_does_this_mean.mp3
6263,tr,ExampleSentences/tr/what_does_this_mean.mp3
6263,uk,ExampleSentences/uk/what_does_this_mean.mp3
6263,ur,ExampleSentences/ur/what_does_this_mean.mp3
6263,vi,ExampleSentences/vi/what_does_this_mean.mp3
6263,zh,ExampleSentences/zh/what_does_this_mean.mp3
6264,en,ExampleSentences/en/how_do_you_say_this_in_english.mp3
6264,ar,ExampleSentences/ar/how_do_you_say_this_in_english.mp3
6264,bg,ExampleSentences/bg/how_do_you_say_this_in_english.mp3
6264,bn,ExampleSentences/bn/how_do_you_say_this_in_english.mp3
6264,ca,ExampleSentences/ca/how_do_you_say_this_in_english.mp3
6264,cs,ExampleSentences/cs/how_do_you_say_this_in_english.mp3
6264,da,ExampleSentences/da/how_do_you_say_this_in_english.mp3
6264,de,ExampleSentences/de/how_do_you_say_this_in_english.mp3
6264,el,ExampleSentences/el/how_do_you_say_this_in_english.mp3
6264,es,ExampleSentences/es/how_do_you_say_this_in_english.mp3
6264,et,ExampleSentences/et/how_do_you_say_this_in_english.mp3
6264,eu,ExampleSentences/eu/how_do_you_say_this_in_english.mp3
6264,fi,ExampleSentences/fi/how_do_you_say_this_in_english.mp3
6264,fr,ExampleSentences/fr/how_do_you_say_this_in_english.mp3
6264,gu,ExampleSentences/gu/how_do_you_say_this_in_english.mp3
6264,he,ExampleSentences/he/how_do_you_say_this_in_english.mp3
6264,hi,ExampleSentences/hi/how_do_you_say_this_in_english.mp3
6264,hr,ExampleSentences/hr/how_do_you_say_this_in_english.mp3
6264,hu,ExampleSentences/hu/how_do_you_say_this_in_english.mp3
6264,id,ExampleSentences/id/how_do_you_say_this_in_english.mp3
6264,is,ExampleSentences/is/how_do_you_say_this_in_english.mp3
6264,it,ExampleSentences/it/how_do_you_say_this_in_english.mp3
6264,ja,ExampleSentences/ja/how_do_you_say_this_in_english.mp3
6264,ko,ExampleSentences/ko/how_do_you_say_this_in_english.mp3
6264,lt,ExampleSentences/lt/how_do_you_say_this_in_english.mp3
6264,lv,ExampleSentences/lv/how_do_you_say_this_in_english.mp3
6264,ml,ExampleSentences/ml/how_do_you_say_this_in_english.mp3
6264,mr,ExampleSentences/mr/how_do_you_say_this_in_english.mp3
6264,nl,ExampleSentences/nl/how_do_you_say_this_in_english.mp3
6264,no,ExampleSentences/no/how_do_you_say_this_in_english.mp3
6264,pl,ExampleSentences/pl/how_do_you_say_this_in_english.mp3
6264,pt,ExampleSentences/pt/how_do_you_say_this_in_english.mp3
6264,ro,ExampleSentences/ro/how_do_you_say_this_in_english.mp3
6264,ru,ExampleSentences/ru/how_do_you_say_this_in_english.mp3
6264,sk,ExampleSentences/sk/how_do_you_say_this_in_english.mp3
6264,sl,ExampleSentences/sl/how_do_you_say_this_in_english.mp3
6264,sv,ExampleSentences/sv/how_do_you_say_this_in_english.mp3
6264,ta,ExampleSentences/ta/how_do_you_say_this_in_english.mp3
6264,te,ExampleSentences/te/how_do_you_say_this_in_english.mp3
6264,th,ExampleSentences/th/how_do_you_say_this_in_english.mp3
6264,tr,ExampleSentences/tr/how_do_you_say_this_in_english.mp3
6264,uk,ExampleSentences/uk/how_do_you_say_this_in_english.mp3
6264,ur,ExampleSentences/ur/how_do_you_say_this_in_english.mp3
6264,vi,ExampleSentences/vi/how_do_you_say_this_in_english.mp3
6264,zh,ExampleSentences/zh/how_do_you_say_this_in_english.mp3
6178,en,ExampleSentences/en/can_you_write_it_down.mp3
6178,ar,ExampleSentences/ar/can_you_write_it_down.mp3
6178,bg,ExampleSentences/bg/can_you_write_it_down.mp3
6178,bn,ExampleSentences/bn/can_you_write_it_down.mp3
6178,ca,ExampleSentences/ca/can_you_write_it_down.mp3
6178,cs,ExampleSentences/cs/can_you_write_it_down.mp3
6178,da,ExampleSentences/da/can_you_write_it_down.mp3
6178,de,ExampleSentences/de/can_you_write_it_down.mp3
6178,el,ExampleSentences/el/can_you_write_it_down.mp3
6178,es,ExampleSentences/es/can_you_write_it_down.mp3
6178,et,ExampleSentences/et/can_you_write_it_down.mp3
6178,eu,ExampleSentences/eu/can_you_write_it_down.mp3
6178,fi,ExampleSentences/fi/can_you_write_it_down.mp3
6178,fr,ExampleSentences/fr/can_you_write_it_down.mp3
6178,gu,ExampleSentences/gu/can_you_write_it_down.mp3
6178,he,ExampleSentences/he/can_you_write_it_down.mp3
6178,hi,ExampleSentences/hi/can_you_write_it_down.mp3
6178,hr,ExampleSentences/hr/can_you_write_it_down.mp3
6178,hu,ExampleSentences/hu/can_you_write_it_down.mp3
6178,id,ExampleSentences/id/can_you_write_it_down.mp3
6178,is,ExampleSentences/is/can_you_write_it_down.mp3
6178,it,ExampleSentences/it/can_you_write_it_down.mp3
6178,ja,ExampleSentences/ja/can_you_write_it_down.mp3
6178,ko,ExampleSentences/ko/can_you_write_it_down.mp3
6178,lt,ExampleSentences/lt/can_you_write_it_down.mp3
6178,lv,ExampleSentences/lv/can_you_write_it_down.mp3
6178,ml,ExampleSentences/ml/can_you_write_it_down.mp3
6178,mr,ExampleSentences/mr/can_you_write_it_down.mp3
6178,nl,ExampleSentences/nl/can_you_write_it_down.mp3
6178,no,ExampleSentences/no/can_you_write_it_down.mp3
6178,pl,ExampleSentences/pl/can_you_write_it_down.mp3
6178,pt,ExampleSentences/pt/can_you_write_it_down.mp3
6178,ro,ExampleSentences/ro/can_you_write_it_down.mp3
6178,ru,ExampleSentences/ru/can_you_write_it_down.mp3
6178,sk,ExampleSentences/sk/can_you_write_it_down.mp3
6178,sl,ExampleSentences/sl/can_you_write_it_down.mp3
6178,sv,ExampleSentences/sv/can_you_write_it_down.mp3
6178,ta,ExampleSentences/ta/can_you_write_it_down.mp3
6178,te,ExampleSentences/te/can_you_write_it_down.mp3
6178,th,ExampleSentences/th/can_you_write_it_down.mp3
6178,tr,ExampleSentences/tr/can_you_write_it_down.mp3
6178,uk,ExampleSentences/uk/can_you_write_it_down.mp3
6178,ur,ExampleSentences/ur/can_you_write_it_down.mp3
6178,vi,ExampleSentences/vi/can_you_write_it_down.mp3
6178,zh,ExampleSentences/zh/can_you_write_it_down.mp3
6179,en,ExampleSentences/en/where_is_the_bathroom.mp3
6179,ar,ExampleSentences/ar/where_is_the_bathroom.mp3
6179,bg,ExampleSentences/bg/where_is_the_bathroom.mp3
6179,bn,ExampleSentences/bn/where_is_the_bathroom.mp3
6179,ca,ExampleSentences/ca/where_is_the_bathroom.mp3
6179,cs,ExampleSentences/cs/where_is_the_bathroom.mp3
6179,da,ExampleSentences/da/where_is_the_bathroom.mp3
6179,de,ExampleSentences/de/where_is_the_bathroom.mp3
6179,el,ExampleSentences/el/where_is_the_bathroom.mp3
6179,es,ExampleSentences/es/where_is_the_bathroom.mp3
6179,et,ExampleSentences/et/where_is_the_bathroom.mp3
6179,eu,ExampleSentences/eu/where_is_the_bathroom.mp3
6179,fi,ExampleSentences/fi/where_is_the_bathroom.mp3
6179,fr,ExampleSentences/fr/where_is_the_bathroom.mp3
6179,gu,ExampleSentences/gu/where_is_the_bathroom.mp3
6179,he,ExampleSentences/he/where_is_the_bathroom.mp3
6179,hi,ExampleSentences/hi/where_is_the_bathroom.mp3
6179,hr,ExampleSentences/hr/where_is_the_bathroom.mp3
6179,hu,ExampleSentences/hu/where_is_the_bathroom.mp3
6179,id,ExampleSentences/id/where_is_the_bathroom.mp3
6179,is,ExampleSentences/is/where_is_the_bathroom.mp3
6179,it,ExampleSentences/it/where_is_the_bathroom.mp3
6179,ja,ExampleSentences/ja/where_is_the_bathroom.mp3
6179,ko,ExampleSentences/ko/where_is_the_bathroom.mp3
6179,lt,ExampleSentences/lt/where_is_the_bathroom.mp3
6179,lv,ExampleSentences/lv/where_is_the_bathroom.mp3
6179,ml,ExampleSentences/ml/where_is_the_bathroom.mp3
6179,mr,ExampleSentences/mr/where_is_the_bathroom.mp3
6179,nl,ExampleSentences/nl/where_is_the_bathroom.mp3
6179,no,ExampleSentences/no/where_is_the_bathroom.mp3
6179,pl,ExampleSentences/pl/where_is_the_bathroom.mp3
6179,pt,ExampleSentences/pt/where_is_the_bathroom.mp3
6179,ro,ExampleSentences/ro/where_is_the_bathroom.mp3
6179,ru,ExampleSentences/ru/where_is_the_bathroom.mp3
6179,sk,ExampleSentences/sk/where_is_the_bathroom.mp3
6179,sl,ExampleSentences/sl/where_is_the_bathroom.mp3
6179,sv,ExampleSentences/sv/where_is_the_bathroom.mp3
6179,ta,ExampleSentences/ta/where_is_the_bathroom.mp3
6179,te,ExampleSentences/te/where_is_the_bathroom.mp3
6179,th,ExampleSentences/th/where_is_the_bathroom.mp3
6179,tr,ExampleSentences/tr/where_is_the_bathroom.mp3
6179,uk,ExampleSentences/uk/where_is_the_bathroom.mp3
6179,ur,ExampleSentences/ur/where_is_the_bathroom.mp3
6179,vi,ExampleSentences/vi/where_is_the_bathroom.mp3
6179,zh,ExampleSentences/zh/where_is_the_bathroom.mp3
6093,en,ExampleSentences/en/how_much_is_this.mp3
6093,ar,ExampleSentences/ar/how_much_is_this.mp3
6093,bg,ExampleSentences/bg/how_much_is_this.mp3
6093,bn,ExampleSentences/bn/how_much_is_this.mp3
6093,ca,ExampleSentences/ca/how_much_is_this.mp3
6093,cs,ExampleSentences/cs/how_much_is_this.mp3
6093,da,ExampleSentences/da/how_much_is_this.mp3
6093,de,ExampleSentences/de/how_much_is_this.mp3
6093,el,ExampleSentences/el/how_much_is_this.mp3
6093,es,ExampleSentences/es/how_much_is_this.mp3
6093,et,ExampleSentences/et/how_much_is_this.mp3
6093,eu,ExampleSentences/eu/how_much_is_this.mp3
6093,fi,ExampleSentences/fi/how_much_is_this.mp3
6093,fr,ExampleSentences/fr/how_much_is_this.mp3
6093,gu,ExampleSentences/gu/how_much_is_this.mp3
6093,he,ExampleSentences/he/how_much_is_this.mp3
6093,hi,ExampleSentences/hi/how_much_is_this.mp3
6093,hr,ExampleSentences/hr/how_much_is_this.mp3
6093,hu,ExampleSentences/hu/how_much_is_this.mp3
6093,id,ExampleSentences/id/how_much_is_this.mp3
6093,is,ExampleSentences/is/how_much_is_this.mp3
6093,it,ExampleSentences/it/how_much_is_this.mp3
6093,ja,ExampleSentences/ja/how_much_is_this.mp3
6093,ko,ExampleSentences/ko/how_much_is_this.mp3
6093,lt,ExampleSentences/lt/how_much_is_this.mp3
6093,lv,ExampleSentences/lv/how_much_is_this.mp3
6093,ml,ExampleSentences/ml/how_much_is_this.mp3
6093,mr,ExampleSentences/mr/how_much_is_this.mp3
6093,nl,ExampleSentences/nl/how_much_is_this.mp3
6093,no,ExampleSentences/no/how_much_is_this.mp3
6093,pl,ExampleSentences/pl/how_much_is_this.mp3
6093,pt,ExampleSentences/pt/how_much_is_this.mp3
6093,ro,ExampleSentences/ro/how_much_is_this.mp3
6093,ru,ExampleSentences/ru/how_much_is_this.mp3
6093,sk,ExampleSentences/sk/how_much_is_this.mp3
6093,sl,ExampleSentences/sl/how_much_is_this.mp3
6093,sv,ExampleSentences/sv/how_much_is_this.mp3
6093,ta,ExampleSentences/ta/how_much_is_this.mp3
6093,te,ExampleSentences/te/how_much_is_this.mp3
6093,th,ExampleSentences/th/how_much_is_this.mp3
6093,tr,ExampleSentences/tr/how_much_is_this.mp3
6093,uk,ExampleSentences/uk/how_much_is_this.mp3
6093,ur,ExampleSentences/ur/how_much_is_this.mp3
6093,vi,ExampleSentences/vi/how_much_is_this.mp3
6093,zh,ExampleSentences/zh/how_much_is_this.mp3
6181,en,ExampleSentences/en/what_time_is_it.mp3
6181,ar,ExampleSentences/ar/what_time_is_it.mp3
6181,bg,ExampleSentences/bg/what_time_is_it.mp3
6181,bn,ExampleSentences/bn/what_time_is_it.mp3
6181,ca,ExampleSentences/ca/what_time_is_it.mp3
6181,cs,ExampleSentences/cs/what_time_is_it.mp3
6181,da,ExampleSentences/da/what_time_is_it.mp3
6181,de,ExampleSentences/de/what_time_is_it.mp3
6181,el,ExampleSentences/el/what_time_is_it.mp3
6181,es,ExampleSentences/es/what_time_is_it.mp3
6181,et,ExampleSentences/et/what_time_is_it.mp3
6181,eu,ExampleSentences/eu/what_time_is_it.mp3
6181,fi,ExampleSentences/fi/what_time_is_it.mp3
6181,fr,ExampleSentences/fr/what_time_is_it.mp3
6181,gu,ExampleSentences/gu/what_time_is_it.mp3
6181,he,ExampleSentences/he/what_time_is_it.mp3
6181,hi,ExampleSentences/hi/what_time_is_it.mp3
6181,hr,ExampleSentences/hr/what_time_is_it.mp3
6181,hu,ExampleSentences/hu/what_time_is_it.mp3
6181,id,ExampleSentences/id/what_time_is_it.mp3
6181,is,ExampleSentences/is/what_time_is_it.mp3
6181,it,ExampleSentences/it/what_time_is_it.mp3
6181,ja,ExampleSentences/ja/what_time_is_it.mp3
6181,ko,ExampleSentences/ko/what_time_is_it.mp3
6181,lt,ExampleSentences/lt/what_time_is_it.mp3
6181,lv,ExampleSentences/lv/what_time_is_it.mp3
6181,ml,ExampleSentences/ml/what_time_is_it.mp3
6181,mr,ExampleSentences/mr/what_time_is_it.mp3
6181,nl,ExampleSentences/nl/what_time_is_it.mp3
6181,no,ExampleSentences/no/what_time_is_it.mp3
6181,pl,ExampleSentences/pl/what_time_is_it.mp3
6181,pt,ExampleSentences/pt/what_time_is_it.mp3
6181,ro,ExampleSentences/ro/what_time_is_it.mp3
6181,ru,ExampleSentences/ru/what_time_is_it.mp3
6181,sk,ExampleSentences/sk/what_time_is_it.mp3
6181,sl,ExampleSentences/sl/what_time_is_it.mp3
6181,sv,ExampleSentences/sv/what_time_is_it.mp3
6181,ta,ExampleSentences/ta/what_time_is_it.mp3
6181,te,ExampleSentences/te/what_time_is_it.mp3
6181,th,ExampleSentences/th/what_time_is_it.mp3
6181,tr,ExampleSentences/tr/what_time_is_it.mp3
6181,uk,ExampleSentences/uk/what_time_is_it.mp3
6181,ur,ExampleSentences/ur/what_time_is_it.mp3
6181,vi,ExampleSentences/vi/what_time_is_it.mp3
6181,zh,ExampleSentences/zh/what_time_is_it.mp3
6269,en,ExampleSentences/en/im_hungry.mp3
6269,ar,ExampleSentences/ar/im_hungry.mp3
6269,bg,ExampleSentences/bg/im_hungry.mp3
6269,bn,ExampleSentences/bn/im_hungry.mp3
6269,ca,ExampleSentences/ca/im_hungry.mp3
6269,cs,ExampleSentences/cs/im_hungry.mp3
6269,da,ExampleSentences/da/im_hungry.mp3
6269,de,ExampleSentences/de/im_hungry.mp3
6269,el,ExampleSentences/el/im_hungry.mp3
6269,es,ExampleSentences/es/im_hungry.mp3
6269,et,ExampleSentences/et/im_hungry.mp3
6269,eu,ExampleSentences/eu/im_hungry.mp3
6269,fi,ExampleSentences/fi/im_hungry.mp3
6269,fr,ExampleSentences/fr/im_hungry.mp3
6269,gu,ExampleSentences/gu/im_hungry.mp3
6269,he,ExampleSentences/he/im_hungry.mp3
6269,hi,ExampleSentences/hi/im_hungry.mp3
6269,hr,ExampleSentences/hr/im_hungry.mp3
6269,hu,ExampleSentences/hu/im_hungry.mp3
6269,id,ExampleSentences/id/im_hungry.mp3
6269,is,ExampleSentences/is/im_hungry.mp3
6269,it,ExampleSentences/it/im_hungry.mp3
6269,ja,ExampleSentences/ja/im_hungry.mp3
6269,ko,ExampleSentences/ko/im_hungry.mp3
6269,lt,ExampleSentences/lt/im_hungry.mp3
6269,lv,ExampleSentences/lv/im_hungry.mp3
6269,ml,ExampleSentences/ml/im_hungry.mp3
6269,mr,ExampleSentences/mr/im_hungry.mp3
6269,nl,ExampleSentences/nl/im_hungry.mp3
6269,no,ExampleSentences/no/im_hungry.mp3
6269,pl,ExampleSentences/pl/im_hungry.mp3
6269,pt,ExampleSentences/pt/im_hungry.mp3
6269,ro,ExampleSentences/ro/im_hungry.mp3
6269,ru,ExampleSentences/ru/im_hungry.mp3
6269,sk,ExampleSentences/sk/im_hungry.mp3
6269,sl,ExampleSentences/sl/im_hungry.mp3
6269,sv,ExampleSentences/sv/im_hungry.mp3
6269,ta,ExampleSentences/ta/im_hungry.mp3
6269,te,ExampleSentences/te/im_hungry.mp3
6269,th,ExampleSentences/th/im_hungry.mp3
6269,tr,ExampleSentences/tr/im_hungry.mp3
6269,uk,ExampleSentences/uk/im_hungry.mp3
6269,ur,ExampleSentences/ur/im_hungry.mp3
6269,vi,ExampleSentences/vi/im_hungry.mp3
6269,zh,ExampleSentences/zh/im_hungry.mp3
6270,en,ExampleSentences/en/im_thirsty.mp3
6270,ar,ExampleSentences/ar/im_thirsty.mp3
6270,bg,ExampleSentences/bg/im_thirsty.mp3
6270,bn,ExampleSentences/bn/im_thirsty.mp3
6270,ca,ExampleSentences/ca/im_thirsty.mp3
6270,cs,ExampleSentences/cs/im_thirsty.mp3
6270,da,ExampleSentences/da/im_thirsty.mp3
6270,de,ExampleSentences/de/im_thirsty.mp3
6270,el,ExampleSentences/el/im_thirsty.mp3
6270,es,ExampleSentences/es/im_thirsty.mp3
6270,et,ExampleSentences/et/im_thirsty.mp3
6270,eu,ExampleSentences/eu/im_thirsty.mp3
6270,fi,ExampleSentences/fi/im_thirsty.mp3
6270,fr,ExampleSentences/fr/im_thirsty.mp3
6270,gu,ExampleSentences/gu/im_thirsty.mp3
6270,he,ExampleSentences/he/im_thirsty.mp3
6270,hi,ExampleSentences/hi/im_thirsty.mp3
6270,hr,ExampleSentences/hr/im_thirsty.mp3
6270,hu,ExampleSentences/hu/im_thirsty.mp3
6270,id,ExampleSentences/id/im_thirsty.mp3
6270,is,ExampleSentences/is/im_thirsty.mp3
6270,it,ExampleSentences/it/im_thirsty.mp3
6270,ja,ExampleSentences/ja/im_thirsty.mp3
6270,ko,ExampleSentences/ko/im_thirsty.mp3
6270,lt,ExampleSentences/lt/im_thirsty.mp3
6270,lv,ExampleSentences/lv/im_thirsty.mp3
6270,ml,ExampleSentences/ml/im_thirsty.mp3
6270,mr,ExampleSentences/mr/im_thirsty.mp3
6270,nl,ExampleSentences/nl/im_thirsty.mp3
6270,no,ExampleSentences/no/im_thirsty.mp3
6270,pl,ExampleSentences/pl/im_thirsty.mp3
6270,pt,ExampleSentences/pt/im_thirsty.mp3
6270,ro,ExampleSentences/ro/im_thirsty.mp3
6270,ru,ExampleSentences/ru/im_thirsty.mp3
6270,sk,ExampleSentences/sk/im_thirsty.mp3
6270,sl,ExampleSentences/sl/im_thirsty.mp3
6270,sv,ExampleSentences/sv/im_thirsty.mp3
6270,ta,ExampleSentences/ta/im_thirsty.mp3
6270,te,ExampleSentences/te/im_thirsty.mp3
6270,th,ExampleSentences/th/im_thirsty.mp3
6270,tr,ExampleSentences/tr/im_thirsty.mp3
6270,uk,ExampleSentences/uk/im_thirsty.mp3
6270,ur,ExampleSentences/ur/im_thirsty.mp3
6270,vi,ExampleSentences/vi/im_thirsty.mp3
6270,zh,ExampleSentences/zh/im_thirsty.mp3
6271,en,ExampleSentences/en/can_i_see_the_menu.mp3
6271,ar,ExampleSentences/ar/can_i_see_the_menu.mp3
6271,bg,ExampleSentences/bg/can_i_see_the_menu.mp3
6271,bn,ExampleSentences/bn/can_i_see_the_menu.mp3
6271,ca,ExampleSentences/ca/can_i_see_the_menu.mp3
6271,cs,ExampleSentences/cs/can_i_see_the_menu.mp3
6271,da,ExampleSentences/da/can_i_see_the_menu.mp3
6271,de,ExampleSentences/de/can_i_see_the_menu.mp3
6271,el,ExampleSentences/el/can_i_see_the_menu.mp3
6271,es,ExampleSentences/es/can_i_see_the_menu.mp3
6271,et,ExampleSentences/et/can_i_see_the_menu.mp3
6271,eu,ExampleSentences/eu/can_i_see_the_menu.mp3
6271,fi,ExampleSentences/fi/can_i_see_the_menu.mp3
6271,fr,ExampleSentences/fr/can_i_see_the_menu.mp3
6271,gu,ExampleSentences/gu/can_i_see_the_menu.mp3
6271,he,ExampleSentences/he/can_i_see_the_menu.mp3
6271,hi,ExampleSentences/hi/can_i_see_the_menu.mp3
6271,hr,ExampleSentences/hr/can_i_see_the_menu.mp3
6271,hu,ExampleSentences/hu/can_i_see_the_menu.mp3
6271,id,ExampleSentences/id/can_i_see_the_menu.mp3
6271,is,ExampleSentences/is/can_i_see_the_menu.mp3
6271,it,ExampleSentences/it/can_i_see_the_menu.mp3
6271,ja,ExampleSentences/ja/can_i_see_the_menu.mp3
6271,ko,ExampleSentences/ko/can_i_see_the_menu.mp3
6271,lt,ExampleSentences/lt/can_i_see_the_menu.mp3
6271,lv,ExampleSentences/lv/can_i_see_the_menu.mp3
6271,ml,ExampleSentences/ml/can_i_see_the_menu.mp3
6271,mr,ExampleSentences/mr/can_i_see_the_menu.mp3
6271,nl,ExampleSentences/nl/can_i_see_the_menu.mp3
6271,no,ExampleSentences/no/can_i_see_the_menu.mp3
6271,pl,ExampleSentences/pl/can_i_see_the_menu.mp3
6271,pt,ExampleSentences/pt/can_i_see_the_menu.mp3
6271,ro,ExampleSentences/ro/can_i_see_the_menu.mp3
6271,ru,ExampleSentences/ru/can_i_see_the_menu.mp3
6271,sk,ExampleSentences/sk/can_i_see_the_menu.mp3
6271,sl,ExampleSentences/sl/can_i_see_the_menu.mp3
6271,sv,ExampleSentences/sv/can_i_see_the_menu.mp3
6271,ta,ExampleSentences/ta/can_i_see_the_menu.mp3
6271,te,ExampleSentences/te/can_i_see_the_menu.mp3
6271,th,ExampleSentences/th/can_i_see_the_menu.mp3
6271,tr,ExampleSentences/tr/can_i_see_the_menu.mp3
6271,uk,ExampleSentences/uk/can_i_see_the_menu.mp3
6271,ur,ExampleSentences/ur/can_i_see_the_menu.mp3
6271,vi,ExampleSentences/vi/can_i_see_the_menu.mp3
6271,zh,ExampleSentences/zh/can_i_see_the_menu.mp3
6185,en,ExampleSentences/en/i_would_like_this.mp3
6185,ar,ExampleSentences/ar/i_would_like_this.mp3
6185,bg,ExampleSentences/bg/i_would_like_this.mp3
6185,bn,ExampleSentences/bn/i_would_like_this.mp3
6185,ca,ExampleSentences/ca/i_would_like_this.mp3
6185,cs,ExampleSentences/cs/i_would_like_this.mp3
6185,da,ExampleSentences/da/i_would_like_this.mp3
6185,de,ExampleSentences/de/i_would_like_this.mp3
6185,el,ExampleSentences/el/i_would_like_this.mp3
6185,es,ExampleSentences/es/i_would_like_this.mp3
6185,et,ExampleSentences/et/i_would_like_this.mp3
6185,eu,ExampleSentences/eu/i_would_like_this.mp3
6185,fi,ExampleSentences/fi/i_would_like_this.mp3
6185,fr,ExampleSentences/fr/i_would_like_this.mp3
6185,gu,ExampleSentences/gu/i_would_like_this.mp3
6185,he,ExampleSentences/he/i_would_like_this.mp3
6185,hi,ExampleSentences/hi/i_would_like_this.mp3
6185,hr,ExampleSentences/hr/i_would_like_this.mp3
6185,hu,ExampleSentences/hu/i_would_like_this.mp3
6185,id,ExampleSentences/id/i_would_like_this.mp3
6185,is,ExampleSentences/is/i_would_like_this.mp3
6185,it,ExampleSentences/it/i_would_like_this.mp3
6185,ja,ExampleSentences/ja/i_would_like_this.mp3
6185,ko,ExampleSentences/ko/i_would_like_this.mp3
6185,lt,ExampleSentences/lt/i_would_like_this.mp3
6185,lv,ExampleSentences/lv/i_would_like_this.mp3
6185,ml,ExampleSentences/ml/i_would_like_this.mp3
6185,mr,ExampleSentences/mr/i_would_like_this.mp3
6185,nl,ExampleSentences/nl/i_would_like_this.mp3
6185,no,ExampleSentences/no/i_would_like_this.mp3
6185,pl,ExampleSentences/pl/i_would_like_this.mp3
6185,pt,ExampleSentences/pt/i_would_like_this.mp3
6185,ro,ExampleSentences/ro/i_would_like_this.mp3
6185,ru,ExampleSentences/ru/i_would_like_this.mp3
6185,sk,ExampleSentences/sk/i_would_like_this.mp3
6185,sl,ExampleSentences/sl/i_would_like_this.mp3
6185,sv,ExampleSentences/sv/i_would_like_this.mp3
6185,ta,ExampleSentences/ta/i_would_like_this.mp3
6185,te,ExampleSentences/te/i_would_like_this.mp3
6185,th,ExampleSentences/th/i_would_like_this.mp3
6185,tr,ExampleSentences/tr/i_would_like_this.mp3
6185,uk,ExampleSentences/uk/i_would_like_this.mp3
6185,ur,ExampleSentences/ur/i_would_like_this.mp3
6185,vi,ExampleSentences/vi/i_would_like_this.mp3
6185,zh,ExampleSentences/zh/i_would_like_this.mp3
6099,en,ExampleSentences/en/ill_have_the_chicken.mp3
6099,ar,ExampleSentences/ar/ill_have_the_chicken.mp3
6099,bg,ExampleSentences/bg/ill_have_the_chicken.mp3
6099,bn,ExampleSentences/bn/ill_have_the_chicken.mp3
6099,ca,ExampleSentences/ca/ill_have_the_chicken.mp3
6099,cs,ExampleSentences/cs/ill_have_the_chicken.mp3
6099,da,ExampleSentences/da/ill_have_the_chicken.mp3
6099,de,ExampleSentences/de/ill_have_the_chicken.mp3
6099,el,ExampleSentences/el/ill_have_the_chicken.mp3
6099,es,ExampleSentences/es/ill_have_the_chicken.mp3
6099,et,ExampleSentences/et/ill_have_the_chicken.mp3
6099,eu,ExampleSentences/eu/ill_have_the_chicken.mp3
6099,fi,ExampleSentences/fi/ill_have_the_chicken.mp3
6099,fr,ExampleSentences/fr/ill_have_the_chicken.mp3
6099,gu,ExampleSentences/gu/ill_have_the_chicken.mp3
6099,he,ExampleSentences/he/ill_have_the_chicken.mp3
6099,hi,ExampleSentences/hi/ill_have_the_chicken.mp3
6099,hr,ExampleSentences/hr/ill_have_the_chicken.mp3
6099,hu,ExampleSentences/hu/ill_have_the_chicken.mp3
6099,id,ExampleSentences/id/ill_have_the_chicken.mp3
6099,is,ExampleSentences/is/ill_have_the_chicken.mp3
6099,it,ExampleSentences/it/ill_have_the_chicken.mp3
6099,ja,ExampleSentences/ja/ill_have_the_chicken.mp3
6099,ko,ExampleSentences/ko/ill_have_the_chicken.mp3
6099,lt,ExampleSentences/lt/ill_have_the_chicken.mp3
6099,lv,ExampleSentences/lv/ill_have_the_chicken.mp3
6099,ml,ExampleSentences/ml/ill_have_the_chicken.mp3
6099,mr,ExampleSentences/mr/ill_have_the_chicken.mp3
6099,nl,ExampleSentences/nl/ill_have_the_chicken.mp3
6099,no,ExampleSentences/no/ill_have_the_chicken.mp3
6099,pl,ExampleSentences/pl/ill_have_the_chicken.mp3
6099,pt,ExampleSentences/pt/ill_have_the_chicken.mp3
6099,ro,ExampleSentences/ro/ill_have_the_chicken.mp3
6099,ru,ExampleSentences/ru/ill_have_the_chicken.mp3
6099,sk,ExampleSentences/sk/ill_have_the_chicken.mp3
6099,sl,ExampleSentences/sl/ill_have_the_chicken.mp3
6099,sv,ExampleSentences/sv/ill_have_the_chicken.mp3
6099,ta,ExampleSentences/ta/ill_have_the_chicken.mp3
6099,te,ExampleSentences/te/ill_have_the_chicken.mp3
6099,th,ExampleSentences/th/ill_have_the_chicken.mp3
6099,tr,ExampleSentences/tr/ill_have_the_chicken.mp3
6099,uk,ExampleSentences/uk/ill_have_the_chicken.mp3
6099,ur,ExampleSentences/ur/ill_have_the_chicken.mp3
6099,vi,ExampleSentences/vi/ill_have_the_chicken.mp3
6099,zh,ExampleSentences/zh/ill_have_the_chicken.mp3
6100,en,ExampleSentences/en/no_onions_please.mp3
6100,ar,ExampleSentences/ar/no_onions_please.mp3
6100,bg,ExampleSentences/bg/no_onions_please.mp3
6100,bn,ExampleSentences/bn/no_onions_please.mp3
6100,ca,ExampleSentences/ca/no_onions_please.mp3
6100,cs,ExampleSentences/cs/no_onions_please.mp3
6100,da,ExampleSentences/da/no_onions_please.mp3
6100,de,ExampleSentences/de/no_onions_please.mp3
6100,el,ExampleSentences/el/no_onions_please.mp3
6100,es,ExampleSentences/es/no_onions_please.mp3
6100,et,ExampleSentences/et/no_onions_please.mp3
6100,eu,ExampleSentences/eu/no_onions_please.mp3
6100,fi,ExampleSentences/fi/no_onions_please.mp3
6100,fr,ExampleSentences/fr/no_onions_please.mp3
6100,gu,ExampleSentences/gu/no_onions_please.mp3
6100,he,ExampleSentences/he/no_onions_please.mp3
6100,hi,ExampleSentences/hi/no_onions_please.mp3
6100,hr,ExampleSentences/hr/no_onions_please.mp3
6100,hu,ExampleSentences/hu/no_onions_please.mp3
6100,id,ExampleSentences/id/no_onions_please.mp3
6100,is,ExampleSentences/is/no_onions_please.mp3
6100,it,ExampleSentences/it/no_onions_please.mp3
6100,ja,ExampleSentences/ja/no_onions_please.mp3
6100,ko,ExampleSentences/ko/no_onions_please.mp3
6100,lt,ExampleSentences/lt/no_onions_please.mp3
6100,lv,ExampleSentences/lv/no_onions_please.mp3
6100,ml,ExampleSentences/ml/no_onions_please.mp3
6100,mr,ExampleSentences/mr/no_onions_please.mp3
6100,nl,ExampleSentences/nl/no_onions_please.mp3
6100,no,ExampleSentences/no/no_onions_please.mp3
6100,pl,ExampleSentences/pl/no_onions_please.mp3
6100,pt,ExampleSentences/pt/no_onions_please.mp3
6100,ro,ExampleSentences/ro/no_onions_please.mp3
6100,ru,ExampleSentences/ru/no_onions_please.mp3
6100,sk,ExampleSentences/sk/no_onions_please.mp3
6100,sl,ExampleSentences/sl/no_onions_please.mp3
6100,sv,ExampleSentences/sv/no_onions_please.mp3
6100,ta,ExampleSentences/ta/no_onions_please.mp3
6100,te,ExampleSentences/te/no_onions_please.mp3
6100,th,ExampleSentences/th/no_onions_please.mp3
6100,tr,ExampleSentences/tr/no_onions_please.mp3
6100,uk,ExampleSentences/uk/no_onions_please.mp3
6100,ur,ExampleSentences/ur/no_onions_please.mp3
6100,vi,ExampleSentences/vi/no_onions_please.mp3
6100,zh,ExampleSentences/zh/no_onions_please.mp3
6101,en,ExampleSentences/en/can_i_get_some_water.mp3
6101,ar,ExampleSentences/ar/can_i_get_some_water.mp3
6101,bg,ExampleSentences/bg/can_i_get_some_water.mp3
6101,bn,ExampleSentences/bn/can_i_get_some_water.mp3
6101,ca,ExampleSentences/ca/can_i_get_some_water.mp3
6101,cs,ExampleSentences/cs/can_i_get_some_water.mp3
6101,da,ExampleSentences/da/can_i_get_some_water.mp3
6101,de,ExampleSentences/de/can_i_get_some_water.mp3
6101,el,ExampleSentences/el/can_i_get_some_water.mp3
6101,es,ExampleSentences/es/can_i_get_some_water.mp3
6101,et,ExampleSentences/et/can_i_get_some_water.mp3
6101,eu,ExampleSentences/eu/can_i_get_some_water.mp3
6101,fi,ExampleSentences/fi/can_i_get_some_water.mp3
6101,fr,ExampleSentences/fr/can_i_get_some_water.mp3
6101,gu,ExampleSentences/gu/can_i_get_some_water.mp3
6101,he,ExampleSentences/he/can_i_get_some_water.mp3
6101,hi,ExampleSentences/hi/can_i_get_some_water.mp3
6101,hr,ExampleSentences/hr/can_i_get_some_water.mp3
6101,hu,ExampleSentences/hu/can_i_get_some_water.mp3
6101,id,ExampleSentences/id/can_i_get_some_water.mp3
6101,is,ExampleSentences/is/can_i_get_some_water.mp3
6101,it,ExampleSentences/it/can_i_get_some_water.mp3
6101,ja,ExampleSentences/ja/can_i_get_some_water.mp3
6101,ko,ExampleSentences/ko/can_i_get_some_water.mp3
6101,lt,ExampleSentences/lt/can_i_get_some_water.mp3
6101,lv,ExampleSentences/lv/can_i_get_some_water.mp3
6101,ml,ExampleSentences/ml/can_i_get_some_water.mp3
6101,mr,ExampleSentences/mr/can_i_get_some_water.mp3
6101,nl,ExampleSentences/nl/can_i_get_some_water.mp3
6101,no,ExampleSentences/no/can_i_get_some_water.mp3
6101,pl,ExampleSentences/pl/can_i_get_some_water.mp3
6101,pt,ExampleSentences/pt/can_i_get_some_water.mp3
6101,ro,ExampleSentences/ro/can_i_get_some_water.mp3
6101,ru,ExampleSentences/ru/can_i_get_some_water.mp3
6101,sk,ExampleSentences/sk/can_i_get_some_water.mp3
6101,sl,ExampleSentences/sl/can_i_get_some_water.mp3
6101,sv,ExampleSentences/sv/can_i_get_some_water.mp3
6101,ta,ExampleSentences/ta/can_i_get_some_water.mp3
6101,te,ExampleSentences/te/can_i_get_some_water.mp3
6101,th,ExampleSentences/th/can_i_get_some_water.mp3
6101,tr,ExampleSentences/tr/can_i_get_some_water.mp3
6101,uk,ExampleSentences/uk/can_i_get_some_water.mp3
6101,ur,ExampleSentences/ur/can_i_get_some_water.mp3
6101,vi,ExampleSentences/vi/can_i_get_some_water.mp3
6101,zh,ExampleSentences/zh/can_i_get_some_water.mp3
6189,en,ExampleSentences/en/the_bill_please.mp3
6189,ar,ExampleSentences/ar/the_bill_please.mp3
6189,bg,ExampleSentences/bg/the_bill_please.mp3
6189,bn,ExampleSentences/bn/the_bill_please.mp3
6189,ca,ExampleSentences/ca/the_bill_please.mp3
6189,cs,ExampleSentences/cs/the_bill_please.mp3
6189,da,ExampleSentences/da/the_bill_please.mp3
6189,de,ExampleSentences/de/the_bill_please.mp3
6189,el,ExampleSentences/el/the_bill_please.mp3
6189,es,ExampleSentences/es/the_bill_please.mp3
6189,et,ExampleSentences/et/the_bill_please.mp3
6189,eu,ExampleSentences/eu/the_bill_please.mp3
6189,fi,ExampleSentences/fi/the_bill_please.mp3
6189,fr,ExampleSentences/fr/the_bill_please.mp3
6189,gu,ExampleSentences/gu/the_bill_please.mp3
6189,he,ExampleSentences/he/the_bill_please.mp3
6189,hi,ExampleSentences/hi/the_bill_please.mp3
6189,hr,ExampleSentences/hr/the_bill_please.mp3
6189,hu,ExampleSentences/hu/the_bill_please.mp3
6189,id,ExampleSentences/id/the_bill_please.mp3
6189,is,ExampleSentences/is/the_bill_please.mp3
6189,it,ExampleSentences/it/the_bill_please.mp3
6189,ja,ExampleSentences/ja/the_bill_please.mp3
6189,ko,ExampleSentences/ko/the_bill_please.mp3
6189,lt,ExampleSentences/lt/the_bill_please.mp3
6189,lv,ExampleSentences/lv/the_bill_please.mp3
6189,ml,ExampleSentences/ml/the_bill_please.mp3
6189,mr,ExampleSentences/mr/the_bill_please.mp3
6189,nl,ExampleSentences/nl/the_bill_please.mp3
6189,no,ExampleSentences/no/the_bill_please.mp3
6189,pl,ExampleSentences/pl/the_bill_please.mp3
6189,pt,ExampleSentences/pt/the_bill_please.mp3
6189,ro,ExampleSentences/ro/the_bill_please.mp3
6189,ru,ExampleSentences/ru/the_bill_please.mp3
6189,sk,ExampleSentences/sk/the_bill_please.mp3
6189,sl,ExampleSentences/sl/the_bill_please.mp3
6189,sv,ExampleSentences/sv/the_bill_please.mp3
6189,ta,ExampleSentences/ta/the_bill_please.mp3
6189,te,ExampleSentences/te/the_bill_please.mp3
6189,th,ExampleSentences/th/the_bill_please.mp3
6189,tr,ExampleSentences/tr/the_bill_please.mp3
6189,uk,ExampleSentences/uk/the_bill_please.mp3
6189,ur,ExampleSentences/ur/the_bill_please.mp3
6189,vi,ExampleSentences/vi/the_bill_please.mp3
6189,zh,ExampleSentences/zh/the_bill_please.mp3
6190,en,ExampleSentences/en/it_was_delicious.mp3
6190,ar,ExampleSentences/ar/it_was_delicious.mp3
6190,bg,ExampleSentences/bg/it_was_delicious.mp3
6190,bn,ExampleSentences/bn/it_was_delicious.mp3
6190,ca,ExampleSentences/ca/it_was_delicious.mp3
6190,cs,ExampleSentences/cs/it_was_delicious.mp3
6190,da,ExampleSentences/da/it_was_delicious.mp3
6190,de,ExampleSentences/de/it_was_delicious.mp3
6190,el,ExampleSentences/el/it_was_delicious.mp3
6190,es,ExampleSentences/es/it_was_delicious.mp3
6190,et,ExampleSentences/et/it_was_delicious.mp3
6190,eu,ExampleSentences/eu/it_was_delicious.mp3
6190,fi,ExampleSentences/fi/it_was_delicious.mp3
6190,fr,ExampleSentences/fr/it_was_delicious.mp3
6190,gu,ExampleSentences/gu/it_was_delicious.mp3
6190,he,ExampleSentences/he/it_was_delicious.mp3
6190,hi,ExampleSentences/hi/it_was_delicious.mp3
6190,hr,ExampleSentences/hr/it_was_delicious.mp3
6190,hu,ExampleSentences/hu/it_was_delicious.mp3
6190,id,ExampleSentences/id/it_was_delicious.mp3
6190,is,ExampleSentences/is/it_was_delicious.mp3
6190,it,ExampleSentences/it/it_was_delicious.mp3
6190,ja,ExampleSentences/ja/it_was_delicious.mp3
6190,ko,ExampleSentences/ko/it_was_delicious.mp3
6190,lt,ExampleSentences/lt/it_was_delicious.mp3
6190,lv,ExampleSentences/lv/it_was_delicious.mp3
6190,ml,ExampleSentences/ml/it_was_delicious.mp3
6190,mr,ExampleSentences/mr/it_was_delicious.mp3
6190,nl,ExampleSentences/nl/it_was_delicious.mp3
6190,no,ExampleSentences/no/it_was_delicious.mp3
6190,pl,ExampleSentences/pl/it_was_delicious.mp3
6190,pt,ExampleSentences/pt/it_was_delicious.mp3
6190,ro,ExampleSentences/ro/it_was_delicious.mp3
6190,ru,ExampleSentences/ru/it_was_delicious.mp3
6190,sk,ExampleSentences/sk/it_was_delicious.mp3
6190,sl,ExampleSentences/sl/it_was_delicious.mp3
6190,sv,ExampleSentences/sv/it_was_delicious.mp3
6190,ta,ExampleSentences/ta/it_was_delicious.mp3
6190,te,ExampleSentences/te/it_was_delicious.mp3
6190,th,ExampleSentences/th/it_was_delicious.mp3
6190,tr,ExampleSentences/tr/it_was_delicious.mp3
6190,uk,ExampleSentences/uk/it_was_delicious.mp3
6190,ur,ExampleSentences/ur/it_was_delicious.mp3
6190,vi,ExampleSentences/vi/it_was_delicious.mp3
6190,zh,ExampleSentences/zh/it_was_delicious.mp3
6278,en,ExampleSentences/en/thank_you_for_the_meal.mp3
6278,ar,ExampleSentences/ar/thank_you_for_the_meal.mp3
6278,bg,ExampleSentences/bg/thank_you_for_the_meal.mp3
6278,bn,ExampleSentences/bn/thank_you_for_the_meal.mp3
6278,ca,ExampleSentences/ca/thank_you_for_the_meal.mp3
6278,cs,ExampleSentences/cs/thank_you_for_the_meal.mp3
6278,da,ExampleSentences/da/thank_you_for_the_meal.mp3
6278,de,ExampleSentences/de/thank_you_for_the_meal.mp3
6278,el,ExampleSentences/el/thank_you_for_the_meal.mp3
6278,es,ExampleSentences/es/thank_you_for_the_meal.mp3
6278,et,ExampleSentences/et/thank_you_for_the_meal.mp3
6278,eu,ExampleSentences/eu/thank_you_for_the_meal.mp3
6278,fi,ExampleSentences/fi/thank_you_for_the_meal.mp3
6278,fr,ExampleSentences/fr/thank_you_for_the_meal.mp3
6278,gu,ExampleSentences/gu/thank_you_for_the_meal.mp3
6278,he,ExampleSentences/he/thank_you_for_the_meal.mp3
6278,hi,ExampleSentences/hi/thank_you_for_the_meal.mp3
6278,hr,ExampleSentences/hr/thank_you_for_the_meal.mp3
6278,hu,ExampleSentences/hu/thank_you_for_the_meal.mp3
6278,id,ExampleSentences/id/thank_you_for_the_meal.mp3
6278,is,ExampleSentences/is/thank_you_for_the_meal.mp3
6278,it,ExampleSentences/it/thank_you_for_the_meal.mp3
6278,ja,ExampleSentences/ja/thank_you_for_the_meal.mp3
6278,ko,ExampleSentences/ko/thank_you_for_the_meal.mp3
6278,lt,ExampleSentences/lt/thank_you_for_the_meal.mp3
6278,lv,ExampleSentences/lv/thank_you_for_the_meal.mp3
6278,ml,ExampleSentences/ml/thank_you_for_the_meal.mp3
6278,mr,ExampleSentences/mr/thank_you_for_the_meal.mp3
6278,nl,ExampleSentences/nl/thank_you_for_the_meal.mp3
6278,no,ExampleSentences/no/thank_you_for_the_meal.mp3
6278,pl,ExampleSentences/pl/thank_you_for_the_meal.mp3
6278,pt,ExampleSentences/pt/thank_you_for_the_meal.mp3
6278,ro,ExampleSentences/ro/thank_you_for_the_meal.mp3
6278,ru,ExampleSentences/ru/thank_you_for_the_meal.mp3
6278,sk,ExampleSentences/sk/thank_you_for_the_meal.mp3
6278,sl,ExampleSentences/sl/thank_you_for_the_meal.mp3
6278,sv,ExampleSentences/sv/thank_you_for_the_meal.mp3
6278,ta,ExampleSentences/ta/thank_you_for_the_meal.mp3
6278,te,ExampleSentences/te/thank_you_for_the_meal.mp3
6278,th,ExampleSentences/th/thank_you_for_the_meal.mp3
6278,tr,ExampleSentences/tr/thank_you_for_the_meal.mp3
6278,uk,ExampleSentences/uk/thank_you_for_the_meal.mp3
6278,ur,ExampleSentences/ur/thank_you_for_the_meal.mp3
6278,vi,ExampleSentences/vi/thank_you_for_the_meal.mp3
6278,zh,ExampleSentences/zh/thank_you_for_the_meal.mp3
6105,en,ExampleSentences/en/im_tired.mp3
6105,ar,ExampleSentences/ar/im_tired.mp3
6105,bg,ExampleSentences/bg/im_tired.mp3
6105,bn,ExampleSentences/bn/im_tired.mp3
6105,ca,ExampleSentences/ca/im_tired.mp3
6105,cs,ExampleSentences/cs/im_tired.mp3
6105,da,ExampleSentences/da/im_tired.mp3
6105,de,ExampleSentences/de/im_tired.mp3
6105,el,ExampleSentences/el/im_tired.mp3
6105,es,ExampleSentences/es/im_tired.mp3
6105,et,ExampleSentences/et/im_tired.mp3
6105,eu,ExampleSentences/eu/im_tired.mp3
6105,fi,ExampleSentences/fi/im_tired.mp3
6105,fr,ExampleSentences/fr/im_tired.mp3
6105,gu,ExampleSentences/gu/im_tired.mp3
6105,he,ExampleSentences/he/im_tired.mp3
6105,hi,ExampleSentences/hi/im_tired.mp3
6105,hr,ExampleSentences/hr/im_tired.mp3
6105,hu,ExampleSentences/hu/im_tired.mp3
6105,id,ExampleSentences/id/im_tired.mp3
6105,is,ExampleSentences/is/im_tired.mp3
6105,it,ExampleSentences/it/im_tired.mp3
6105,ja,ExampleSentences/ja/im_tired.mp3
6105,ko,ExampleSentences/ko/im_tired.mp3
6105,lt,ExampleSentences/lt/im_tired.mp3
6105,lv,ExampleSentences/lv/im_tired.mp3
6105,ml,ExampleSentences/ml/im_tired.mp3
6105,mr,ExampleSentences/mr/im_tired.mp3
6105,nl,ExampleSentences/nl/im_tired.mp3
6105,no,ExampleSentences/no/im_tired.mp3
6105,pl,ExampleSentences/pl/im_tired.mp3
6105,pt,ExampleSentences/pt/im_tired.mp3
6105,ro,ExampleSentences/ro/im_tired.mp3
6105,ru,ExampleSentences/ru/im_tired.mp3
6105,sk,ExampleSentences/sk/im_tired.mp3
6105,sl,ExampleSentences/sl/im_tired.mp3
6105,sv,ExampleSentences/sv/im_tired.mp3
6105,ta,ExampleSentences/ta/im_tired.mp3
6105,te,ExampleSentences/te/im_tired.mp3
6105,th,ExampleSentences/th/im_tired.mp3
6105,tr,ExampleSentences/tr/im_tired.mp3
6105,uk,ExampleSentences/uk/im_tired.mp3
6105,ur,ExampleSentences/ur/im_tired.mp3
6105,vi,ExampleSentences/vi/im_tired.mp3
6105,zh,ExampleSentences/zh/im_tired.mp3
6106,en,ExampleSentences/en/im_busy.mp3
6106,ar,ExampleSentences/ar/im_busy.mp3
6106,bg,ExampleSentences/bg/im_busy.mp3
6106,bn,ExampleSentences/bn/im_busy.mp3
6106,ca,ExampleSentences/ca/im_busy.mp3
6106,cs,ExampleSentences/cs/im_busy.mp3
6106,da,ExampleSentences/da/im_busy.mp3
6106,de,ExampleSentences/de/im_busy.mp3
6106,el,ExampleSentences/el/im_busy.mp3
6106,es,ExampleSentences/es/im_busy.mp3
6106,et,ExampleSentences/et/im_busy.mp3
6106,eu,ExampleSentences/eu/im_busy.mp3
6106,fi,ExampleSentences/fi/im_busy.mp3
6106,fr,ExampleSentences/fr/im_busy.mp3
6106,gu,ExampleSentences/gu/im_busy.mp3
6106,he,ExampleSentences/he/im_busy.mp3
6106,hi,ExampleSentences/hi/im_busy.mp3
6106,hr,ExampleSentences/hr/im_busy.mp3
6106,hu,ExampleSentences/hu/im_busy.mp3
6106,id,ExampleSentences/id/im_busy.mp3
6106,is,ExampleSentences/is/im_busy.mp3
6106,it,ExampleSentences/it/im_busy.mp3
6106,ja,ExampleSentences/ja/im_busy.mp3
6106,ko,ExampleSentences/ko/im_busy.mp3
6106,lt,ExampleSentences/lt/im_busy.mp3
6106,lv,ExampleSentences/lv/im_busy.mp3
6106,ml,ExampleSentences/ml/im_busy.mp3
6106,mr,ExampleSentences/mr/im_busy.mp3
6106,nl,ExampleSentences/nl/im_busy.mp3
6106,no,ExampleSentences/no/im_busy.mp3
6106,pl,ExampleSentences/pl/im_busy.mp3
6106,pt,ExampleSentences/pt/im_busy.mp3
6106,ro,ExampleSentences/ro/im_busy.mp3
6106,ru,ExampleSentences/ru/im_busy.mp3
6106,sk,ExampleSentences/sk/im_busy.mp3
6106,sl,ExampleSentences/sl/im_busy.mp3
6106,sv,ExampleSentences/sv/im_busy.mp3
6106,ta,ExampleSentences/ta/im_busy.mp3
6106,te,ExampleSentences/te/im_busy.mp3
6106,th,ExampleSentences/th/im_busy.mp3
6106,tr,ExampleSentences/tr/im_busy.mp3
6106,uk,ExampleSentences/uk/im_busy.mp3
6106,ur,ExampleSentences/ur/im_busy.mp3
6106,vi,ExampleSentences/vi/im_busy.mp3
6106,zh,ExampleSentences/zh/im_busy.mp3
6281,en,ExampleSentences/en/im_bored.mp3
6281,ar,ExampleSentences/ar/im_bored.mp3
6281,bg,ExampleSentences/bg/im_bored.mp3
6281,bn,ExampleSentences/bn/im_bored.mp3
6281,ca,ExampleSentences/ca/im_bored.mp3
6281,cs,ExampleSentences/cs/im_bored.mp3
6281,da,ExampleSentences/da/im_bored.mp3
6281,de,ExampleSentences/de/im_bored.mp3
6281,el,ExampleSentences/el/im_bored.mp3
6281,es,ExampleSentences/es/im_bored.mp3
6281,et,ExampleSentences/et/im_bored.mp3
6281,eu,ExampleSentences/eu/im_bored.mp3
6281,fi,ExampleSentences/fi/im_bored.mp3
6281,fr,ExampleSentences/fr/im_bored.mp3
6281,gu,ExampleSentences/gu/im_bored.mp3
6281,he,ExampleSentences/he/im_bored.mp3
6281,hi,ExampleSentences/hi/im_bored.mp3
6281,hr,ExampleSentences/hr/im_bored.mp3
6281,hu,ExampleSentences/hu/im_bored.mp3
6281,id,ExampleSentences/id/im_bored.mp3
6281,is,ExampleSentences/is/im_bored.mp3
6281,it,ExampleSentences/it/im_bored.mp3
6281,ja,ExampleSentences/ja/im_bored.mp3
6281,ko,ExampleSentences/ko/im_bored.mp3
6281,lt,ExampleSentences/lt/im_bored.mp3
6281,lv,ExampleSentences/lv/im_bored.mp3
6281,ml,ExampleSentences/ml/im_bored.mp3
6281,mr,ExampleSentences/mr/im_bored.mp3
6281,nl,ExampleSentences/nl/im_bored.mp3
6281,no,ExampleSentences/no/im_bored.mp3
6281,pl,ExampleSentences/pl/im_bored.mp3
6281,pt,ExampleSentences/pt/im_bored.mp3
6281,ro,ExampleSentences/ro/im_bored.mp3
6281,ru,ExampleSentences/ru/im_bored.mp3
6281,sk,ExampleSentences/sk/im_bored.mp3
6281,sl,ExampleSentences/sl/im_bored.mp3
6281,sv,ExampleSentences/sv/im_bored.mp3
6281,ta,ExampleSentences/ta/im_bored.mp3
6281,te,ExampleSentences/te/im_bored.mp3
6281,th,ExampleSentences/th/im_bored.mp3
6281,tr,ExampleSentences/tr/im_bored.mp3
6281,uk,ExampleSentences/uk/im_bored.mp3
6281,ur,ExampleSentences/ur/im_bored.mp3
6281,vi,ExampleSentences/vi/im_bored.mp3
6281,zh,ExampleSentences/zh/im_bored.mp3
6195,en,ExampleSentences/en/im_ready.mp3
6195,ar,ExampleSentences/ar/im_ready.mp3
6195,bg,ExampleSentences/bg/im_ready.mp3
6195,bn,ExampleSentences/bn/im_ready.mp3
6195,ca,ExampleSentences/ca/im_ready.mp3
6195,cs,ExampleSentences/cs/im_ready.mp3
6195,da,ExampleSentences/da/im_ready.mp3
6195,de,ExampleSentences/de/im_ready.mp3
6195,el,ExampleSentences/el/im_ready.mp3
6195,es,ExampleSentences/es/im_ready.mp3
6195,et,ExampleSentences/et/im_ready.mp3
6195,eu,ExampleSentences/eu/im_ready.mp3
6195,fi,ExampleSentences/fi/im_ready.mp3
6195,fr,ExampleSentences/fr/im_ready.mp3
6195,gu,ExampleSentences/gu/im_ready.mp3
6195,he,ExampleSentences/he/im_ready.mp3
6195,hi,ExampleSentences/hi/im_ready.mp3
6195,hr,ExampleSentences/hr/im_ready.mp3
6195,hu,ExampleSentences/hu/im_ready.mp3
6195,id,ExampleSentences/id/im_ready.mp3
6195,is,ExampleSentences/is/im_ready.mp3
6195,it,ExampleSentences/it/im_ready.mp3
6195,ja,ExampleSentences/ja/im_ready.mp3
6195,ko,ExampleSentences/ko/im_ready.mp3
6195,lt,ExampleSentences/lt/im_ready.mp3
6195,lv,ExampleSentences/lv/im_ready.mp3
6195,ml,ExampleSentences/ml/im_ready.mp3
6195,mr,ExampleSentences/mr/im_ready.mp3
6195,nl,ExampleSentences/nl/im_ready.mp3
6195,no,ExampleSentences/no/im_ready.mp3
6195,pl,ExampleSentences/pl/im_ready.mp3
6195,pt,ExampleSentences/pt/im_ready.mp3
6195,ro,ExampleSentences/ro/im_ready.mp3
6195,ru,ExampleSentences/ru/im_ready.mp3
6195,sk,ExampleSentences/sk/im_ready.mp3
6195,sl,ExampleSentences/sl/im_ready.mp3
6195,sv,ExampleSentences/sv/im_ready.mp3
6195,ta,ExampleSentences/ta/im_ready.mp3
6195,te,ExampleSentences/te/im_ready.mp3
6195,th,ExampleSentences/th/im_ready.mp3
6195,tr,ExampleSentences/tr/im_ready.mp3
6195,uk,ExampleSentences/uk/im_ready.mp3
6195,ur,ExampleSentences/ur/im_ready.mp3
6195,vi,ExampleSentences/vi/im_ready.mp3
6195,zh,ExampleSentences/zh/im_ready.mp3
6109,en,ExampleSentences/en/lets_go.mp3
6109,ar,ExampleSentences/ar/lets_go.mp3
6109,bg,ExampleSentences/bg/lets_go.mp3
6109,bn,ExampleSentences/bn/lets_go.mp3
6109,ca,ExampleSentences/ca/lets_go.mp3
6109,cs,ExampleSentences/cs/lets_go.mp3
6109,da,ExampleSentences/da/lets_go.mp3
6109,de,ExampleSentences/de/lets_go.mp3
6109,el,ExampleSentences/el/lets_go.mp3
6109,es,ExampleSentences/es/lets_go.mp3
6109,et,ExampleSentences/et/lets_go.mp3
6109,eu,ExampleSentences/eu/lets_go.mp3
6109,fi,ExampleSentences/fi/lets_go.mp3
6109,fr,ExampleSentences/fr/lets_go.mp3
6109,gu,ExampleSentences/gu/lets_go.mp3
6109,he,ExampleSentences/he/lets_go.mp3
6109,hi,ExampleSentences/hi/lets_go.mp3
6109,hr,ExampleSentences/hr/lets_go.mp3
6109,hu,ExampleSentences/hu/lets_go.mp3
6109,id,ExampleSentences/id/lets_go.mp3
6109,is,ExampleSentences/is/lets_go.mp3
6109,it,ExampleSentences/it/lets_go.mp3
6109,ja,ExampleSentences/ja/lets_go.mp3
6109,ko,ExampleSentences/ko/lets_go.mp3
6109,lt,ExampleSentences/lt/lets_go.mp3
6109,lv,ExampleSentences/lv/lets_go.mp3
6109,ml,ExampleSentences/ml/lets_go.mp3
6109,mr,ExampleSentences/mr/lets_go.mp3
6109,nl,ExampleSentences/nl/lets_go.mp3
6109,no,ExampleSentences/no/lets_go.mp3
6109,pl,ExampleSentences/pl/lets_go.mp3
6109,pt,ExampleSentences/pt/lets_go.mp3
6109,ro,ExampleSentences/ro/lets_go.mp3
6109,ru,ExampleSentences/ru/lets_go.mp3
6109,sk,ExampleSentences/sk/lets_go.mp3
6109,sl,ExampleSentences/sl/lets_go.mp3
6109,sv,ExampleSentences/sv/lets_go.mp3
6109,ta,ExampleSentences/ta/lets_go.mp3
6109,te,ExampleSentences/te/lets_go.mp3
6109,th,ExampleSentences/th/lets_go.mp3
6109,tr,ExampleSentences/tr/lets_go.mp3
6109,uk,ExampleSentences/uk/lets_go.mp3
6109,ur,ExampleSentences/ur/lets_go.mp3
6109,vi,ExampleSentences/vi/lets_go.mp3
6109,zh,ExampleSentences/zh/lets_go.mp3
6110,en,ExampleSentences/en/wait_a_minute.mp3
6110,ar,ExampleSentences/ar/wait_a_minute.mp3
6110,bg,ExampleSentences/bg/wait_a_minute.mp3
6110,bn,ExampleSentences/bn/wait_a_minute.mp3
6110,ca,ExampleSentences/ca/wait_a_minute.mp3
6110,cs,ExampleSentences/cs/wait_a_minute.mp3
6110,da,ExampleSentences/da/wait_a_minute.mp3
6110,de,ExampleSentences/de/wait_a_minute.mp3
6110,el,ExampleSentences/el/wait_a_minute.mp3
6110,es,ExampleSentences/es/wait_a_minute.mp3
6110,et,ExampleSentences/et/wait_a_minute.mp3
6110,eu,ExampleSentences/eu/wait_a_minute.mp3
6110,fi,ExampleSentences/fi/wait_a_minute.mp3
6110,fr,ExampleSentences/fr/wait_a_minute.mp3
6110,gu,ExampleSentences/gu/wait_a_minute.mp3
6110,he,ExampleSentences/he/wait_a_minute.mp3
6110,hi,ExampleSentences/hi/wait_a_minute.mp3
6110,hr,ExampleSentences/hr/wait_a_minute.mp3
6110,hu,ExampleSentences/hu/wait_a_minute.mp3
6110,id,ExampleSentences/id/wait_a_minute.mp3
6110,is,ExampleSentences/is/wait_a_minute.mp3
6110,it,ExampleSentences/it/wait_a_minute.mp3
6110,ja,ExampleSentences/ja/wait_a_minute.mp3
6110,ko,ExampleSentences/ko/wait_a_minute.mp3
6110,lt,ExampleSentences/lt/wait_a_minute.mp3
6110,lv,ExampleSentences/lv/wait_a_minute.mp3
6110,ml,ExampleSentences/ml/wait_a_minute.mp3
6110,mr,ExampleSentences/mr/wait_a_minute.mp3
6110,nl,ExampleSentences/nl/wait_a_minute.mp3
6110,no,ExampleSentences/no/wait_a_minute.mp3
6110,pl,ExampleSentences/pl/wait_a_minute.mp3
6110,pt,ExampleSentences/pt/wait_a_minute.mp3
6110,ro,ExampleSentences/ro/wait_a_minute.mp3
6110,ru,ExampleSentences/ru/wait_a_minute.mp3
6110,sk,ExampleSentences/sk/wait_a_minute.mp3
6110,sl,ExampleSentences/sl/wait_a_minute.mp3
6110,sv,ExampleSentences/sv/wait_a_minute.mp3
6110,ta,ExampleSentences/ta/wait_a_minute.mp3
6110,te,ExampleSentences/te/wait_a_minute.mp3
6110,th,ExampleSentences/th/wait_a_minute.mp3
6110,tr,ExampleSentences/tr/wait_a_minute.mp3
6110,uk,ExampleSentences/uk/wait_a_minute.mp3
6110,ur,ExampleSentences/ur/wait_a_minute.mp3
6110,vi,ExampleSentences/vi/wait_a_minute.mp3
6110,zh,ExampleSentences/zh/wait_a_minute.mp3
6198,en,ExampleSentences/en/just_a_second.mp3
6198,ar,ExampleSentences/ar/just_a_second.mp3
6198,bg,ExampleSentences/bg/just_a_second.mp3
6198,bn,ExampleSentences/bn/just_a_second.mp3
6198,ca,ExampleSentences/ca/just_a_second.mp3
6198,cs,ExampleSentences/cs/just_a_second.mp3
6198,da,ExampleSentences/da/just_a_second.mp3
6198,de,ExampleSentences/de/just_a_second.mp3
6198,el,ExampleSentences/el/just_a_second.mp3
6198,es,ExampleSentences/es/just_a_second.mp3
6198,et,ExampleSentences/et/just_a_second.mp3
6198,eu,ExampleSentences/eu/just_a_second.mp3
6198,fi,ExampleSentences/fi/just_a_second.mp3
6198,fr,ExampleSentences/fr/just_a_second.mp3
6198,gu,ExampleSentences/gu/just_a_second.mp3
6198,he,ExampleSentences/he/just_a_second.mp3
6198,hi,ExampleSentences/hi/just_a_second.mp3
6198,hr,ExampleSentences/hr/just_a_second.mp3
6198,hu,ExampleSentences/hu/just_a_second.mp3
6198,id,ExampleSentences/id/just_a_second.mp3
6198,is,ExampleSentences/is/just_a_second.mp3
6198,it,ExampleSentences/it/just_a_second.mp3
6198,ja,ExampleSentences/ja/just_a_second.mp3
6198,ko,ExampleSentences/ko/just_a_second.mp3
6198,lt,ExampleSentences/lt/just_a_second.mp3
6198,lv,ExampleSentences/lv/just_a_second.mp3
6198,ml,ExampleSentences/ml/just_a_second.mp3
6198,mr,ExampleSentences/mr/just_a_second.mp3
6198,nl,ExampleSentences/nl/just_a_second.mp3
6198,no,ExampleSentences/no/just_a_second.mp3
6198,pl,ExampleSentences/pl/just_a_second.mp3
6198,pt,ExampleSentences/pt/just_a_second.mp3
6198,ro,ExampleSentences/ro/just_a_second.mp3
6198,ru,ExampleSentences/ru/just_a_second.mp3
6198,sk,ExampleSentences/sk/just_a_second.mp3
6198,sl,ExampleSentences/sl/just_a_second.mp3
6198,sv,ExampleSentences/sv/just_a_second.mp3
6198,ta,ExampleSentences/ta/just_a_second.mp3
6198,te,ExampleSentences/te/just_a_second.mp3
6198,th,ExampleSentences/th/just_a_second.mp3
6198,tr,ExampleSentences/tr/just_a_second.mp3
6198,uk,ExampleSentences/uk/just_a_second.mp3
6198,ur,ExampleSentences/ur/just_a_second.mp3
6198,vi,ExampleSentences/vi/just_a_second.mp3
6198,zh,ExampleSentences/zh/just_a_second.mp3
6112,en,ExampleSentences/en/im_coming.mp3
6112,ar,ExampleSentences/ar/im_coming.mp3
6112,bg,ExampleSentences/bg/im_coming.mp3
6112,bn,ExampleSentences/bn/im_coming.mp3
6112,ca,ExampleSentences/ca/im_coming.mp3
6112,cs,ExampleSentences/cs/im_coming.mp3
6112,da,ExampleSentences/da/im_coming.mp3
6112,de,ExampleSentences/de/im_coming.mp3
6112,el,ExampleSentences/el/im_coming.mp3
6112,es,ExampleSentences/es/im_coming.mp3
6112,et,ExampleSentences/et/im_coming.mp3
6112,eu,ExampleSentences/eu/im_coming.mp3
6112,fi,ExampleSentences/fi/im_coming.mp3
6112,fr,ExampleSentences/fr/im_coming.mp3
6112,gu,ExampleSentences/gu/im_coming.mp3
6112,he,ExampleSentences/he/im_coming.mp3
6112,hi,ExampleSentences/hi/im_coming.mp3
6112,hr,ExampleSentences/hr/im_coming.mp3
6112,hu,ExampleSentences/hu/im_coming.mp3
6112,id,ExampleSentences/id/im_coming.mp3
6112,is,ExampleSentences/is/im_coming.mp3
6112,it,ExampleSentences/it/im_coming.mp3
6112,ja,ExampleSentences/ja/im_coming.mp3
6112,ko,ExampleSentences/ko/im_coming.mp3
6112,lt,ExampleSentences/lt/im_coming.mp3
6112,lv,ExampleSentences/lv/im_coming.mp3
6112,ml,ExampleSentences/ml/im_coming.mp3
6112,mr,ExampleSentences/mr/im_coming.mp3
6112,nl,ExampleSentences/nl/im_coming.mp3
6112,no,ExampleSentences/no/im_coming.mp3
6112,pl,ExampleSentences/pl/im_coming.mp3
6112,pt,ExampleSentences/pt/im_coming.mp3
6112,ro,ExampleSentences/ro/im_coming.mp3
6112,ru,ExampleSentences/ru/im_coming.mp3
6112,sk,ExampleSentences/sk/im_coming.mp3
6112,sl,ExampleSentences/sl/im_coming.mp3
6112,sv,ExampleSentences/sv/im_coming.mp3
6112,ta,ExampleSentences/ta/im_coming.mp3
6112,te,ExampleSentences/te/im_coming.mp3
6112,th,ExampleSentences/th/im_coming.mp3
6112,tr,ExampleSentences/tr/im_coming.mp3
6112,uk,ExampleSentences/uk/im_coming.mp3
6112,ur,ExampleSentences/ur/im_coming.mp3
6112,vi,ExampleSentences/vi/im_coming.mp3
6112,zh,ExampleSentences/zh/im_coming.mp3
6287,en,ExampleSentences/en/im_at_home.mp3
6287,ar,ExampleSentences/ar/im_at_home.mp3
6287,bg,ExampleSentences/bg/im_at_home.mp3
6287,bn,ExampleSentences/bn/im_at_home.mp3
6287,ca,ExampleSentences/ca/im_at_home.mp3
6287,cs,ExampleSentences/cs/im_at_home.mp3
6287,da,ExampleSentences/da/im_at_home.mp3
6287,de,ExampleSentences/de/im_at_home.mp3
6287,el,ExampleSentences/el/im_at_home.mp3
6287,es,ExampleSentences/es/im_at_home.mp3
6287,et,ExampleSentences/et/im_at_home.mp3
6287,eu,ExampleSentences/eu/im_at_home.mp3
6287,fi,ExampleSentences/fi/im_at_home.mp3
6287,fr,ExampleSentences/fr/im_at_home.mp3
6287,gu,ExampleSentences/gu/im_at_home.mp3
6287,he,ExampleSentences/he/im_at_home.mp3
6287,hi,ExampleSentences/hi/im_at_home.mp3
6287,hr,ExampleSentences/hr/im_at_home.mp3
6287,hu,ExampleSentences/hu/im_at_home.mp3
6287,id,ExampleSentences/id/im_at_home.mp3
6287,is,ExampleSentences/is/im_at_home.mp3
6287,it,ExampleSentences/it/im_at_home.mp3
6287,ja,ExampleSentences/ja/im_at_home.mp3
6287,ko,ExampleSentences/ko/im_at_home.mp3
6287,lt,ExampleSentences/lt/im_at_home.mp3
6287,lv,ExampleSentences/lv/im_at_home.mp3
6287,ml,ExampleSentences/ml/im_at_home.mp3
6287,mr,ExampleSentences/mr/im_at_home.mp3
6287,nl,ExampleSentences/nl/im_at_home.mp3
6287,no,ExampleSentences/no/im_at_home.mp3
6287,pl,ExampleSentences/pl/im_at_home.mp3
6287,pt,ExampleSentences/pt/im_at_home.mp3
6287,ro,ExampleSentences/ro/im_at_home.mp3
6287,ru,ExampleSentences/ru/im_at_home.mp3
6287,sk,ExampleSentences/sk/im_at_home.mp3
6287,sl,ExampleSentences/sl/im_at_home.mp3
6287,sv,ExampleSentences/sv/im_at_home.mp3
6287,ta,ExampleSentences/ta/im_at_home.mp3
6287,te,ExampleSentences/te/im_at_home.mp3
6287,th,ExampleSentences/th/im_at_home.mp3
6287,tr,ExampleSentences/tr/im_at_home.mp3
6287,uk,ExampleSentences/uk/im_at_home.mp3
6287,ur,ExampleSentences/ur/im_at_home.mp3
6287,vi,ExampleSentences/vi/im_at_home.mp3
6287,zh,ExampleSentences/zh/im_at_home.mp3
6114,en,ExampleSentences/en/im_at_work.mp3
6114,ar,ExampleSentences/ar/im_at_work.mp3
6114,bg,ExampleSentences/bg/im_at_work.mp3
6114,bn,ExampleSentences/bn/im_at_work.mp3
6114,ca,ExampleSentences/ca/im_at_work.mp3
6114,cs,ExampleSentences/cs/im_at_work.mp3
6114,da,ExampleSentences/da/im_at_work.mp3
6114,de,ExampleSentences/de/im_at_work.mp3
6114,el,ExampleSentences/el/im_at_work.mp3
6114,es,ExampleSentences/es/im_at_work.mp3
6114,et,ExampleSentences/et/im_at_work.mp3
6114,eu,ExampleSentences/eu/im_at_work.mp3
6114,fi,ExampleSentences/fi/im_at_work.mp3
6114,fr,ExampleSentences/fr/im_at_work.mp3
6114,gu,ExampleSentences/gu/im_at_work.mp3
6114,he,ExampleSentences/he/im_at_work.mp3
6114,hi,ExampleSentences/hi/im_at_work.mp3
6114,hr,ExampleSentences/hr/im_at_work.mp3
6114,hu,ExampleSentences/hu/im_at_work.mp3
6114,id,ExampleSentences/id/im_at_work.mp3
6114,is,ExampleSentences/is/im_at_work.mp3
6114,it,ExampleSentences/it/im_at_work.mp3
6114,ja,ExampleSentences/ja/im_at_work.mp3
6114,ko,ExampleSentences/ko/im_at_work.mp3
6114,lt,ExampleSentences/lt/im_at_work.mp3
6114,lv,ExampleSentences/lv/im_at_work.mp3
6114,ml,ExampleSentences/ml/im_at_work.mp3
6114,mr,ExampleSentences/mr/im_at_work.mp3
6114,nl,ExampleSentences/nl/im_at_work.mp3
6114,no,ExampleSentences/no/im_at_work.mp3
6114,pl,ExampleSentences/pl/im_at_work.mp3
6114,pt,ExampleSentences/pt/im_at_work.mp3
6114,ro,ExampleSentences/ro/im_at_work.mp3
6114,ru,ExampleSentences/ru/im_at_work.mp3
6114,sk,ExampleSentences/sk/im_at_work.mp3
6114,sl,ExampleSentences/sl/im_at_work.mp3
6114,sv,ExampleSentences/sv/im_at_work.mp3
6114,ta,ExampleSentences/ta/im_at_work.mp3
6114,te,ExampleSentences/te/im_at_work.mp3
6114,th,ExampleSentences/th/im_at_work.mp3
6114,tr,ExampleSentences/tr/im_at_work.mp3
6114,uk,ExampleSentences/uk/im_at_work.mp3
6114,ur,ExampleSentences/ur/im_at_work.mp3
6114,vi,ExampleSentences/vi/im_at_work.mp3
6114,zh,ExampleSentences/zh/im_at_work.mp3
6115,en,ExampleSentences/en/im_just_looking.mp3
6115,ar,ExampleSentences/ar/im_just_looking.mp3
6115,bg,ExampleSentences/bg/im_just_looking.mp3
6115,bn,ExampleSentences/bn/im_just_looking.mp3
6115,ca,ExampleSentences/ca/im_just_looking.mp3
6115,cs,ExampleSentences/cs/im_just_looking.mp3
6115,da,ExampleSentences/da/im_just_looking.mp3
6115,de,ExampleSentences/de/im_just_looking.mp3
6115,el,ExampleSentences/el/im_just_looking.mp3
6115,es,ExampleSentences/es/im_just_looking.mp3
6115,et,ExampleSentences/et/im_just_looking.mp3
6115,eu,ExampleSentences/eu/im_just_looking.mp3
6115,fi,ExampleSentences/fi/im_just_looking.mp3
6115,fr,ExampleSentences/fr/im_just_looking.mp3
6115,gu,ExampleSentences/gu/im_just_looking.mp3
6115,he,ExampleSentences/he/im_just_looking.mp3
6115,hi,ExampleSentences/hi/im_just_looking.mp3
6115,hr,ExampleSentences/hr/im_just_looking.mp3
6115,hu,ExampleSentences/hu/im_just_looking.mp3
6115,id,ExampleSentences/id/im_just_looking.mp3
6115,is,ExampleSentences/is/im_just_looking.mp3
6115,it,ExampleSentences/it/im_just_looking.mp3
6115,ja,ExampleSentences/ja/im_just_looking.mp3
6115,ko,ExampleSentences/ko/im_just_looking.mp3
6115,lt,ExampleSentences/lt/im_just_looking.mp3
6115,lv,ExampleSentences/lv/im_just_looking.mp3
6115,ml,ExampleSentences/ml/im_just_looking.mp3
6115,mr,ExampleSentences/mr/im_just_looking.mp3
6115,nl,ExampleSentences/nl/im_just_looking.mp3
6115,no,ExampleSentences/no/im_just_looking.mp3
6115,pl,ExampleSentences/pl/im_just_looking.mp3
6115,pt,ExampleSentences/pt/im_just_looking.mp3
6115,ro,ExampleSentences/ro/im_just_looking.mp3
6115,ru,ExampleSentences/ru/im_just_looking.mp3
6115,sk,ExampleSentences/sk/im_just_looking.mp3
6115,sl,ExampleSentences/sl/im_just_looking.mp3
6115,sv,ExampleSentences/sv/im_just_looking.mp3
6115,ta,ExampleSentences/ta/im_just_looking.mp3
6115,te,ExampleSentences/te/im_just_looking.mp3
6115,th,ExampleSentences/th/im_just_looking.mp3
6115,tr,ExampleSentences/tr/im_just_looking.mp3
6115,uk,ExampleSentences/uk/im_just_looking.mp3
6115,ur,ExampleSentences/ur/im_just_looking.mp3
6115,vi,ExampleSentences/vi/im_just_looking.mp3
6115,zh,ExampleSentences/zh/im_just_looking.mp3
6116,en,ExampleSentences/en/do_you_have_this_in_another_size.mp3
6116,ar,ExampleSentences/ar/do_you_have_this_in_another_size.mp3
6116,bg,ExampleSentences/bg/do_you_have_this_in_another_size.mp3
6116,bn,ExampleSentences/bn/do_you_have_this_in_another_size.mp3
6116,ca,ExampleSentences/ca/do_you_have_this_in_another_size.mp3
6116,cs,ExampleSentences/cs/do_you_have_this_in_another_size.mp3
6116,da,ExampleSentences/da/do_you_have_this_in_another_size.mp3
6116,de,ExampleSentences/de/do_you_have_this_in_another_size.mp3
6116,el,ExampleSentences/el/do_you_have_this_in_another_size.mp3
6116,es,ExampleSentences/es/do_you_have_this_in_another_size.mp3
6116,et,ExampleSentences/et/do_you_have_this_in_another_size.mp3
6116,eu,ExampleSentences/eu/do_you_have_this_in_another_size.mp3
6116,fi,ExampleSentences/fi/do_you_have_this_in_another_size.mp3
6116,fr,ExampleSentences/fr/do_you_have_this_in_another_size.mp3
6116,gu,ExampleSentences/gu/do_you_have_this_in_another_size.mp3
6116,he,ExampleSentences/he/do_you_have_this_in_another_size.mp3
6116,hi,ExampleSentences/hi/do_you_have_this_in_another_size.mp3
6116,hr,ExampleSentences/hr/do_you_have_this_in_another_size.mp3
6116,hu,ExampleSentences/hu/do_you_have_this_in_another_size.mp3
6116,id,ExampleSentences/id/do_you_have_this_in_another_size.mp3
6116,is,ExampleSentences/is/do_you_have_this_in_another_size.mp3
6116,it,ExampleSentences/it/do_you_have_this_in_another_size.mp3
6116,ja,ExampleSentences/ja/do_you_have_this_in_another_size.mp3
6116,ko,ExampleSentences/ko/do_you_have_this_in_another_size.mp3
6116,lt,ExampleSentences/lt/do_you_have_this_in_another_size.mp3
6116,lv,ExampleSentences/lv/do_you_have_this_in_another_size.mp3
6116,ml,ExampleSentences/ml/do_you_have_this_in_another_size.mp3
6116,mr,ExampleSentences/mr/do_you_have_this_in_another_size.mp3
6116,nl,ExampleSentences/nl/do_you_have_this_in_another_size.mp3
6116,no,ExampleSentences/no/do_you_have_this_in_another_size.mp3
6116,pl,ExampleSentences/pl/do_you_have_this_in_another_size.mp3
6116,pt,ExampleSentences/pt/do_you_have_this_in_another_size.mp3
6116,ro,ExampleSentences/ro/do_you_have_this_in_another_size.mp3
6116,ru,ExampleSentences/ru/do_you_have_this_in_another_size.mp3
6116,sk,ExampleSentences/sk/do_you_have_this_in_another_size.mp3
6116,sl,ExampleSentences/sl/do_you_have_this_in_another_size.mp3
6116,sv,ExampleSentences/sv/do_you_have_this_in_another_size.mp3
6116,ta,ExampleSentences/ta/do_you_have_this_in_another_size.mp3
6116,te,ExampleSentences/te/do_you_have_this_in_another_size.mp3
6116,th,ExampleSentences/th/do_you_have_this_in_another_size.mp3
6116,tr,ExampleSentences/tr/do_you_have_this_in_another_size.mp3
6116,uk,ExampleSentences/uk/do_you_have_this_in_another_size.mp3
6116,ur,ExampleSentences/ur/do_you_have_this_in_another_size.mp3
6116,vi,ExampleSentences/vi/do_you_have_this_in_another_size.mp3
6116,zh,ExampleSentences/zh/do_you_have_this_in_another_size.mp3
6117,en,ExampleSentences/en/do_you_have_this_in_another_color.mp3
6117,ar,ExampleSentences/ar/do_you_have_this_in_another_color.mp3
6117,bg,ExampleSentences/bg/do_you_have_this_in_another_color.mp3
6117,bn,ExampleSentences/bn/do_you_have_this_in_another_color.mp3
6117,ca,ExampleSentences/ca/do_you_have_this_in_another_color.mp3
6117,cs,ExampleSentences/cs/do_you_have_this_in_another_color.mp3
6117,da,ExampleSentences/da/do_you_have_this_in_another_color.mp3
6117,de,ExampleSentences/de/do_you_have_this_in_another_color.mp3
6117,el,ExampleSentences/el/do_you_have_this_in_another_color.mp3
6117,es,ExampleSentences/es/do_you_have_this_in_another_color.mp3
6117,et,ExampleSentences/et/do_you_have_this_in_another_color.mp3
6117,eu,ExampleSentences/eu/do_you_have_this_in_another_color.mp3
6117,fi,ExampleSentences/fi/do_you_have_this_in_another_color.mp3
6117,fr,ExampleSentences/fr/do_you_have_this_in_another_color.mp3
6117,gu,ExampleSentences/gu/do_you_have_this_in_another_color.mp3
6117,he,ExampleSentences/he/do_you_have_this_in_another_color.mp3
6117,hi,ExampleSentences/hi/do_you_have_this_in_another_color.mp3
6117,hr,ExampleSentences/hr/do_you_have_this_in_another_color.mp3
6117,hu,ExampleSentences/hu/do_you_have_this_in_another_color.mp3
6117,id,ExampleSentences/id/do_you_have_this_in_another_color.mp3
6117,is,ExampleSentences/is/do_you_have_this_in_another_color.mp3
6117,it,ExampleSentences/it/do_you_have_this_in_another_color.mp3
6117,ja,ExampleSentences/ja/do_you_have_this_in_another_color.mp3
6117,ko,ExampleSentences/ko/do_you_have_this_in_another_color.mp3
6117,lt,ExampleSentences/lt/do_you_have_this_in_another_color.mp3
6117,lv,ExampleSentences/lv/do_you_have_this_in_another_color.mp3
6117,ml,ExampleSentences/ml/do_you_have_this_in_another_color.mp3
6117,mr,ExampleSentences/mr/do_you_have_this_in_another_color.mp3
6117,nl,ExampleSentences/nl/do_you_have_this_in_another_color.mp3
6117,no,ExampleSentences/no/do_you_have_this_in_another_color.mp3
6117,pl,ExampleSentences/pl/do_you_have_this_in_another_color.mp3
6117,pt,ExampleSentences/pt/do_you_have_this_in_another_color.mp3
6117,ro,ExampleSentences/ro/do_you_have_this_in_another_color.mp3
6117,ru,ExampleSentences/ru/do_you_have_this_in_another_color.mp3
6117,sk,ExampleSentences/sk/do_you_have_this_in_another_color.mp3
6117,sl,ExampleSentences/sl/do_you_have_this_in_another_color.mp3
6117,sv,ExampleSentences/sv/do_you_have_this_in_another_color.mp3
6117,ta,ExampleSentences/ta/do_you_have_this_in_another_color.mp3
6117,te,ExampleSentences/te/do_you_have_this_in_another_color.mp3
6117,th,ExampleSentences/th/do_you_have_this_in_another_color.mp3
6117,tr,ExampleSentences/tr/do_you_have_this_in_another_color.mp3
6117,uk,ExampleSentences/uk/do_you_have_this_in_another_color.mp3
6117,ur,ExampleSentences/ur/do_you_have_this_in_another_color.mp3
6117,vi,ExampleSentences/vi/do_you_have_this_in_another_color.mp3
6117,zh,ExampleSentences/zh/do_you_have_this_in_another_color.mp3
6118,en,ExampleSentences/en/its_too_expensive.mp3
6118,ar,ExampleSentences/ar/its_too_expensive.mp3
6118,bg,ExampleSentences/bg/its_too_expensive.mp3
6118,bn,ExampleSentences/bn/its_too_expensive.mp3
6118,ca,ExampleSentences/ca/its_too_expensive.mp3
6118,cs,ExampleSentences/cs/its_too_expensive.mp3
6118,da,ExampleSentences/da/its_too_expensive.mp3
6118,de,ExampleSentences/de/its_too_expensive.mp3
6118,el,ExampleSentences/el/its_too_expensive.mp3
6118,es,ExampleSentences/es/its_too_expensive.mp3
6118,et,ExampleSentences/et/its_too_expensive.mp3
6118,eu,ExampleSentences/eu/its_too_expensive.mp3
6118,fi,ExampleSentences/fi/its_too_expensive.mp3
6118,fr,ExampleSentences/fr/its_too_expensive.mp3
6118,gu,ExampleSentences/gu/its_too_expensive.mp3
6118,he,ExampleSentences/he/its_too_expensive.mp3
6118,hi,ExampleSentences/hi/its_too_expensive.mp3
6118,hr,ExampleSentences/hr/its_too_expensive.mp3
6118,hu,ExampleSentences/hu/its_too_expensive.mp3
6118,id,ExampleSentences/id/its_too_expensive.mp3
6118,is,ExampleSentences/is/its_too_expensive.mp3
6118,it,ExampleSentences/it/its_too_expensive.mp3
6118,ja,ExampleSentences/ja/its_too_expensive.mp3
6118,ko,ExampleSentences/ko/its_too_expensive.mp3
6118,lt,ExampleSentences/lt/its_too_expensive.mp3
6118,lv,ExampleSentences/lv/its_too_expensive.mp3
6118,ml,ExampleSentences/ml/its_too_expensive.mp3
6118,mr,ExampleSentences/mr/its_too_expensive.mp3
6118,nl,ExampleSentences/nl/its_too_expensive.mp3
6118,no,ExampleSentences/no/its_too_expensive.mp3
6118,pl,ExampleSentences/pl/its_too_expensive.mp3
6118,pt,ExampleSentences/pt/its_too_expensive.mp3
6118,ro,ExampleSentences/ro/its_too_expensive.mp3
6118,ru,ExampleSentences/ru/its_too_expensive.mp3
6118,sk,ExampleSentences/sk/its_too_expensive.mp3
6118,sl,ExampleSentences/sl/its_too_expensive.mp3
6118,sv,ExampleSentences/sv/its_too_expensive.mp3
6118,ta,ExampleSentences/ta/its_too_expensive.mp3
6118,te,ExampleSentences/te/its_too_expensive.mp3
6118,th,ExampleSentences/th/its_too_expensive.mp3
6118,tr,ExampleSentences/tr/its_too_expensive.mp3
6118,uk,ExampleSentences/uk/its_too_expensive.mp3
6118,ur,ExampleSentences/ur/its_too_expensive.mp3
6118,vi,ExampleSentences/vi/its_too_expensive.mp3
6118,zh,ExampleSentences/zh/its_too_expensive.mp3
6119,en,ExampleSentences/en/thats_cheap.mp3
6119,ar,ExampleSentences/ar/thats_cheap.mp3
6119,bg,ExampleSentences/bg/thats_cheap.mp3
6119,bn,ExampleSentences/bn/thats_cheap.mp3
6119,ca,ExampleSentences/ca/thats_cheap.mp3
6119,cs,ExampleSentences/cs/thats_cheap.mp3
6119,da,ExampleSentences/da/thats_cheap.mp3
6119,de,ExampleSentences/de/thats_cheap.mp3
6119,el,ExampleSentences/el/thats_cheap.mp3
6119,es,ExampleSentences/es/thats_cheap.mp3
6119,et,ExampleSentences/et/thats_cheap.mp3
6119,eu,ExampleSentences/eu/thats_cheap.mp3
6119,fi,ExampleSentences/fi/thats_cheap.mp3
6119,fr,ExampleSentences/fr/thats_cheap.mp3
6119,gu,ExampleSentences/gu/thats_cheap.mp3
6119,he,ExampleSentences/he/thats_cheap.mp3
6119,hi,ExampleSentences/hi/thats_cheap.mp3
6119,hr,ExampleSentences/hr/thats_cheap.mp3
6119,hu,ExampleSentences/hu/thats_cheap.mp3
6119,id,ExampleSentences/id/thats_cheap.mp3
6119,is,ExampleSentences/is/thats_cheap.mp3
6119,it,ExampleSentences/it/thats_cheap.mp3
6119,ja,ExampleSentences/ja/thats_cheap.mp3
6119,ko,ExampleSentences/ko/thats_cheap.mp3
6119,lt,ExampleSentences/lt/thats_cheap.mp3
6119,lv,ExampleSentences/lv/thats_cheap.mp3
6119,ml,ExampleSentences/ml/thats_cheap.mp3
6119,mr,ExampleSentences/mr/thats_cheap.mp3
6119,nl,ExampleSentences/nl/thats_cheap.mp3
6119,no,ExampleSentences/no/thats_cheap.mp3
6119,pl,ExampleSentences/pl/thats_cheap.mp3
6119,pt,ExampleSentences/pt/thats_cheap.mp3
6119,ro,ExampleSentences/ro/thats_cheap.mp3
6119,ru,ExampleSentences/ru/thats_cheap.mp3
6119,sk,ExampleSentences/sk/thats_cheap.mp3
6119,sl,ExampleSentences/sl/thats_cheap.mp3
6119,sv,ExampleSentences/sv/thats_cheap.mp3
6119,ta,ExampleSentences/ta/thats_cheap.mp3
6119,te,ExampleSentences/te/thats_cheap.mp3
6119,th,ExampleSentences/th/thats_cheap.mp3
6119,tr,ExampleSentences/tr/thats_cheap.mp3
6119,uk,ExampleSentences/uk/thats_cheap.mp3
6119,ur,ExampleSentences/ur/thats_cheap.mp3
6119,vi,ExampleSentences/vi/thats_cheap.mp3
6119,zh,ExampleSentences/zh/thats_cheap.mp3
6294,en,ExampleSentences/en/ill_take_it.mp3
6294,ar,ExampleSentences/ar/ill_take_it.mp3
6294,bg,ExampleSentences/bg/ill_take_it.mp3
6294,bn,ExampleSentences/bn/ill_take_it.mp3
6294,ca,ExampleSentences/ca/ill_take_it.mp3
6294,cs,ExampleSentences/cs/ill_take_it.mp3
6294,da,ExampleSentences/da/ill_take_it.mp3
6294,de,ExampleSentences/de/ill_take_it.mp3
6294,el,ExampleSentences/el/ill_take_it.mp3
6294,es,ExampleSentences/es/ill_take_it.mp3
6294,et,ExampleSentences/et/ill_take_it.mp3
6294,eu,ExampleSentences/eu/ill_take_it.mp3
6294,fi,ExampleSentences/fi/ill_take_it.mp3
6294,fr,ExampleSentences/fr/ill_take_it.mp3
6294,gu,ExampleSentences/gu/ill_take_it.mp3
6294,he,ExampleSentences/he/ill_take_it.mp3
6294,hi,ExampleSentences/hi/ill_take_it.mp3
6294,hr,ExampleSentences/hr/ill_take_it.mp3
6294,hu,ExampleSentences/hu/ill_take_it.mp3
6294,id,ExampleSentences/id/ill_take_it.mp3
6294,is,ExampleSentences/is/ill_take_it.mp3
6294,it,ExampleSentences/it/ill_take_it.mp3
6294,ja,ExampleSentences/ja/ill_take_it.mp3
6294,ko,ExampleSentences/ko/ill_take_it.mp3
6294,lt,ExampleSentences/lt/ill_take_it.mp3
6294,lv,ExampleSentences/lv/ill_take_it.mp3
6294,ml,ExampleSentences/ml/ill_take_it.mp3
6294,mr,ExampleSentences/mr/ill_take_it.mp3
6294,nl,ExampleSentences/nl/ill_take_it.mp3
6294,no,ExampleSentences/no/ill_take_it.mp3
6294,pl,ExampleSentences/pl/ill_take_it.mp3
6294,pt,ExampleSentences/pt/ill_take_it.mp3
6294,ro,ExampleSentences/ro/ill_take_it.mp3
6294,ru,ExampleSentences/ru/ill_take_it.mp3
6294,sk,ExampleSentences/sk/ill_take_it.mp3
6294,sl,ExampleSentences/sl/ill_take_it.mp3
6294,sv,ExampleSentences/sv/ill_take_it.mp3
6294,ta,ExampleSentences/ta/ill_take_it.mp3
6294,te,ExampleSentences/te/ill_take_it.mp3
6294,th,ExampleSentences/th/ill_take_it.mp3
6294,tr,ExampleSentences/tr/ill_take_it.mp3
6294,uk,ExampleSentences/uk/ill_take_it.mp3
6294,ur,ExampleSentences/ur/ill_take_it.mp3
6294,vi,ExampleSentences/vi/ill_take_it.mp3
6294,zh,ExampleSentences/zh/ill_take_it.mp3
6208,en,ExampleSentences/en/can_i_pay_by_card.mp3
6208,ar,ExampleSentences/ar/can_i_pay_by_card.mp3
6208,bg,ExampleSentences/bg/can_i_pay_by_card.mp3
6208,bn,ExampleSentences/bn/can_i_pay_by_card.mp3
6208,ca,ExampleSentences/ca/can_i_pay_by_card.mp3
6208,cs,ExampleSentences/cs/can_i_pay_by_card.mp3
6208,da,ExampleSentences/da/can_i_pay_by_card.mp3
6208,de,ExampleSentences/de/can_i_pay_by_card.mp3
6208,el,ExampleSentences/el/can_i_pay_by_card.mp3
6208,es,ExampleSentences/es/can_i_pay_by_card.mp3
6208,et,ExampleSentences/et/can_i_pay_by_card.mp3
6208,eu,ExampleSentences/eu/can_i_pay_by_card.mp3
6208,fi,ExampleSentences/fi/can_i_pay_by_card.mp3
6208,fr,ExampleSentences/fr/can_i_pay_by_card.mp3
6208,gu,ExampleSentences/gu/can_i_pay_by_card.mp3
6208,he,ExampleSentences/he/can_i_pay_by_card.mp3
6208,hi,ExampleSentences/hi/can_i_pay_by_card.mp3
6208,hr,ExampleSentences/hr/can_i_pay_by_card.mp3
6208,hu,ExampleSentences/hu/can_i_pay_by_card.mp3
6208,id,ExampleSentences/id/can_i_pay_by_card.mp3
6208,is,ExampleSentences/is/can_i_pay_by_card.mp3
6208,it,ExampleSentences/it/can_i_pay_by_card.mp3
6208,ja,ExampleSentences/ja/can_i_pay_by_card.mp3
6208,ko,ExampleSentences/ko/can_i_pay_by_card.mp3
6208,lt,ExampleSentences/lt/can_i_pay_by_card.mp3
6208,lv,ExampleSentences/lv/can_i_pay_by_card.mp3
6208,ml,ExampleSentences/ml/can_i_pay_by_card.mp3
6208,mr,ExampleSentences/mr/can_i_pay_by_card.mp3
6208,nl,ExampleSentences/nl/can_i_pay_by_card.mp3
6208,no,ExampleSentences/no/can_i_pay_by_card.mp3
6208,pl,ExampleSentences/pl/can_i_pay_by_card.mp3
6208,pt,ExampleSentences/pt/can_i_pay_by_card.mp3
6208,ro,ExampleSentences/ro/can_i_pay_by_card.mp3
6208,ru,ExampleSentences/ru/can_i_pay_by_card.mp3
6208,sk,ExampleSentences/sk/can_i_pay_by_card.mp3
6208,sl,ExampleSentences/sl/can_i_pay_by_card.mp3
6208,sv,ExampleSentences/sv/can_i_pay_by_card.mp3
6208,ta,ExampleSentences/ta/can_i_pay_by_card.mp3
6208,te,ExampleSentences/te/can_i_pay_by_card.mp3
6208,th,ExampleSentences/th/can_i_pay_by_card.mp3
6208,tr,ExampleSentences/tr/can_i_pay_by_card.mp3
6208,uk,ExampleSentences/uk/can_i_pay_by_card.mp3
6208,ur,ExampleSentences/ur/can_i_pay_by_card.mp3
6208,vi,ExampleSentences/vi/can_i_pay_by_card.mp3
6208,zh,ExampleSentences/zh/can_i_pay_by_card.mp3
6209,en,ExampleSentences/en/do_you_accept_cash.mp3
6209,ar,ExampleSentences/ar/do_you_accept_cash.mp3
6209,bg,ExampleSentences/bg/do_you_accept_cash.mp3
6209,bn,ExampleSentences/bn/do_you_accept_cash.mp3
6209,ca,ExampleSentences/ca/do_you_accept_cash.mp3
6209,cs,ExampleSentences/cs/do_you_accept_cash.mp3
6209,da,ExampleSentences/da/do_you_accept_cash.mp3
6209,de,ExampleSentences/de/do_you_accept_cash.mp3
6209,el,ExampleSentences/el/do_you_accept_cash.mp3
6209,es,ExampleSentences/es/do_you_accept_cash.mp3
6209,et,ExampleSentences/et/do_you_accept_cash.mp3
6209,eu,ExampleSentences/eu/do_you_accept_cash.mp3
6209,fi,ExampleSentences/fi/do_you_accept_cash.mp3
6209,fr,ExampleSentences/fr/do_you_accept_cash.mp3
6209,gu,ExampleSentences/gu/do_you_accept_cash.mp3
6209,he,ExampleSentences/he/do_you_accept_cash.mp3
6209,hi,ExampleSentences/hi/do_you_accept_cash.mp3
6209,hr,ExampleSentences/hr/do_you_accept_cash.mp3
6209,hu,ExampleSentences/hu/do_you_accept_cash.mp3
6209,id,ExampleSentences/id/do_you_accept_cash.mp3
6209,is,ExampleSentences/is/do_you_accept_cash.mp3
6209,it,ExampleSentences/it/do_you_accept_cash.mp3
6209,ja,ExampleSentences/ja/do_you_accept_cash.mp3
6209,ko,ExampleSentences/ko/do_you_accept_cash.mp3
6209,lt,ExampleSentences/lt/do_you_accept_cash.mp3
6209,lv,ExampleSentences/lv/do_you_accept_cash.mp3
6209,ml,ExampleSentences/ml/do_you_accept_cash.mp3
6209,mr,ExampleSentences/mr/do_you_accept_cash.mp3
6209,nl,ExampleSentences/nl/do_you_accept_cash.mp3
6209,no,ExampleSentences/no/do_you_accept_cash.mp3
6209,pl,ExampleSentences/pl/do_you_accept_cash.mp3
6209,pt,ExampleSentences/pt/do_you_accept_cash.mp3
6209,ro,ExampleSentences/ro/do_you_accept_cash.mp3
6209,ru,ExampleSentences/ru/do_you_accept_cash.mp3
6209,sk,ExampleSentences/sk/do_you_accept_cash.mp3
6209,sl,ExampleSentences/sl/do_you_accept_cash.mp3
6209,sv,ExampleSentences/sv/do_you_accept_cash.mp3
6209,ta,ExampleSentences/ta/do_you_accept_cash.mp3
6209,te,ExampleSentences/te/do_you_accept_cash.mp3
6209,th,ExampleSentences/th/do_you_accept_cash.mp3
6209,tr,ExampleSentences/tr/do_you_accept_cash.mp3
6209,uk,ExampleSentences/uk/do_you_accept_cash.mp3
6209,ur,ExampleSentences/ur/do_you_accept_cash.mp3
6209,vi,ExampleSentences/vi/do_you_accept_cash.mp3
6209,zh,ExampleSentences/zh/do_you_accept_cash.mp3
6297,en,ExampleSentences/en/i_need_a_receipt.mp3
6297,ar,ExampleSentences/ar/i_need_a_receipt.mp3
6297,bg,ExampleSentences/bg/i_need_a_receipt.mp3
6297,bn,ExampleSentences/bn/i_need_a_receipt.mp3
6297,ca,ExampleSentences/ca/i_need_a_receipt.mp3
6297,cs,ExampleSentences/cs/i_need_a_receipt.mp3
6297,da,ExampleSentences/da/i_need_a_receipt.mp3
6297,de,ExampleSentences/de/i_need_a_receipt.mp3
6297,el,ExampleSentences/el/i_need_a_receipt.mp3
6297,es,ExampleSentences/es/i_need_a_receipt.mp3
6297,et,ExampleSentences/et/i_need_a_receipt.mp3
6297,eu,ExampleSentences/eu/i_need_a_receipt.mp3
6297,fi,ExampleSentences/fi/i_need_a_receipt.mp3
6297,fr,ExampleSentences/fr/i_need_a_receipt.mp3
6297,gu,ExampleSentences/gu/i_need_a_receipt.mp3
6297,he,ExampleSentences/he/i_need_a_receipt.mp3
6297,hi,ExampleSentences/hi/i_need_a_receipt.mp3
6297,hr,ExampleSentences/hr/i_need_a_receipt.mp3
6297,hu,ExampleSentences/hu/i_need_a_receipt.mp3
6297,id,ExampleSentences/id/i_need_a_receipt.mp3
6297,is,ExampleSentences/is/i_need_a_receipt.mp3
6297,it,ExampleSentences/it/i_need_a_receipt.mp3
6297,ja,ExampleSentences/ja/i_need_a_receipt.mp3
6297,ko,ExampleSentences/ko/i_need_a_receipt.mp3
6297,lt,ExampleSentences/lt/i_need_a_receipt.mp3
6297,lv,ExampleSentences/lv/i_need_a_receipt.mp3
6297,ml,ExampleSentences/ml/i_need_a_receipt.mp3
6297,mr,ExampleSentences/mr/i_need_a_receipt.mp3
6297,nl,ExampleSentences/nl/i_need_a_receipt.mp3
6297,no,ExampleSentences/no/i_need_a_receipt.mp3
6297,pl,ExampleSentences/pl/i_need_a_receipt.mp3
6297,pt,ExampleSentences/pt/i_need_a_receipt.mp3
6297,ro,ExampleSentences/ro/i_need_a_receipt.mp3
6297,ru,ExampleSentences/ru/i_need_a_receipt.mp3
6297,sk,ExampleSentences/sk/i_need_a_receipt.mp3
6297,sl,ExampleSentences/sl/i_need_a_receipt.mp3
6297,sv,ExampleSentences/sv/i_need_a_receipt.mp3
6297,ta,ExampleSentences/ta/i_need_a_receipt.mp3
6297,te,ExampleSentences/te/i_need_a_receipt.mp3
6297,th,ExampleSentences/th/i_need_a_receipt.mp3
6297,tr,ExampleSentences/tr/i_need_a_receipt.mp3
6297,uk,ExampleSentences/uk/i_need_a_receipt.mp3
6297,ur,ExampleSentences/ur/i_need_a_receipt.mp3
6297,vi,ExampleSentences/vi/i_need_a_receipt.mp3
6297,zh,ExampleSentences/zh/i_need_a_receipt.mp3
6124,en,ExampleSentences/en/is_there_a_discount.mp3
6124,ar,ExampleSentences/ar/is_there_a_discount.mp3
6124,bg,ExampleSentences/bg/is_there_a_discount.mp3
6124,bn,ExampleSentences/bn/is_there_a_discount.mp3
6124,ca,ExampleSentences/ca/is_there_a_discount.mp3
6124,cs,ExampleSentences/cs/is_there_a_discount.mp3
6124,da,ExampleSentences/da/is_there_a_discount.mp3
6124,de,ExampleSentences/de/is_there_a_discount.mp3
6124,el,ExampleSentences/el/is_there_a_discount.mp3
6124,es,ExampleSentences/es/is_there_a_discount.mp3
6124,et,ExampleSentences/et/is_there_a_discount.mp3
6124,eu,ExampleSentences/eu/is_there_a_discount.mp3
6124,fi,ExampleSentences/fi/is_there_a_discount.mp3
6124,fr,ExampleSentences/fr/is_there_a_discount.mp3
6124,gu,ExampleSentences/gu/is_there_a_discount.mp3
6124,he,ExampleSentences/he/is_there_a_discount.mp3
6124,hi,ExampleSentences/hi/is_there_a_discount.mp3
6124,hr,ExampleSentences/hr/is_there_a_discount.mp3
6124,hu,ExampleSentences/hu/is_there_a_discount.mp3
6124,id,ExampleSentences/id/is_there_a_discount.mp3
6124,is,ExampleSentences/is/is_there_a_discount.mp3
6124,it,ExampleSentences/it/is_there_a_discount.mp3
6124,ja,ExampleSentences/ja/is_there_a_discount.mp3
6124,ko,ExampleSentences/ko/is_there_a_discount.mp3
6124,lt,ExampleSentences/lt/is_there_a_discount.mp3
6124,lv,ExampleSentences/lv/is_there_a_discount.mp3
6124,ml,ExampleSentences/ml/is_there_a_discount.mp3
6124,mr,ExampleSentences/mr/is_there_a_discount.mp3
6124,nl,ExampleSentences/nl/is_there_a_discount.mp3
6124,no,ExampleSentences/no/is_there_a_discount.mp3
6124,pl,ExampleSentences/pl/is_there_a_discount.mp3
6124,pt,ExampleSentences/pt/is_there_a_discount.mp3
6124,ro,ExampleSentences/ro/is_there_a_discount.mp3
6124,ru,ExampleSentences/ru/is_there_a_discount.mp3
6124,sk,ExampleSentences/sk/is_there_a_discount.mp3
6124,sl,ExampleSentences/sl/is_there_a_discount.mp3
6124,sv,ExampleSentences/sv/is_there_a_discount.mp3
6124,ta,ExampleSentences/ta/is_there_a_discount.mp3
6124,te,ExampleSentences/te/is_there_a_discount.mp3
6124,th,ExampleSentences/th/is_there_a_discount.mp3
6124,tr,ExampleSentences/tr/is_there_a_discount.mp3
6124,uk,ExampleSentences/uk/is_there_a_discount.mp3
6124,ur,ExampleSentences/ur/is_there_a_discount.mp3
6124,vi,ExampleSentences/vi/is_there_a_discount.mp3
6124,zh,ExampleSentences/zh/is_there_a_discount.mp3
6125,en,ExampleSentences/en/where_is_the_bus_stop.mp3
6125,ar,ExampleSentences/ar/where_is_the_bus_stop.mp3
6125,bg,ExampleSentences/bg/where_is_the_bus_stop.mp3
6125,bn,ExampleSentences/bn/where_is_the_bus_stop.mp3
6125,ca,ExampleSentences/ca/where_is_the_bus_stop.mp3
6125,cs,ExampleSentences/cs/where_is_the_bus_stop.mp3
6125,da,ExampleSentences/da/where_is_the_bus_stop.mp3
6125,de,ExampleSentences/de/where_is_the_bus_stop.mp3
6125,el,ExampleSentences/el/where_is_the_bus_stop.mp3
6125,es,ExampleSentences/es/where_is_the_bus_stop.mp3
6125,et,ExampleSentences/et/where_is_the_bus_stop.mp3
6125,eu,ExampleSentences/eu/where_is_the_bus_stop.mp3
6125,fi,ExampleSentences/fi/where_is_the_bus_stop.mp3
6125,fr,ExampleSentences/fr/where_is_the_bus_stop.mp3
6125,gu,ExampleSentences/gu/where_is_the_bus_stop.mp3
6125,he,ExampleSentences/he/where_is_the_bus_stop.mp3
6125,hi,ExampleSentences/hi/where_is_the_bus_stop.mp3
6125,hr,ExampleSentences/hr/where_is_the_bus_stop.mp3
6125,hu,ExampleSentences/hu/where_is_the_bus_stop.mp3
6125,id,ExampleSentences/id/where_is_the_bus_stop.mp3
6125,is,ExampleSentences/is/where_is_the_bus_stop.mp3
6125,it,ExampleSentences/it/where_is_the_bus_stop.mp3
6125,ja,ExampleSentences/ja/where_is_the_bus_stop.mp3
6125,ko,ExampleSentences/ko/where_is_the_bus_stop.mp3
6125,lt,ExampleSentences/lt/where_is_the_bus_stop.mp3
6125,lv,ExampleSentences/lv/where_is_the_bus_stop.mp3
6125,ml,ExampleSentences/ml/where_is_the_bus_stop.mp3
6125,mr,ExampleSentences/mr/where_is_the_bus_stop.mp3
6125,nl,ExampleSentences/nl/where_is_the_bus_stop.mp3
6125,no,ExampleSentences/no/where_is_the_bus_stop.mp3
6125,pl,ExampleSentences/pl/where_is_the_bus_stop.mp3
6125,pt,ExampleSentences/pt/where_is_the_bus_stop.mp3
6125,ro,ExampleSentences/ro/where_is_the_bus_stop.mp3
6125,ru,ExampleSentences/ru/where_is_the_bus_stop.mp3
6125,sk,ExampleSentences/sk/where_is_the_bus_stop.mp3
6125,sl,ExampleSentences/sl/where_is_the_bus_stop.mp3
6125,sv,ExampleSentences/sv/where_is_the_bus_stop.mp3
6125,ta,ExampleSentences/ta/where_is_the_bus_stop.mp3
6125,te,ExampleSentences/te/where_is_the_bus_stop.mp3
6125,th,ExampleSentences/th/where_is_the_bus_stop.mp3
6125,tr,ExampleSentences/tr/where_is_the_bus_stop.mp3
6125,uk,ExampleSentences/uk/where_is_the_bus_stop.mp3
6125,ur,ExampleSentences/ur/where_is_the_bus_stop.mp3
6125,vi,ExampleSentences/vi/where_is_the_bus_stop.mp3
6125,zh,ExampleSentences/zh/where_is_the_bus_stop.mp3
6213,en,ExampleSentences/en/how_do_i_get_there.mp3
6213,ar,ExampleSentences/ar/how_do_i_get_there.mp3
6213,bg,ExampleSentences/bg/how_do_i_get_there.mp3
6213,bn,ExampleSentences/bn/how_do_i_get_there.mp3
6213,ca,ExampleSentences/ca/how_do_i_get_there.mp3
6213,cs,ExampleSentences/cs/how_do_i_get_there.mp3
6213,da,ExampleSentences/da/how_do_i_get_there.mp3
6213,de,ExampleSentences/de/how_do_i_get_there.mp3
6213,el,ExampleSentences/el/how_do_i_get_there.mp3
6213,es,ExampleSentences/es/how_do_i_get_there.mp3
6213,et,ExampleSentences/et/how_do_i_get_there.mp3
6213,eu,ExampleSentences/eu/how_do_i_get_there.mp3
6213,fi,ExampleSentences/fi/how_do_i_get_there.mp3
6213,fr,ExampleSentences/fr/how_do_i_get_there.mp3
6213,gu,ExampleSentences/gu/how_do_i_get_there.mp3
6213,he,ExampleSentences/he/how_do_i_get_there.mp3
6213,hi,ExampleSentences/hi/how_do_i_get_there.mp3
6213,hr,ExampleSentences/hr/how_do_i_get_there.mp3
6213,hu,ExampleSentences/hu/how_do_i_get_there.mp3
6213,id,ExampleSentences/id/how_do_i_get_there.mp3
6213,is,ExampleSentences/is/how_do_i_get_there.mp3
6213,it,ExampleSentences/it/how_do_i_get_there.mp3
6213,ja,ExampleSentences/ja/how_do_i_get_there.mp3
6213,ko,ExampleSentences/ko/how_do_i_get_there.mp3
6213,lt,ExampleSentences/lt/how_do_i_get_there.mp3
6213,lv,ExampleSentences/lv/how_do_i_get_there.mp3
6213,ml,ExampleSentences/ml/how_do_i_get_there.mp3
6213,mr,ExampleSentences/mr/how_do_i_get_there.mp3
6213,nl,ExampleSentences/nl/how_do_i_get_there.mp3
6213,no,ExampleSentences/no/how_do_i_get_there.mp3
6213,pl,ExampleSentences/pl/how_do_i_get_there.mp3
6213,pt,ExampleSentences/pt/how_do_i_get_there.mp3
6213,ro,ExampleSentences/ro/how_do_i_get_there.mp3
6213,ru,ExampleSentences/ru/how_do_i_get_there.mp3
6213,sk,ExampleSentences/sk/how_do_i_get_there.mp3
6213,sl,ExampleSentences/sl/how_do_i_get_there.mp3
6213,sv,ExampleSentences/sv/how_do_i_get_there.mp3
6213,ta,ExampleSentences/ta/how_do_i_get_there.mp3
6213,te,ExampleSentences/te/how_do_i_get_there.mp3
6213,th,ExampleSentences/th/how_do_i_get_there.mp3
6213,tr,ExampleSentences/tr/how_do_i_get_there.mp3
6213,uk,ExampleSentences/uk/how_do_i_get_there.mp3
6213,ur,ExampleSentences/ur/how_do_i_get_there.mp3
6213,vi,ExampleSentences/vi/how_do_i_get_there.mp3
6213,zh,ExampleSentences/zh/how_do_i_get_there.mp3
6127,en,ExampleSentences/en/is_it_far.mp3
6127,ar,ExampleSentences/ar/is_it_far.mp3
6127,bg,ExampleSentences/bg/is_it_far.mp3
6127,bn,ExampleSentences/bn/is_it_far.mp3
6127,ca,ExampleSentences/ca/is_it_far.mp3
6127,cs,ExampleSentences/cs/is_it_far.mp3
6127,da,ExampleSentences/da/is_it_far.mp3
6127,de,ExampleSentences/de/is_it_far.mp3
6127,el,ExampleSentences/el/is_it_far.mp3
6127,es,ExampleSentences/es/is_it_far.mp3
6127,et,ExampleSentences/et/is_it_far.mp3
6127,eu,ExampleSentences/eu/is_it_far.mp3
6127,fi,ExampleSentences/fi/is_it_far.mp3
6127,fr,ExampleSentences/fr/is_it_far.mp3
6127,gu,ExampleSentences/gu/is_it_far.mp3
6127,he,ExampleSentences/he/is_it_far.mp3
6127,hi,ExampleSentences/hi/is_it_far.mp3
6127,hr,ExampleSentences/hr/is_it_far.mp3
6127,hu,ExampleSentences/hu/is_it_far.mp3
6127,id,ExampleSentences/id/is_it_far.mp3
6127,is,ExampleSentences/is/is_it_far.mp3
6127,it,ExampleSentences/it/is_it_far.mp3
6127,ja,ExampleSentences/ja/is_it_far.mp3
6127,ko,ExampleSentences/ko/is_it_far.mp3
6127,lt,ExampleSentences/lt/is_it_far.mp3
6127,lv,ExampleSentences/lv/is_it_far.mp3
6127,ml,ExampleSentences/ml/is_it_far.mp3
6127,mr,ExampleSentences/mr/is_it_far.mp3
6127,nl,ExampleSentences/nl/is_it_far.mp3
6127,no,ExampleSentences/no/is_it_far.mp3
6127,pl,ExampleSentences/pl/is_it_far.mp3
6127,pt,ExampleSentences/pt/is_it_far.mp3
6127,ro,ExampleSentences/ro/is_it_far.mp3
6127,ru,ExampleSentences/ru/is_it_far.mp3
6127,sk,ExampleSentences/sk/is_it_far.mp3
6127,sl,ExampleSentences/sl/is_it_far.mp3
6127,sv,ExampleSentences/sv/is_it_far.mp3
6127,ta,ExampleSentences/ta/is_it_far.mp3
6127,te,ExampleSentences/te/is_it_far.mp3
6127,th,ExampleSentences/th/is_it_far.mp3
6127,tr,ExampleSentences/tr/is_it_far.mp3
6127,uk,ExampleSentences/uk/is_it_far.mp3
6127,ur,ExampleSentences/ur/is_it_far.mp3
6127,vi,ExampleSentences/vi/is_it_far.mp3
6127,zh,ExampleSentences/zh/is_it_far.mp3
6215,en,ExampleSentences/en/turn_left.mp3
6215,ar,ExampleSentences/ar/turn_left.mp3
6215,bg,ExampleSentences/bg/turn_left.mp3
6215,bn,ExampleSentences/bn/turn_left.mp3
6215,ca,ExampleSentences/ca/turn_left.mp3
6215,cs,ExampleSentences/cs/turn_left.mp3
6215,da,ExampleSentences/da/turn_left.mp3
6215,de,ExampleSentences/de/turn_left.mp3
6215,el,ExampleSentences/el/turn_left.mp3
6215,es,ExampleSentences/es/turn_left.mp3
6215,et,ExampleSentences/et/turn_left.mp3
6215,eu,ExampleSentences/eu/turn_left.mp3
6215,fi,ExampleSentences/fi/turn_left.mp3
6215,fr,ExampleSentences/fr/turn_left.mp3
6215,gu,ExampleSentences/gu/turn_left.mp3
6215,he,ExampleSentences/he/turn_left.mp3
6215,hi,ExampleSentences/hi/turn_left.mp3
6215,hr,ExampleSentences/hr/turn_left.mp3
6215,hu,ExampleSentences/hu/turn_left.mp3
6215,id,ExampleSentences/id/turn_left.mp3
6215,is,ExampleSentences/is/turn_left.mp3
6215,it,ExampleSentences/it/turn_left.mp3
6215,ja,ExampleSentences/ja/turn_left.mp3
6215,ko,ExampleSentences/ko/turn_left.mp3
6215,lt,ExampleSentences/lt/turn_left.mp3
6215,lv,ExampleSentences/lv/turn_left.mp3
6215,ml,ExampleSentences/ml/turn_left.mp3
6215,mr,ExampleSentences/mr/turn_left.mp3
6215,nl,ExampleSentences/nl/turn_left.mp3
6215,no,ExampleSentences/no/turn_left.mp3
6215,pl,ExampleSentences/pl/turn_left.mp3
6215,pt,ExampleSentences/pt/turn_left.mp3
6215,ro,ExampleSentences/ro/turn_left.mp3
6215,ru,ExampleSentences/ru/turn_left.mp3
6215,sk,ExampleSentences/sk/turn_left.mp3
6215,sl,ExampleSentences/sl/turn_left.mp3
6215,sv,ExampleSentences/sv/turn_left.mp3
6215,ta,ExampleSentences/ta/turn_left.mp3
6215,te,ExampleSentences/te/turn_left.mp3
6215,th,ExampleSentences/th/turn_left.mp3
6215,tr,ExampleSentences/tr/turn_left.mp3
6215,uk,ExampleSentences/uk/turn_left.mp3
6215,ur,ExampleSentences/ur/turn_left.mp3
6215,vi,ExampleSentences/vi/turn_left.mp3
6215,zh,ExampleSentences/zh/turn_left.mp3
6303,en,ExampleSentences/en/turn_right.mp3
6303,ar,ExampleSentences/ar/turn_right.mp3
6303,bg,ExampleSentences/bg/turn_right.mp3
6303,bn,ExampleSentences/bn/turn_right.mp3
6303,ca,ExampleSentences/ca/turn_right.mp3
6303,cs,ExampleSentences/cs/turn_right.mp3
6303,da,ExampleSentences/da/turn_right.mp3
6303,de,ExampleSentences/de/turn_right.mp3
6303,el,ExampleSentences/el/turn_right.mp3
6303,es,ExampleSentences/es/turn_right.mp3
6303,et,ExampleSentences/et/turn_right.mp3
6303,eu,ExampleSentences/eu/turn_right.mp3
6303,fi,ExampleSentences/fi/turn_right.mp3
6303,fr,ExampleSentences/fr/turn_right.mp3
6303,gu,ExampleSentences/gu/turn_right.mp3
6303,he,ExampleSentences/he/turn_right.mp3
6303,hi,ExampleSentences/hi/turn_right.mp3
6303,hr,ExampleSentences/hr/turn_right.mp3
6303,hu,ExampleSentences/hu/turn_right.mp3
6303,id,ExampleSentences/id/turn_right.mp3
6303,is,ExampleSentences/is/turn_right.mp3
6303,it,ExampleSentences/it/turn_right.mp3
6303,ja,ExampleSentences/ja/turn_right.mp3
6303,ko,ExampleSentences/ko/turn_right.mp3
6303,lt,ExampleSentences/lt/turn_right.mp3
6303,lv,ExampleSentences/lv/turn_right.mp3
6303,ml,ExampleSentences/ml/turn_right.mp3
6303,mr,ExampleSentences/mr/turn_right.mp3
6303,nl,ExampleSentences/nl/turn_right.mp3
6303,no,ExampleSentences/no/turn_right.mp3
6303,pl,ExampleSentences/pl/turn_right.mp3
6303,pt,ExampleSentences/pt/turn_right.mp3
6303,ro,ExampleSentences/ro/turn_right.mp3
6303,ru,ExampleSentences/ru/turn_right.mp3
6303,sk,ExampleSentences/sk/turn_right.mp3
6303,sl,ExampleSentences/sl/turn_right.mp3
6303,sv,ExampleSentences/sv/turn_right.mp3
6303,ta,ExampleSentences/ta/turn_right.mp3
6303,te,ExampleSentences/te/turn_right.mp3
6303,th,ExampleSentences/th/turn_right.mp3
6303,tr,ExampleSentences/tr/turn_right.mp3
6303,uk,ExampleSentences/uk/turn_right.mp3
6303,ur,ExampleSentences/ur/turn_right.mp3
6303,vi,ExampleSentences/vi/turn_right.mp3
6303,zh,ExampleSentences/zh/turn_right.mp3
6130,en,ExampleSentences/en/go_straight.mp3
6130,ar,ExampleSentences/ar/go_straight.mp3
6130,bg,ExampleSentences/bg/go_straight.mp3
6130,bn,ExampleSentences/bn/go_straight.mp3
6130,ca,ExampleSentences/ca/go_straight.mp3
6130,cs,ExampleSentences/cs/go_straight.mp3
6130,da,ExampleSentences/da/go_straight.mp3
6130,de,ExampleSentences/de/go_straight.mp3
6130,el,ExampleSentences/el/go_straight.mp3
6130,es,ExampleSentences/es/go_straight.mp3
6130,et,ExampleSentences/et/go_straight.mp3
6130,eu,ExampleSentences/eu/go_straight.mp3
6130,fi,ExampleSentences/fi/go_straight.mp3
6130,fr,ExampleSentences/fr/go_straight.mp3
6130,gu,ExampleSentences/gu/go_straight.mp3
6130,he,ExampleSentences/he/go_straight.mp3
6130,hi,ExampleSentences/hi/go_straight.mp3
6130,hr,ExampleSentences/hr/go_straight.mp3
6130,hu,ExampleSentences/hu/go_straight.mp3
6130,id,ExampleSentences/id/go_straight.mp3
6130,is,ExampleSentences/is/go_straight.mp3
6130,it,ExampleSentences/it/go_straight.mp3
6130,ja,ExampleSentences/ja/go_straight.mp3
6130,ko,ExampleSentences/ko/go_straight.mp3
6130,lt,ExampleSentences/lt/go_straight.mp3
6130,lv,ExampleSentences/lv/go_straight.mp3
6130,ml,ExampleSentences/ml/go_straight.mp3
6130,mr,ExampleSentences/mr/go_straight.mp3
6130,nl,ExampleSentences/nl/go_straight.mp3
6130,no,ExampleSentences/no/go_straight.mp3
6130,pl,ExampleSentences/pl/go_straight.mp3
6130,pt,ExampleSentences/pt/go_straight.mp3
6130,ro,ExampleSentences/ro/go_straight.mp3
6130,ru,ExampleSentences/ru/go_straight.mp3
6130,sk,ExampleSentences/sk/go_straight.mp3
6130,sl,ExampleSentences/sl/go_straight.mp3
6130,sv,ExampleSentences/sv/go_straight.mp3
6130,ta,ExampleSentences/ta/go_straight.mp3
6130,te,ExampleSentences/te/go_straight.mp3
6130,th,ExampleSentences/th/go_straight.mp3
6130,tr,ExampleSentences/tr/go_straight.mp3
6130,uk,ExampleSentences/uk/go_straight.mp3
6130,ur,ExampleSentences/ur/go_straight.mp3
6130,vi,ExampleSentences/vi/go_straight.mp3
6130,zh,ExampleSentences/zh/go_straight.mp3
6131,en,ExampleSentences/en/its_near_here.mp3
6131,ar,ExampleSentences/ar/its_near_here.mp3
6131,bg,ExampleSentences/bg/its_near_here.mp3
6131,bn,ExampleSentences/bn/its_near_here.mp3
6131,ca,ExampleSentences/ca/its_near_here.mp3
6131,cs,ExampleSentences/cs/its_near_here.mp3
6131,da,ExampleSentences/da/its_near_here.mp3
6131,de,ExampleSentences/de/its_near_here.mp3
6131,el,ExampleSentences/el/its_near_here.mp3
6131,es,ExampleSentences/es/its_near_here.mp3
6131,et,ExampleSentences/et/its_near_here.mp3
6131,eu,ExampleSentences/eu/its_near_here.mp3
6131,fi,ExampleSentences/fi/its_near_here.mp3
6131,fr,ExampleSentences/fr/its_near_here.mp3
6131,gu,ExampleSentences/gu/its_near_here.mp3
6131,he,ExampleSentences/he/its_near_here.mp3
6131,hi,ExampleSentences/hi/its_near_here.mp3
6131,hr,ExampleSentences/hr/its_near_here.mp3
6131,hu,ExampleSentences/hu/its_near_here.mp3
6131,id,ExampleSentences/id/its_near_here.mp3
6131,is,ExampleSentences/is/its_near_here.mp3
6131,it,ExampleSentences/it/its_near_here.mp3
6131,ja,ExampleSentences/ja/its_near_here.mp3
6131,ko,ExampleSentences/ko/its_near_here.mp3
6131,lt,ExampleSentences/lt/its_near_here.mp3
6131,lv,ExampleSentences/lv/its_near_here.mp3
6131,ml,ExampleSentences/ml/its_near_here.mp3
6131,mr,ExampleSentences/mr/its_near_here.mp3
6131,nl,ExampleSentences/nl/its_near_here.mp3
6131,no,ExampleSentences/no/its_near_here.mp3
6131,pl,ExampleSentences/pl/its_near_here.mp3
6131,pt,ExampleSentences/pt/its_near_here.mp3
6131,ro,ExampleSentences/ro/its_near_here.mp3
6131,ru,ExampleSentences/ru/its_near_here.mp3
6131,sk,ExampleSentences/sk/its_near_here.mp3
6131,sl,ExampleSentences/sl/its_near_here.mp3
6131,sv,ExampleSentences/sv/its_near_here.mp3
6131,ta,ExampleSentences/ta/its_near_here.mp3
6131,te,ExampleSentences/te/its_near_here.mp3
6131,th,ExampleSentences/th/its_near_here.mp3
6131,tr,ExampleSentences/tr/its_near_here.mp3
6131,uk,ExampleSentences/uk/its_near_here.mp3
6131,ur,ExampleSentences/ur/its_near_here.mp3
6131,vi,ExampleSentences/vi/its_near_here.mp3
6131,zh,ExampleSentences/zh/its_near_here.mp3
6132,en,ExampleSentences/en/its_far_from_here.mp3
6132,ar,ExampleSentences/ar/its_far_from_here.mp3
6132,bg,ExampleSentences/bg/its_far_from_here.mp3
6132,bn,ExampleSentences/bn/its_far_from_here.mp3
6132,ca,ExampleSentences/ca/its_far_from_here.mp3
6132,cs,ExampleSentences/cs/its_far_from_here.mp3
6132,da,ExampleSentences/da/its_far_from_here.mp3
6132,de,ExampleSentences/de/its_far_from_here.mp3
6132,el,ExampleSentences/el/its_far_from_here.mp3
6132,es,ExampleSentences/es/its_far_from_here.mp3
6132,et,ExampleSentences/et/its_far_from_here.mp3
6132,eu,ExampleSentences/eu/its_far_from_here.mp3
6132,fi,ExampleSentences/fi/its_far_from_here.mp3
6132,fr,ExampleSentences/fr/its_far_from_here.mp3
6132,gu,ExampleSentences/gu/its_far_from_here.mp3
6132,he,ExampleSentences/he/its_far_from_here.mp3
6132,hi,ExampleSentences/hi/its_far_from_here.mp3
6132,hr,ExampleSentences/hr/its_far_from_here.mp3
6132,hu,ExampleSentences/hu/its_far_from_here.mp3
6132,id,ExampleSentences/id/its_far_from_here.mp3
6132,is,ExampleSentences/is/its_far_from_here.mp3
6132,it,ExampleSentences/it/its_far_from_here.mp3
6132,ja,ExampleSentences/ja/its_far_from_here.mp3
6132,ko,ExampleSentences/ko/its_far_from_here.mp3
6132,lt,ExampleSentences/lt/its_far_from_here.mp3
6132,lv,ExampleSentences/lv/its_far_from_here.mp3
6132,ml,ExampleSentences/ml/its_far_from_here.mp3
6132,mr,ExampleSentences/mr/its_far_from_here.mp3
6132,nl,ExampleSentences/nl/its_far_from_here.mp3
6132,no,ExampleSentences/no/its_far_from_here.mp3
6132,pl,ExampleSentences/pl/its_far_from_here.mp3
6132,pt,ExampleSentences/pt/its_far_from_here.mp3
6132,ro,ExampleSentences/ro/its_far_from_here.mp3
6132,ru,ExampleSentences/ru/its_far_from_here.mp3
6132,sk,ExampleSentences/sk/its_far_from_here.mp3
6132,sl,ExampleSentences/sl/its_far_from_here.mp3
6132,sv,ExampleSentences/sv/its_far_from_here.mp3
6132,ta,ExampleSentences/ta/its_far_from_here.mp3
6132,te,ExampleSentences/te/its_far_from_here.mp3
6132,th,ExampleSentences/th/its_far_from_here.mp3
6132,tr,ExampleSentences/tr/its_far_from_here.mp3
6132,uk,ExampleSentences/uk/its_far_from_here.mp3
6132,ur,ExampleSentences/ur/its_far_from_here.mp3
6132,vi,ExampleSentences/vi/its_far_from_here.mp3
6132,zh,ExampleSentences/zh/its_far_from_here.mp3
6220,en,ExampleSentences/en/im_lost.mp3
6220,ar,ExampleSentences/ar/im_lost.mp3
6220,bg,ExampleSentences/bg/im_lost.mp3
6220,bn,ExampleSentences/bn/im_lost.mp3
6220,ca,ExampleSentences/ca/im_lost.mp3
6220,cs,ExampleSentences/cs/im_lost.mp3
6220,da,ExampleSentences/da/im_lost.mp3
6220,de,ExampleSentences/de/im_lost.mp3
6220,el,ExampleSentences/el/im_lost.mp3
6220,es,ExampleSentences/es/im_lost.mp3
6220,et,ExampleSentences/et/im_lost.mp3
6220,eu,ExampleSentences/eu/im_lost.mp3
6220,fi,ExampleSentences/fi/im_lost.mp3
6220,fr,ExampleSentences/fr/im_lost.mp3
6220,gu,ExampleSentences/gu/im_lost.mp3
6220,he,ExampleSentences/he/im_lost.mp3
6220,hi,ExampleSentences/hi/im_lost.mp3
6220,hr,ExampleSentences/hr/im_lost.mp3
6220,hu,ExampleSentences/hu/im_lost.mp3
6220,id,ExampleSentences/id/im_lost.mp3
6220,is,ExampleSentences/is/im_lost.mp3
6220,it,ExampleSentences/it/im_lost.mp3
6220,ja,ExampleSentences/ja/im_lost.mp3
6220,ko,ExampleSentences/ko/im_lost.mp3
6220,lt,ExampleSentences/lt/im_lost.mp3
6220,lv,ExampleSentences/lv/im_lost.mp3
6220,ml,ExampleSentences/ml/im_lost.mp3
6220,mr,ExampleSentences/mr/im_lost.mp3
6220,nl,ExampleSentences/nl/im_lost.mp3
6220,no,ExampleSentences/no/im_lost.mp3
6220,pl,ExampleSentences/pl/im_lost.mp3
6220,pt,ExampleSentences/pt/im_lost.mp3
6220,ro,ExampleSentences/ro/im_lost.mp3
6220,ru,ExampleSentences/ru/im_lost.mp3
6220,sk,ExampleSentences/sk/im_lost.mp3
6220,sl,ExampleSentences/sl/im_lost.mp3
6220,sv,ExampleSentences/sv/im_lost.mp3
6220,ta,ExampleSentences/ta/im_lost.mp3
6220,te,ExampleSentences/te/im_lost.mp3
6220,th,ExampleSentences/th/im_lost.mp3
6220,tr,ExampleSentences/tr/im_lost.mp3
6220,uk,ExampleSentences/uk/im_lost.mp3
6220,ur,ExampleSentences/ur/im_lost.mp3
6220,vi,ExampleSentences/vi/im_lost.mp3
6220,zh,ExampleSentences/zh/im_lost.mp3
6134,en,ExampleSentences/en/can_you_show_me_on_the_map.mp3
6134,ar,ExampleSentences/ar/can_you_show_me_on_the_map.mp3
6134,bg,ExampleSentences/bg/can_you_show_me_on_the_map.mp3
6134,bn,ExampleSentences/bn/can_you_show_me_on_the_map.mp3
6134,ca,ExampleSentences/ca/can_you_show_me_on_the_map.mp3
6134,cs,ExampleSentences/cs/can_you_show_me_on_the_map.mp3
6134,da,ExampleSentences/da/can_you_show_me_on_the_map.mp3
6134,de,ExampleSentences/de/can_you_show_me_on_the_map.mp3
6134,el,ExampleSentences/el/can_you_show_me_on_the_map.mp3
6134,es,ExampleSentences/es/can_you_show_me_on_the_map.mp3
6134,et,ExampleSentences/et/can_you_show_me_on_the_map.mp3
6134,eu,ExampleSentences/eu/can_you_show_me_on_the_map.mp3
6134,fi,ExampleSentences/fi/can_you_show_me_on_the_map.mp3
6134,fr,ExampleSentences/fr/can_you_show_me_on_the_map.mp3
6134,gu,ExampleSentences/gu/can_you_show_me_on_the_map.mp3
6134,he,ExampleSentences/he/can_you_show_me_on_the_map.mp3
6134,hi,ExampleSentences/hi/can_you_show_me_on_the_map.mp3
6134,hr,ExampleSentences/hr/can_you_show_me_on_the_map.mp3
6134,hu,ExampleSentences/hu/can_you_show_me_on_the_map.mp3
6134,id,ExampleSentences/id/can_you_show_me_on_the_map.mp3
6134,is,ExampleSentences/is/can_you_show_me_on_the_map.mp3
6134,it,ExampleSentences/it/can_you_show_me_on_the_map.mp3
6134,ja,ExampleSentences/ja/can_you_show_me_on_the_map.mp3
6134,ko,ExampleSentences/ko/can_you_show_me_on_the_map.mp3
6134,lt,ExampleSentences/lt/can_you_show_me_on_the_map.mp3
6134,lv,ExampleSentences/lv/can_you_show_me_on_the_map.mp3
6134,ml,ExampleSentences/ml/can_you_show_me_on_the_map.mp3
6134,mr,ExampleSentences/mr/can_you_show_me_on_the_map.mp3
6134,nl,ExampleSentences/nl/can_you_show_me_on_the_map.mp3
6134,no,ExampleSentences/no/can_you_show_me_on_the_map.mp3
6134,pl,ExampleSentences/pl/can_you_show_me_on_the_map.mp3
6134,pt,ExampleSentences/pt/can_you_show_me_on_the_map.mp3
6134,ro,ExampleSentences/ro/can_you_show_me_on_the_map.mp3
6134,ru,ExampleSentences/ru/can_you_show_me_on_the_map.mp3
6134,sk,ExampleSentences/sk/can_you_show_me_on_the_map.mp3
6134,sl,ExampleSentences/sl/can_you_show_me_on_the_map.mp3
6134,sv,ExampleSentences/sv/can_you_show_me_on_the_map.mp3
6134,ta,ExampleSentences/ta/can_you_show_me_on_the_map.mp3
6134,te,ExampleSentences/te/can_you_show_me_on_the_map.mp3
6134,th,ExampleSentences/th/can_you_show_me_on_the_map.mp3
6134,tr,ExampleSentences/tr/can_you_show_me_on_the_map.mp3
6134,uk,ExampleSentences/uk/can_you_show_me_on_the_map.mp3
6134,ur,ExampleSentences/ur/can_you_show_me_on_the_map.mp3
6134,vi,ExampleSentences/vi/can_you_show_me_on_the_map.mp3
6134,zh,ExampleSentences/zh/can_you_show_me_on_the_map.mp3
6222,en,ExampleSentences/en/what_are_you_doing.mp3
6222,ar,ExampleSentences/ar/what_are_you_doing.mp3
6222,bg,ExampleSentences/bg/what_are_you_doing.mp3
6222,bn,ExampleSentences/bn/what_are_you_doing.mp3
6222,ca,ExampleSentences/ca/what_are_you_doing.mp3
6222,cs,ExampleSentences/cs/what_are_you_doing.mp3
6222,da,ExampleSentences/da/what_are_you_doing.mp3
6222,de,ExampleSentences/de/what_are_you_doing.mp3
6222,el,ExampleSentences/el/what_are_you_doing.mp3
6222,es,ExampleSentences/es/what_are_you_doing.mp3
6222,et,ExampleSentences/et/what_are_you_doing.mp3
6222,eu,ExampleSentences/eu/what_are_you_doing.mp3
6222,fi,ExampleSentences/fi/what_are_you_doing.mp3
6222,fr,ExampleSentences/fr/what_are_you_doing.mp3
6222,gu,ExampleSentences/gu/what_are_you_doing.mp3
6222,he,ExampleSentences/he/what_are_you_doing.mp3
6222,hi,ExampleSentences/hi/what_are_you_doing.mp3
6222,hr,ExampleSentences/hr/what_are_you_doing.mp3
6222,hu,ExampleSentences/hu/what_are_you_doing.mp3
6222,id,ExampleSentences/id/what_are_you_doing.mp3
6222,is,ExampleSentences/is/what_are_you_doing.mp3
6222,it,ExampleSentences/it/what_are_you_doing.mp3
6222,ja,ExampleSentences/ja/what_are_you_doing.mp3
6222,ko,ExampleSentences/ko/what_are_you_doing.mp3
6222,lt,ExampleSentences/lt/what_are_you_doing.mp3
6222,lv,ExampleSentences/lv/what_are_you_doing.mp3
6222,ml,ExampleSentences/ml/what_are_you_doing.mp3
6222,mr,ExampleSentences/mr/what_are_you_doing.mp3
6222,nl,ExampleSentences/nl/what_are_you_doing.mp3
6222,no,ExampleSentences/no/what_are_you_doing.mp3
6222,pl,ExampleSentences/pl/what_are_you_doing.mp3
6222,pt,ExampleSentences/pt/what_are_you_doing.mp3
6222,ro,ExampleSentences/ro/what_are_you_doing.mp3
6222,ru,ExampleSentences/ru/what_are_you_doing.mp3
6222,sk,ExampleSentences/sk/what_are_you_doing.mp3
6222,sl,ExampleSentences/sl/what_are_you_doing.mp3
6222,sv,ExampleSentences/sv/what_are_you_doing.mp3
6222,ta,ExampleSentences/ta/what_are_you_doing.mp3
6222,te,ExampleSentences/te/what_are_you_doing.mp3
6222,th,ExampleSentences/th/what_are_you_doing.mp3
6222,tr,ExampleSentences/tr/what_are_you_doing.mp3
6222,uk,ExampleSentences/uk/what_are_you_doing.mp3
6222,ur,ExampleSentences/ur/what_are_you_doing.mp3
6222,vi,ExampleSentences/vi/what_are_you_doing.mp3
6222,zh,ExampleSentences/zh/what_are_you_doing.mp3
6310,en,ExampleSentences/en/what_are_you_talking_about.mp3
6310,ar,ExampleSentences/ar/what_are_you_talking_about.mp3
6310,bg,ExampleSentences/bg/what_are_you_talking_about.mp3
6310,bn,ExampleSentences/bn/what_are_you_talking_about.mp3
6310,ca,ExampleSentences/ca/what_are_you_talking_about.mp3
6310,cs,ExampleSentences/cs/what_are_you_talking_about.mp3
6310,da,ExampleSentences/da/what_are_you_talking_about.mp3
6310,de,ExampleSentences/de/what_are_you_talking_about.mp3
6310,el,ExampleSentences/el/what_are_you_talking_about.mp3
6310,es,ExampleSentences/es/what_are_you_talking_about.mp3
6310,et,ExampleSentences/et/what_are_you_talking_about.mp3
6310,eu,ExampleSentences/eu/what_are_you_talking_about.mp3
6310,fi,ExampleSentences/fi/what_are_you_talking_about.mp3
6310,fr,ExampleSentences/fr/what_are_you_talking_about.mp3
6310,gu,ExampleSentences/gu/what_are_you_talking_about.mp3
6310,he,ExampleSentences/he/what_are_you_talking_about.mp3
6310,hi,ExampleSentences/hi/what_are_you_talking_about.mp3
6310,hr,ExampleSentences/hr/what_are_you_talking_about.mp3
6310,hu,ExampleSentences/hu/what_are_you_talking_about.mp3
6310,id,ExampleSentences/id/what_are_you_talking_about.mp3
6310,is,ExampleSentences/is/what_are_you_talking_about.mp3
6310,it,ExampleSentences/it/what_are_you_talking_about.mp3
6310,ja,ExampleSentences/ja/what_are_you_talking_about.mp3
6310,ko,ExampleSentences/ko/what_are_you_talking_about.mp3
6310,lt,ExampleSentences/lt/what_are_you_talking_about.mp3
6310,lv,ExampleSentences/lv/what_are_you_talking_about.mp3
6310,ml,ExampleSentences/ml/what_are_you_talking_about.mp3
6310,mr,ExampleSentences/mr/what_are_you_talking_about.mp3
6310,nl,ExampleSentences/nl/what_are_you_talking_about.mp3
6310,no,ExampleSentences/no/what_are_you_talking_about.mp3
6310,pl,ExampleSentences/pl/what_are_you_talking_about.mp3
6310,pt,ExampleSentences/pt/what_are_you_talking_about.mp3
6310,ro,ExampleSentences/ro/what_are_you_talking_about.mp3
6310,ru,ExampleSentences/ru/what_are_you_talking_about.mp3
6310,sk,ExampleSentences/sk/what_are_you_talking_about.mp3
6310,sl,ExampleSentences/sl/what_are_you_talking_about.mp3
6310,sv,ExampleSentences/sv/what_are_you_talking_about.mp3
6310,ta,ExampleSentences/ta/what_are_you_talking_about.mp3
6310,te,ExampleSentences/te/what_are_you_talking_about.mp3
6310,th,ExampleSentences/th/what_are_you_talking_about.mp3
6310,tr,ExampleSentences/tr/what_are_you_talking_about.mp3
6310,uk,ExampleSentences/uk/what_are_you_talking_about.mp3
6310,ur,ExampleSentences/ur/what_are_you_talking_about.mp3
6310,vi,ExampleSentences/vi/what_are_you_talking_about.mp3
6310,zh,ExampleSentences/zh/what_are_you_talking_about.mp3
6311,en,ExampleSentences/en/really.mp3
6311,ar,ExampleSentences/ar/really.mp3
6311,bg,ExampleSentences/bg/really.mp3
6311,bn,ExampleSentences/bn/really.mp3
6311,ca,ExampleSentences/ca/really.mp3
6311,cs,ExampleSentences/cs/really.mp3
6311,da,ExampleSentences/da/really.mp3
6311,de,ExampleSentences/de/really.mp3
6311,el,ExampleSentences/el/really.mp3
6311,es,ExampleSentences/es/really.mp3
6311,et,ExampleSentences/et/really.mp3
6311,eu,ExampleSentences/eu/really.mp3
6311,fi,ExampleSentences/fi/really.mp3
6311,fr,ExampleSentences/fr/really.mp3
6311,gu,ExampleSentences/gu/really.mp3
6311,he,ExampleSentences/he/really.mp3
6311,hi,ExampleSentences/hi/really.mp3
6311,hr,ExampleSentences/hr/really.mp3
6311,hu,ExampleSentences/hu/really.mp3
6311,id,ExampleSentences/id/really.mp3
6311,is,ExampleSentences/is/really.mp3
6311,it,ExampleSentences/it/really.mp3
6311,ja,ExampleSentences/ja/really.mp3
6311,ko,ExampleSentences/ko/really.mp3
6311,lt,ExampleSentences/lt/really.mp3
6311,lv,ExampleSentences/lv/really.mp3
6311,ml,ExampleSentences/ml/really.mp3
6311,mr,ExampleSentences/mr/really.mp3
6311,nl,ExampleSentences/nl/really.mp3
6311,no,ExampleSentences/no/really.mp3
6311,pl,ExampleSentences/pl/really.mp3
6311,pt,ExampleSentences/pt/really.mp3
6311,ro,ExampleSentences/ro/really.mp3
6311,ru,ExampleSentences/ru/really.mp3
6311,sk,ExampleSentences/sk/really.mp3
6311,sl,ExampleSentences/sl/really.mp3
6311,sv,ExampleSentences/sv/really.mp3
6311,ta,ExampleSentences/ta/really.mp3
6311,te,ExampleSentences/te/really.mp3
6311,th,ExampleSentences/th/really.mp3
6311,tr,ExampleSentences/tr/really.mp3
6311,uk,ExampleSentences/uk/really.mp3
6311,ur,ExampleSentences/ur/really.mp3
6311,vi,ExampleSentences/vi/really.mp3
6311,zh,ExampleSentences/zh/really.mp3
6225,en,ExampleSentences/en/thats_interesting.mp3
6225,ar,ExampleSentences/ar/thats_interesting.mp3
6225,bg,ExampleSentences/bg/thats_interesting.mp3
6225,bn,ExampleSentences/bn/thats_interesting.mp3
6225,ca,ExampleSentences/ca/thats_interesting.mp3
6225,cs,ExampleSentences/cs/thats_interesting.mp3
6225,da,ExampleSentences/da/thats_interesting.mp3
6225,de,ExampleSentences/de/thats_interesting.mp3
6225,el,ExampleSentences/el/thats_interesting.mp3
6225,es,ExampleSentences/es/thats_interesting.mp3
6225,et,ExampleSentences/et/thats_interesting.mp3
6225,eu,ExampleSentences/eu/thats_interesting.mp3
6225,fi,ExampleSentences/fi/thats_interesting.mp3
6225,fr,ExampleSentences/fr/thats_interesting.mp3
6225,gu,ExampleSentences/gu/thats_interesting.mp3
6225,he,ExampleSentences/he/thats_interesting.mp3
6225,hi,ExampleSentences/hi/thats_interesting.mp3
6225,hr,ExampleSentences/hr/thats_interesting.mp3
6225,hu,ExampleSentences/hu/thats_interesting.mp3
6225,id,ExampleSentences/id/thats_interesting.mp3
6225,is,ExampleSentences/is/thats_interesting.mp3
6225,it,ExampleSentences/it/thats_interesting.mp3
6225,ja,ExampleSentences/ja/thats_interesting.mp3
6225,ko,ExampleSentences/ko/thats_interesting.mp3
6225,lt,ExampleSentences/lt/thats_interesting.mp3
6225,lv,ExampleSentences/lv/thats_interesting.mp3
6225,ml,ExampleSentences/ml/thats_interesting.mp3
6225,mr,ExampleSentences/mr/thats_interesting.mp3
6225,nl,ExampleSentences/nl/thats_interesting.mp3
6225,no,ExampleSentences/no/thats_interesting.mp3
6225,pl,ExampleSentences/pl/thats_interesting.mp3
6225,pt,ExampleSentences/pt/thats_interesting.mp3
6225,ro,ExampleSentences/ro/thats_interesting.mp3
6225,ru,ExampleSentences/ru/thats_interesting.mp3
6225,sk,ExampleSentences/sk/thats_interesting.mp3
6225,sl,ExampleSentences/sl/thats_interesting.mp3
6225,sv,ExampleSentences/sv/thats_interesting.mp3
6225,ta,ExampleSentences/ta/thats_interesting.mp3
6225,te,ExampleSentences/te/thats_interesting.mp3
6225,th,ExampleSentences/th/thats_interesting.mp3
6225,tr,ExampleSentences/tr/thats_interesting.mp3
6225,uk,ExampleSentences/uk/thats_interesting.mp3
6225,ur,ExampleSentences/ur/thats_interesting.mp3
6225,vi,ExampleSentences/vi/thats_interesting.mp3
6225,zh,ExampleSentences/zh/thats_interesting.mp3
6226,en,ExampleSentences/en/i_agree.mp3
6226,ar,ExampleSentences/ar/i_agree.mp3
6226,bg,ExampleSentences/bg/i_agree.mp3
6226,bn,ExampleSentences/bn/i_agree.mp3
6226,ca,ExampleSentences/ca/i_agree.mp3
6226,cs,ExampleSentences/cs/i_agree.mp3
6226,da,ExampleSentences/da/i_agree.mp3
6226,de,ExampleSentences/de/i_agree.mp3
6226,el,ExampleSentences/el/i_agree.mp3
6226,es,ExampleSentences/es/i_agree.mp3
6226,et,ExampleSentences/et/i_agree.mp3
6226,eu,ExampleSentences/eu/i_agree.mp3
6226,fi,ExampleSentences/fi/i_agree.mp3
6226,fr,ExampleSentences/fr/i_agree.mp3
6226,gu,ExampleSentences/gu/i_agree.mp3
6226,he,ExampleSentences/he/i_agree.mp3
6226,hi,ExampleSentences/hi/i_agree.mp3
6226,hr,ExampleSentences/hr/i_agree.mp3
6226,hu,ExampleSentences/hu/i_agree.mp3
6226,id,ExampleSentences/id/i_agree.mp3
6226,is,ExampleSentences/is/i_agree.mp3
6226,it,ExampleSentences/it/i_agree.mp3
6226,ja,ExampleSentences/ja/i_agree.mp3
6226,ko,ExampleSentences/ko/i_agree.mp3
6226,lt,ExampleSentences/lt/i_agree.mp3
6226,lv,ExampleSentences/lv/i_agree.mp3
6226,ml,ExampleSentences/ml/i_agree.mp3
6226,mr,ExampleSentences/mr/i_agree.mp3
6226,nl,ExampleSentences/nl/i_agree.mp3
6226,no,ExampleSentences/no/i_agree.mp3
6226,pl,ExampleSentences/pl/i_agree.mp3
6226,pt,ExampleSentences/pt/i_agree.mp3
6226,ro,ExampleSentences/ro/i_agree.mp3
6226,ru,ExampleSentences/ru/i_agree.mp3
6226,sk,ExampleSentences/sk/i_agree.mp3
6226,sl,ExampleSentences/sl/i_agree.mp3
6226,sv,ExampleSentences/sv/i_agree.mp3
6226,ta,ExampleSentences/ta/i_agree.mp3
6226,te,ExampleSentences/te/i_agree.mp3
6226,th,ExampleSentences/th/i_agree.mp3
6226,tr,ExampleSentences/tr/i_agree.mp3
6226,uk,ExampleSentences/uk/i_agree.mp3
6226,ur,ExampleSentences/ur/i_agree.mp3
6226,vi,ExampleSentences/vi/i_agree.mp3
6226,zh,ExampleSentences/zh/i_agree.mp3
6314,en,ExampleSentences/en/i_dont_agree.mp3
6314,ar,ExampleSentences/ar/i_dont_agree.mp3
6314,bg,ExampleSentences/bg/i_dont_agree.mp3
6314,bn,ExampleSentences/bn/i_dont_agree.mp3
6314,ca,ExampleSentences/ca/i_dont_agree.mp3
6314,cs,ExampleSentences/cs/i_dont_agree.mp3
6314,da,ExampleSentences/da/i_dont_agree.mp3
6314,de,ExampleSentences/de/i_dont_agree.mp3
6314,el,ExampleSentences/el/i_dont_agree.mp3
6314,es,ExampleSentences/es/i_dont_agree.mp3
6314,et,ExampleSentences/et/i_dont_agree.mp3
6314,eu,ExampleSentences/eu/i_dont_agree.mp3
6314,fi,ExampleSentences/fi/i_dont_agree.mp3
6314,fr,ExampleSentences/fr/i_dont_agree.mp3
6314,gu,ExampleSentences/gu/i_dont_agree.mp3
6314,he,ExampleSentences/he/i_dont_agree.mp3
6314,hi,ExampleSentences/hi/i_dont_agree.mp3
6314,hr,ExampleSentences/hr/i_dont_agree.mp3
6314,hu,ExampleSentences/hu/i_dont_agree.mp3
6314,id,ExampleSentences/id/i_dont_agree.mp3
6314,is,ExampleSentences/is/i_dont_agree.mp3
6314,it,ExampleSentences/it/i_dont_agree.mp3
6314,ja,ExampleSentences/ja/i_dont_agree.mp3
6314,ko,ExampleSentences/ko/i_dont_agree.mp3
6314,lt,ExampleSentences/lt/i_dont_agree.mp3
6314,lv,ExampleSentences/lv/i_dont_agree.mp3
6314,ml,ExampleSentences/ml/i_dont_agree.mp3
6314,mr,ExampleSentences/mr/i_dont_agree.mp3
6314,nl,ExampleSentences/nl/i_dont_agree.mp3
6314,no,ExampleSentences/no/i_dont_agree.mp3
6314,pl,ExampleSentences/pl/i_dont_agree.mp3
6314,pt,ExampleSentences/pt/i_dont_agree.mp3
6314,ro,ExampleSentences/ro/i_dont_agree.mp3
6314,ru,ExampleSentences/ru/i_dont_agree.mp3
6314,sk,ExampleSentences/sk/i_dont_agree.mp3
6314,sl,ExampleSentences/sl/i_dont_agree.mp3
6314,sv,ExampleSentences/sv/i_dont_agree.mp3
6314,ta,ExampleSentences/ta/i_dont_agree.mp3
6314,te,ExampleSentences/te/i_dont_agree.mp3
6314,th,ExampleSentences/th/i_dont_agree.mp3
6314,tr,ExampleSentences/tr/i_dont_agree.mp3
6314,uk,ExampleSentences/uk/i_dont_agree.mp3
6314,ur,ExampleSentences/ur/i_dont_agree.mp3
6314,vi,ExampleSentences/vi/i_dont_agree.mp3
6314,zh,ExampleSentences/zh/i_dont_agree.mp3
6228,en,ExampleSentences/en/maybe.mp3
6228,ar,ExampleSentences/ar/maybe.mp3
6228,bg,ExampleSentences/bg/maybe.mp3
6228,bn,ExampleSentences/bn/maybe.mp3
6228,ca,ExampleSentences/ca/maybe.mp3
6228,cs,ExampleSentences/cs/maybe.mp3
6228,da,ExampleSentences/da/maybe.mp3
6228,de,ExampleSentences/de/maybe.mp3
6228,el,ExampleSentences/el/maybe.mp3
6228,es,ExampleSentences/es/maybe.mp3
6228,et,ExampleSentences/et/maybe.mp3
6228,eu,ExampleSentences/eu/maybe.mp3
6228,fi,ExampleSentences/fi/maybe.mp3
6228,fr,ExampleSentences/fr/maybe.mp3
6228,gu,ExampleSentences/gu/maybe.mp3
6228,he,ExampleSentences/he/maybe.mp3
6228,hi,ExampleSentences/hi/maybe.mp3
6228,hr,ExampleSentences/hr/maybe.mp3
6228,hu,ExampleSentences/hu/maybe.mp3
6228,id,ExampleSentences/id/maybe.mp3
6228,is,ExampleSentences/is/maybe.mp3
6228,it,ExampleSentences/it/maybe.mp3
6228,ja,ExampleSentences/ja/maybe.mp3
6228,ko,ExampleSentences/ko/maybe.mp3
6228,lt,ExampleSentences/lt/maybe.mp3
6228,lv,ExampleSentences/lv/maybe.mp3
6228,ml,ExampleSentences/ml/maybe.mp3
6228,mr,ExampleSentences/mr/maybe.mp3
6228,nl,ExampleSentences/nl/maybe.mp3
6228,no,ExampleSentences/no/maybe.mp3
6228,pl,ExampleSentences/pl/maybe.mp3
6228,pt,ExampleSentences/pt/maybe.mp3
6228,ro,ExampleSentences/ro/maybe.mp3
6228,ru,ExampleSentences/ru/maybe.mp3
6228,sk,ExampleSentences/sk/maybe.mp3
6228,sl,ExampleSentences/sl/maybe.mp3
6228,sv,ExampleSentences/sv/maybe.mp3
6228,ta,ExampleSentences/ta/maybe.mp3
6228,te,ExampleSentences/te/maybe.mp3
6228,th,ExampleSentences/th/maybe.mp3
6228,tr,ExampleSentences/tr/maybe.mp3
6228,uk,ExampleSentences/uk/maybe.mp3
6228,ur,ExampleSentences/ur/maybe.mp3
6228,vi,ExampleSentences/vi/maybe.mp3
6228,zh,ExampleSentences/zh/maybe.mp3
6229,en,ExampleSentences/en/of_course.mp3
6229,ar,ExampleSentences/ar/of_course.mp3
6229,bg,ExampleSentences/bg/of_course.mp3
6229,bn,ExampleSentences/bn/of_course.mp3
6229,ca,ExampleSentences/ca/of_course.mp3
6229,cs,ExampleSentences/cs/of_course.mp3
6229,da,ExampleSentences/da/of_course.mp3
6229,de,ExampleSentences/de/of_course.mp3
6229,el,ExampleSentences/el/of_course.mp3
6229,es,ExampleSentences/es/of_course.mp3
6229,et,ExampleSentences/et/of_course.mp3
6229,eu,ExampleSentences/eu/of_course.mp3
6229,fi,ExampleSentences/fi/of_course.mp3
6229,fr,ExampleSentences/fr/of_course.mp3
6229,gu,ExampleSentences/gu/of_course.mp3
6229,he,ExampleSentences/he/of_course.mp3
6229,hi,ExampleSentences/hi/of_course.mp3
6229,hr,ExampleSentences/hr/of_course.mp3
6229,hu,ExampleSentences/hu/of_course.mp3
6229,id,ExampleSentences/id/of_course.mp3
6229,is,ExampleSentences/is/of_course.mp3
6229,it,ExampleSentences/it/of_course.mp3
6229,ja,ExampleSentences/ja/of_course.mp3
6229,ko,ExampleSentences/ko/of_course.mp3
6229,lt,ExampleSentences/lt/of_course.mp3
6229,lv,ExampleSentences/lv/of_course.mp3
6229,ml,ExampleSentences/ml/of_course.mp3
6229,mr,ExampleSentences/mr/of_course.mp3
6229,nl,ExampleSentences/nl/of_course.mp3
6229,no,ExampleSentences/no/of_course.mp3
6229,pl,ExampleSentences/pl/of_course.mp3
6229,pt,ExampleSentences/pt/of_course.mp3
6229,ro,ExampleSentences/ro/of_course.mp3
6229,ru,ExampleSentences/ru/of_course.mp3
6229,sk,ExampleSentences/sk/of_course.mp3
6229,sl,ExampleSentences/sl/of_course.mp3
6229,sv,ExampleSentences/sv/of_course.mp3
6229,ta,ExampleSentences/ta/of_course.mp3
6229,te,ExampleSentences/te/of_course.mp3
6229,th,ExampleSentences/th/of_course.mp3
6229,tr,ExampleSentences/tr/of_course.mp3
6229,uk,ExampleSentences/uk/of_course.mp3
6229,ur,ExampleSentences/ur/of_course.mp3
6229,vi,ExampleSentences/vi/of_course.mp3
6229,zh,ExampleSentences/zh/of_course.mp3
6317,en,ExampleSentences/en/i_think_so.mp3
6317,ar,ExampleSentences/ar/i_think_so.mp3
6317,bg,ExampleSentences/bg/i_think_so.mp3
6317,bn,ExampleSentences/bn/i_think_so.mp3
6317,ca,ExampleSentences/ca/i_think_so.mp3
6317,cs,ExampleSentences/cs/i_think_so.mp3
6317,da,ExampleSentences/da/i_think_so.mp3
6317,de,ExampleSentences/de/i_think_so.mp3
6317,el,ExampleSentences/el/i_think_so.mp3
6317,es,ExampleSentences/es/i_think_so.mp3
6317,et,ExampleSentences/et/i_think_so.mp3
6317,eu,ExampleSentences/eu/i_think_so.mp3
6317,fi,ExampleSentences/fi/i_think_so.mp3
6317,fr,ExampleSentences/fr/i_think_so.mp3
6317,gu,ExampleSentences/gu/i_think_so.mp3
6317,he,ExampleSentences/he/i_think_so.mp3
6317,hi,ExampleSentences/hi/i_think_so.mp3
6317,hr,ExampleSentences/hr/i_think_so.mp3
6317,hu,ExampleSentences/hu/i_think_so.mp3
6317,id,ExampleSentences/id/i_think_so.mp3
6317,is,ExampleSentences/is/i_think_so.mp3
6317,it,ExampleSentences/it/i_think_so.mp3
6317,ja,ExampleSentences/ja/i_think_so.mp3
6317,ko,ExampleSentences/ko/i_think_so.mp3
6317,lt,ExampleSentences/lt/i_think_so.mp3
6317,lv,ExampleSentences/lv/i_think_so.mp3
6317,ml,ExampleSentences/ml/i_think_so.mp3
6317,mr,ExampleSentences/mr/i_think_so.mp3
6317,nl,ExampleSentences/nl/i_think_so.mp3
6317,no,ExampleSentences/no/i_think_so.mp3
6317,pl,ExampleSentences/pl/i_think_so.mp3
6317,pt,ExampleSentences/pt/i_think_so.mp3
6317,ro,ExampleSentences/ro/i_think_so.mp3
6317,ru,ExampleSentences/ru/i_think_so.mp3
6317,sk,ExampleSentences/sk/i_think_so.mp3
6317,sl,ExampleSentences/sl/i_think_so.mp3
6317,sv,ExampleSentences/sv/i_think_so.mp3
6317,ta,ExampleSentences/ta/i_think_so.mp3
6317,te,ExampleSentences/te/i_think_so.mp3
6317,th,ExampleSentences/th/i_think_so.mp3
6317,tr,ExampleSentences/tr/i_think_so.mp3
6317,uk,ExampleSentences/uk/i_think_so.mp3
6317,ur,ExampleSentences/ur/i_think_so.mp3
6317,vi,ExampleSentences/vi/i_think_so.mp3
6317,zh,ExampleSentences/zh/i_think_so.mp3
6144,en,ExampleSentences/en/i_dont_think_so.mp3
6144,ar,ExampleSentences/ar/i_dont_think_so.mp3
6144,bg,ExampleSentences/bg/i_dont_think_so.mp3
6144,bn,ExampleSentences/bn/i_dont_think_so.mp3
6144,ca,ExampleSentences/ca/i_dont_think_so.mp3
6144,cs,ExampleSentences/cs/i_dont_think_so.mp3
6144,da,ExampleSentences/da/i_dont_think_so.mp3
6144,de,ExampleSentences/de/i_dont_think_so.mp3
6144,el,ExampleSentences/el/i_dont_think_so.mp3
6144,es,ExampleSentences/es/i_dont_think_so.mp3
6144,et,ExampleSentences/et/i_dont_think_so.mp3
6144,eu,ExampleSentences/eu/i_dont_think_so.mp3
6144,fi,ExampleSentences/fi/i_dont_think_so.mp3
6144,fr,ExampleSentences/fr/i_dont_think_so.mp3
6144,gu,ExampleSentences/gu/i_dont_think_so.mp3
6144,he,ExampleSentences/he/i_dont_think_so.mp3
6144,hi,ExampleSentences/hi/i_dont_think_so.mp3
6144,hr,ExampleSentences/hr/i_dont_think_so.mp3
6144,hu,ExampleSentences/hu/i_dont_think_so.mp3
6144,id,ExampleSentences/id/i_dont_think_so.mp3
6144,is,ExampleSentences/is/i_dont_think_so.mp3
6144,it,ExampleSentences/it/i_dont_think_so.mp3
6144,ja,ExampleSentences/ja/i_dont_think_so.mp3
6144,ko,ExampleSentences/ko/i_dont_think_so.mp3
6144,lt,ExampleSentences/lt/i_dont_think_so.mp3
6144,lv,ExampleSentences/lv/i_dont_think_so.mp3
6144,ml,ExampleSentences/ml/i_dont_think_so.mp3
6144,mr,ExampleSentences/mr/i_dont_think_so.mp3
6144,nl,ExampleSentences/nl/i_dont_think_so.mp3
6144,no,ExampleSentences/no/i_dont_think_so.mp3
6144,pl,ExampleSentences/pl/i_dont_think_so.mp3
6144,pt,ExampleSentences/pt/i_dont_think_so.mp3
6144,ro,ExampleSentences/ro/i_dont_think_so.mp3
6144,ru,ExampleSentences/ru/i_dont_think_so.mp3
6144,sk,ExampleSentences/sk/i_dont_think_so.mp3
6144,sl,ExampleSentences/sl/i_dont_think_so.mp3
6144,sv,ExampleSentences/sv/i_dont_think_so.mp3
6144,ta,ExampleSentences/ta/i_dont_think_so.mp3
6144,te,ExampleSentences/te/i_dont_think_so.mp3
6144,th,ExampleSentences/th/i_dont_think_so.mp3
6144,tr,ExampleSentences/tr/i_dont_think_so.mp3
6144,uk,ExampleSentences/uk/i_dont_think_so.mp3
6144,ur,ExampleSentences/ur/i_dont_think_so.mp3
6144,vi,ExampleSentences/vi/i_dont_think_so.mp3
6144,zh,ExampleSentences/zh/i_dont_think_so.mp3
6232,en,ExampleSentences/en/im_happy.mp3
6232,ar,ExampleSentences/ar/im_happy.mp3
6232,bg,ExampleSentences/bg/im_happy.mp3
6232,bn,ExampleSentences/bn/im_happy.mp3
6232,ca,ExampleSentences/ca/im_happy.mp3
6232,cs,ExampleSentences/cs/im_happy.mp3
6232,da,ExampleSentences/da/im_happy.mp3
6232,de,ExampleSentences/de/im_happy.mp3
6232,el,ExampleSentences/el/im_happy.mp3
6232,es,ExampleSentences/es/im_happy.mp3
6232,et,ExampleSentences/et/im_happy.mp3
6232,eu,ExampleSentences/eu/im_happy.mp3
6232,fi,ExampleSentences/fi/im_happy.mp3
6232,fr,ExampleSentences/fr/im_happy.mp3
6232,gu,ExampleSentences/gu/im_happy.mp3
6232,he,ExampleSentences/he/im_happy.mp3
6232,hi,ExampleSentences/hi/im_happy.mp3
6232,hr,ExampleSentences/hr/im_happy.mp3
6232,hu,ExampleSentences/hu/im_happy.mp3
6232,id,ExampleSentences/id/im_happy.mp3
6232,is,ExampleSentences/is/im_happy.mp3
6232,it,ExampleSentences/it/im_happy.mp3
6232,ja,ExampleSentences/ja/im_happy.mp3
6232,ko,ExampleSentences/ko/im_happy.mp3
6232,lt,ExampleSentences/lt/im_happy.mp3
6232,lv,ExampleSentences/lv/im_happy.mp3
6232,ml,ExampleSentences/ml/im_happy.mp3
6232,mr,ExampleSentences/mr/im_happy.mp3
6232,nl,ExampleSentences/nl/im_happy.mp3
6232,no,ExampleSentences/no/im_happy.mp3
6232,pl,ExampleSentences/pl/im_happy.mp3
6232,pt,ExampleSentences/pt/im_happy.mp3
6232,ro,ExampleSentences/ro/im_happy.mp3
6232,ru,ExampleSentences/ru/im_happy.mp3
6232,sk,ExampleSentences/sk/im_happy.mp3
6232,sl,ExampleSentences/sl/im_happy.mp3
6232,sv,ExampleSentences/sv/im_happy.mp3
6232,ta,ExampleSentences/ta/im_happy.mp3
6232,te,ExampleSentences/te/im_happy.mp3
6232,th,ExampleSentences/th/im_happy.mp3
6232,tr,ExampleSentences/tr/im_happy.mp3
6232,uk,ExampleSentences/uk/im_happy.mp3
6232,ur,ExampleSentences/ur/im_happy.mp3
6232,vi,ExampleSentences/vi/im_happy.mp3
6232,zh,ExampleSentences/zh/im_happy.mp3
6320,en,ExampleSentences/en/im_sad.mp3
6320,ar,ExampleSentences/ar/im_sad.mp3
6320,bg,ExampleSentences/bg/im_sad.mp3
6320,bn,ExampleSentences/bn/im_sad.mp3
6320,ca,ExampleSentences/ca/im_sad.mp3
6320,cs,ExampleSentences/cs/im_sad.mp3
6320,da,ExampleSentences/da/im_sad.mp3
6320,de,ExampleSentences/de/im_sad.mp3
6320,el,ExampleSentences/el/im_sad.mp3
6320,es,ExampleSentences/es/im_sad.mp3
6320,et,ExampleSentences/et/im_sad.mp3
6320,eu,ExampleSentences/eu/im_sad.mp3
6320,fi,ExampleSentences/fi/im_sad.mp3
6320,fr,ExampleSentences/fr/im_sad.mp3
6320,gu,ExampleSentences/gu/im_sad.mp3
6320,he,ExampleSentences/he/im_sad.mp3
6320,hi,ExampleSentences/hi/im_sad.mp3
6320,hr,ExampleSentences/hr/im_sad.mp3
6320,hu,ExampleSentences/hu/im_sad.mp3
6320,id,ExampleSentences/id/im_sad.mp3
6320,is,ExampleSentences/is/im_sad.mp3
6320,it,ExampleSentences/it/im_sad.mp3
6320,ja,ExampleSentences/ja/im_sad.mp3
6320,ko,ExampleSentences/ko/im_sad.mp3
6320,lt,ExampleSentences/lt/im_sad.mp3
6320,lv,ExampleSentences/lv/im_sad.mp3
6320,ml,ExampleSentences/ml/im_sad.mp3
6320,mr,ExampleSentences/mr/im_sad.mp3
6320,nl,ExampleSentences/nl/im_sad.mp3
6320,no,ExampleSentences/no/im_sad.mp3
6320,pl,ExampleSentences/pl/im_sad.mp3
6320,pt,ExampleSentences/pt/im_sad.mp3
6320,ro,ExampleSentences/ro/im_sad.mp3
6320,ru,ExampleSentences/ru/im_sad.mp3
6320,sk,ExampleSentences/sk/im_sad.mp3
6320,sl,ExampleSentences/sl/im_sad.mp3
6320,sv,ExampleSentences/sv/im_sad.mp3
6320,ta,ExampleSentences/ta/im_sad.mp3
6320,te,ExampleSentences/te/im_sad.mp3
6320,th,ExampleSentences/th/im_sad.mp3
6320,tr,ExampleSentences/tr/im_sad.mp3
6320,uk,ExampleSentences/uk/im_sad.mp3
6320,ur,ExampleSentences/ur/im_sad.mp3
6320,vi,ExampleSentences/vi/im_sad.mp3
6320,zh,ExampleSentences/zh/im_sad.mp3
6321,en,ExampleSentences/en/im_excited.mp3
6321,ar,ExampleSentences/ar/im_excited.mp3
6321,bg,ExampleSentences/bg/im_excited.mp3
6321,bn,ExampleSentences/bn/im_excited.mp3
6321,ca,ExampleSentences/ca/im_excited.mp3
6321,cs,ExampleSentences/cs/im_excited.mp3
6321,da,ExampleSentences/da/im_excited.mp3
6321,de,ExampleSentences/de/im_excited.mp3
6321,el,ExampleSentences/el/im_excited.mp3
6321,es,ExampleSentences/es/im_excited.mp3
6321,et,ExampleSentences/et/im_excited.mp3
6321,eu,ExampleSentences/eu/im_excited.mp3
6321,fi,ExampleSentences/fi/im_excited.mp3
6321,fr,ExampleSentences/fr/im_excited.mp3
6321,gu,ExampleSentences/gu/im_excited.mp3
6321,he,ExampleSentences/he/im_excited.mp3
6321,hi,ExampleSentences/hi/im_excited.mp3
6321,hr,ExampleSentences/hr/im_excited.mp3
6321,hu,ExampleSentences/hu/im_excited.mp3
6321,id,ExampleSentences/id/im_excited.mp3
6321,is,ExampleSentences/is/im_excited.mp3
6321,it,ExampleSentences/it/im_excited.mp3
6321,ja,ExampleSentences/ja/im_excited.mp3
6321,ko,ExampleSentences/ko/im_excited.mp3
6321,lt,ExampleSentences/lt/im_excited.mp3
6321,lv,ExampleSentences/lv/im_excited.mp3
6321,ml,ExampleSentences/ml/im_excited.mp3
6321,mr,ExampleSentences/mr/im_excited.mp3
6321,nl,ExampleSentences/nl/im_excited.mp3
6321,no,ExampleSentences/no/im_excited.mp3
6321,pl,ExampleSentences/pl/im_excited.mp3
6321,pt,ExampleSentences/pt/im_excited.mp3
6321,ro,ExampleSentences/ro/im_excited.mp3
6321,ru,ExampleSentences/ru/im_excited.mp3
6321,sk,ExampleSentences/sk/im_excited.mp3
6321,sl,ExampleSentences/sl/im_excited.mp3
6321,sv,ExampleSentences/sv/im_excited.mp3
6321,ta,ExampleSentences/ta/im_excited.mp3
6321,te,ExampleSentences/te/im_excited.mp3
6321,th,ExampleSentences/th/im_excited.mp3
6321,tr,ExampleSentences/tr/im_excited.mp3
6321,uk,ExampleSentences/uk/im_excited.mp3
6321,ur,ExampleSentences/ur/im_excited.mp3
6321,vi,ExampleSentences/vi/im_excited.mp3
6321,zh,ExampleSentences/zh/im_excited.mp3
6322,en,ExampleSentences/en/im_worried.mp3
6322,ar,ExampleSentences/ar/im_worried.mp3
6322,bg,ExampleSentences/bg/im_worried.mp3
6322,bn,ExampleSentences/bn/im_worried.mp3
6322,ca,ExampleSentences/ca/im_worried.mp3
6322,cs,ExampleSentences/cs/im_worried.mp3
6322,da,ExampleSentences/da/im_worried.mp3
6322,de,ExampleSentences/de/im_worried.mp3
6322,el,ExampleSentences/el/im_worried.mp3
6322,es,ExampleSentences/es/im_worried.mp3
6322,et,ExampleSentences/et/im_worried.mp3
6322,eu,ExampleSentences/eu/im_worried.mp3
6322,fi,ExampleSentences/fi/im_worried.mp3
6322,fr,ExampleSentences/fr/im_worried.mp3
6322,gu,ExampleSentences/gu/im_worried.mp3
6322,he,ExampleSentences/he/im_worried.mp3
6322,hi,ExampleSentences/hi/im_worried.mp3
6322,hr,ExampleSentences/hr/im_worried.mp3
6322,hu,ExampleSentences/hu/im_worried.mp3
6322,id,ExampleSentences/id/im_worried.mp3
6322,is,ExampleSentences/is/im_worried.mp3
6322,it,ExampleSentences/it/im_worried.mp3
6322,ja,ExampleSentences/ja/im_worried.mp3
6322,ko,ExampleSentences/ko/im_worried.mp3
6322,lt,ExampleSentences/lt/im_worried.mp3
6322,lv,ExampleSentences/lv/im_worried.mp3
6322,ml,ExampleSentences/ml/im_worried.mp3
6322,mr,ExampleSentences/mr/im_worried.mp3
6322,nl,ExampleSentences/nl/im_worried.mp3
6322,no,ExampleSentences/no/im_worried.mp3
6322,pl,ExampleSentences/pl/im_worried.mp3
6322,pt,ExampleSentences/pt/im_worried.mp3
6322,ro,ExampleSentences/ro/im_worried.mp3
6322,ru,ExampleSentences/ru/im_worried.mp3
6322,sk,ExampleSentences/sk/im_worried.mp3
6322,sl,ExampleSentences/sl/im_worried.mp3
6322,sv,ExampleSentences/sv/im_worried.mp3
6322,ta,ExampleSentences/ta/im_worried.mp3
6322,te,ExampleSentences/te/im_worried.mp3
6322,th,ExampleSentences/th/im_worried.mp3
6322,tr,ExampleSentences/tr/im_worried.mp3
6322,uk,ExampleSentences/uk/im_worried.mp3
6322,ur,ExampleSentences/ur/im_worried.mp3
6322,vi,ExampleSentences/vi/im_worried.mp3
6322,zh,ExampleSentences/zh/im_worried.mp3
6149,en,ExampleSentences/en/im_scared.mp3
6149,ar,ExampleSentences/ar/im_scared.mp3
6149,bg,ExampleSentences/bg/im_scared.mp3
6149,bn,ExampleSentences/bn/im_scared.mp3
6149,ca,ExampleSentences/ca/im_scared.mp3
6149,cs,ExampleSentences/cs/im_scared.mp3
6149,da,ExampleSentences/da/im_scared.mp3
6149,de,ExampleSentences/de/im_scared.mp3
6149,el,ExampleSentences/el/im_scared.mp3
6149,es,ExampleSentences/es/im_scared.mp3
6149,et,ExampleSentences/et/im_scared.mp3
6149,eu,ExampleSentences/eu/im_scared.mp3
6149,fi,ExampleSentences/fi/im_scared.mp3
6149,fr,ExampleSentences/fr/im_scared.mp3
6149,gu,ExampleSentences/gu/im_scared.mp3
6149,he,ExampleSentences/he/im_scared.mp3
6149,hi,ExampleSentences/hi/im_scared.mp3
6149,hr,ExampleSentences/hr/im_scared.mp3
6149,hu,ExampleSentences/hu/im_scared.mp3
6149,id,ExampleSentences/id/im_scared.mp3
6149,is,ExampleSentences/is/im_scared.mp3
6149,it,ExampleSentences/it/im_scared.mp3
6149,ja,ExampleSentences/ja/im_scared.mp3
6149,ko,ExampleSentences/ko/im_scared.mp3
6149,lt,ExampleSentences/lt/im_scared.mp3
6149,lv,ExampleSentences/lv/im_scared.mp3
6149,ml,ExampleSentences/ml/im_scared.mp3
6149,mr,ExampleSentences/mr/im_scared.mp3
6149,nl,ExampleSentences/nl/im_scared.mp3
6149,no,ExampleSentences/no/im_scared.mp3
6149,pl,ExampleSentences/pl/im_scared.mp3
6149,pt,ExampleSentences/pt/im_scared.mp3
6149,ro,ExampleSentences/ro/im_scared.mp3
6149,ru,ExampleSentences/ru/im_scared.mp3
6149,sk,ExampleSentences/sk/im_scared.mp3
6149,sl,ExampleSentences/sl/im_scared.mp3
6149,sv,ExampleSentences/sv/im_scared.mp3
6149,ta,ExampleSentences/ta/im_scared.mp3
6149,te,ExampleSentences/te/im_scared.mp3
6149,th,ExampleSentences/th/im_scared.mp3
6149,tr,ExampleSentences/tr/im_scared.mp3
6149,uk,ExampleSentences/uk/im_scared.mp3
6149,ur,ExampleSentences/ur/im_scared.mp3
6149,vi,ExampleSentences/vi/im_scared.mp3
6149,zh,ExampleSentences/zh/im_scared.mp3
6237,en,ExampleSentences/en/i_like_it.mp3
6237,ar,ExampleSentences/ar/i_like_it.mp3
6237,bg,ExampleSentences/bg/i_like_it.mp3
6237,bn,ExampleSentences/bn/i_like_it.mp3
6237,ca,ExampleSentences/ca/i_like_it.mp3
6237,cs,ExampleSentences/cs/i_like_it.mp3
6237,da,ExampleSentences/da/i_like_it.mp3
6237,de,ExampleSentences/de/i_like_it.mp3
6237,el,ExampleSentences/el/i_like_it.mp3
6237,es,ExampleSentences/es/i_like_it.mp3
6237,et,ExampleSentences/et/i_like_it.mp3
6237,eu,ExampleSentences/eu/i_like_it.mp3
6237,fi,ExampleSentences/fi/i_like_it.mp3
6237,fr,ExampleSentences/fr/i_like_it.mp3
6237,gu,ExampleSentences/gu/i_like_it.mp3
6237,he,ExampleSentences/he/i_like_it.mp3
6237,hi,ExampleSentences/hi/i_like_it.mp3
6237,hr,ExampleSentences/hr/i_like_it.mp3
6237,hu,ExampleSentences/hu/i_like_it.mp3
6237,id,ExampleSentences/id/i_like_it.mp3
6237,is,ExampleSentences/is/i_like_it.mp3
6237,it,ExampleSentences/it/i_like_it.mp3
6237,ja,ExampleSentences/ja/i_like_it.mp3
6237,ko,ExampleSentences/ko/i_like_it.mp3
6237,lt,ExampleSentences/lt/i_like_it.mp3
6237,lv,ExampleSentences/lv/i_like_it.mp3
6237,ml,ExampleSentences/ml/i_like_it.mp3
6237,mr,ExampleSentences/mr/i_like_it.mp3
6237,nl,ExampleSentences/nl/i_like_it.mp3
6237,no,ExampleSentences/no/i_like_it.mp3
6237,pl,ExampleSentences/pl/i_like_it.mp3
6237,pt,ExampleSentences/pt/i_like_it.mp3
6237,ro,ExampleSentences/ro/i_like_it.mp3
6237,ru,ExampleSentences/ru/i_like_it.mp3
6237,sk,ExampleSentences/sk/i_like_it.mp3
6237,sl,ExampleSentences/sl/i_like_it.mp3
6237,sv,ExampleSentences/sv/i_like_it.mp3
6237,ta,ExampleSentences/ta/i_like_it.mp3
6237,te,ExampleSentences/te/i_like_it.mp3
6237,th,ExampleSentences/th/i_like_it.mp3
6237,tr,ExampleSentences/tr/i_like_it.mp3
6237,uk,ExampleSentences/uk/i_like_it.mp3
6237,ur,ExampleSentences/ur/i_like_it.mp3
6237,vi,ExampleSentences/vi/i_like_it.mp3
6237,zh,ExampleSentences/zh/i_like_it.mp3
6325,en,ExampleSentences/en/i_love_it.mp3
6325,ar,ExampleSentences/ar/i_love_it.mp3
6325,bg,ExampleSentences/bg/i_love_it.mp3
6325,bn,ExampleSentences/bn/i_love_it.mp3
6325,ca,ExampleSentences/ca/i_love_it.mp3
6325,cs,ExampleSentences/cs/i_love_it.mp3
6325,da,ExampleSentences/da/i_love_it.mp3
6325,de,ExampleSentences/de/i_love_it.mp3
6325,el,ExampleSentences/el/i_love_it.mp3
6325,es,ExampleSentences/es/i_love_it.mp3
6325,et,ExampleSentences/et/i_love_it.mp3
6325,eu,ExampleSentences/eu/i_love_it.mp3
6325,fi,ExampleSentences/fi/i_love_it.mp3
6325,fr,ExampleSentences/fr/i_love_it.mp3
6325,gu,ExampleSentences/gu/i_love_it.mp3
6325,he,ExampleSentences/he/i_love_it.mp3
6325,hi,ExampleSentences/hi/i_love_it.mp3
6325,hr,ExampleSentences/hr/i_love_it.mp3
6325,hu,ExampleSentences/hu/i_love_it.mp3
6325,id,ExampleSentences/id/i_love_it.mp3
6325,is,ExampleSentences/is/i_love_it.mp3
6325,it,ExampleSentences/it/i_love_it.mp3
6325,ja,ExampleSentences/ja/i_love_it.mp3
6325,ko,ExampleSentences/ko/i_love_it.mp3
6325,lt,ExampleSentences/lt/i_love_it.mp3
6325,lv,ExampleSentences/lv/i_love_it.mp3
6325,ml,ExampleSentences/ml/i_love_it.mp3
6325,mr,ExampleSentences/mr/i_love_it.mp3
6325,nl,ExampleSentences/nl/i_love_it.mp3
6325,no,ExampleSentences/no/i_love_it.mp3
6325,pl,ExampleSentences/pl/i_love_it.mp3
6325,pt,ExampleSentences/pt/i_love_it.mp3
6325,ro,ExampleSentences/ro/i_love_it.mp3
6325,ru,ExampleSentences/ru/i_love_it.mp3
6325,sk,ExampleSentences/sk/i_love_it.mp3
6325,sl,ExampleSentences/sl/i_love_it.mp3
6325,sv,ExampleSentences/sv/i_love_it.mp3
6325,ta,ExampleSentences/ta/i_love_it.mp3
6325,te,ExampleSentences/te/i_love_it.mp3
6325,th,ExampleSentences/th/i_love_it.mp3
6325,tr,ExampleSentences/tr/i_love_it.mp3
6325,uk,ExampleSentences/uk/i_love_it.mp3
6325,ur,ExampleSentences/ur/i_love_it.mp3
6325,vi,ExampleSentences/vi/i_love_it.mp3
6325,zh,ExampleSentences/zh/i_love_it.mp3
6152,en,ExampleSentences/en/i_dont_like_it.mp3
6152,ar,ExampleSentences/ar/i_dont_like_it.mp3
6152,bg,ExampleSentences/bg/i_dont_like_it.mp3
6152,bn,ExampleSentences/bn/i_dont_like_it.mp3
6152,ca,ExampleSentences/ca/i_dont_like_it.mp3
6152,cs,ExampleSentences/cs/i_dont_like_it.mp3
6152,da,ExampleSentences/da/i_dont_like_it.mp3
6152,de,ExampleSentences/de/i_dont_like_it.mp3
6152,el,ExampleSentences/el/i_dont_like_it.mp3
6152,es,ExampleSentences/es/i_dont_like_it.mp3
6152,et,ExampleSentences/et/i_dont_like_it.mp3
6152,eu,ExampleSentences/eu/i_dont_like_it.mp3
6152,fi,ExampleSentences/fi/i_dont_like_it.mp3
6152,fr,ExampleSentences/fr/i_dont_like_it.mp3
6152,gu,ExampleSentences/gu/i_dont_like_it.mp3
6152,he,ExampleSentences/he/i_dont_like_it.mp3
6152,hi,ExampleSentences/hi/i_dont_like_it.mp3
6152,hr,ExampleSentences/hr/i_dont_like_it.mp3
6152,hu,ExampleSentences/hu/i_dont_like_it.mp3
6152,id,ExampleSentences/id/i_dont_like_it.mp3
6152,is,ExampleSentences/is/i_dont_like_it.mp3
6152,it,ExampleSentences/it/i_dont_like_it.mp3
6152,ja,ExampleSentences/ja/i_dont_like_it.mp3
6152,ko,ExampleSentences/ko/i_dont_like_it.mp3
6152,lt,ExampleSentences/lt/i_dont_like_it.mp3
6152,lv,ExampleSentences/lv/i_dont_like_it.mp3
6152,ml,ExampleSentences/ml/i_dont_like_it.mp3
6152,mr,ExampleSentences/mr/i_dont_like_it.mp3
6152,nl,ExampleSentences/nl/i_dont_like_it.mp3
6152,no,ExampleSentences/no/i_dont_like_it.mp3
6152,pl,ExampleSentences/pl/i_dont_like_it.mp3
6152,pt,ExampleSentences/pt/i_dont_like_it.mp3
6152,ro,ExampleSentences/ro/i_dont_like_it.mp3
6152,ru,ExampleSentences/ru/i_dont_like_it.mp3
6152,sk,ExampleSentences/sk/i_dont_like_it.mp3
6152,sl,ExampleSentences/sl/i_dont_like_it.mp3
6152,sv,ExampleSentences/sv/i_dont_like_it.mp3
6152,ta,ExampleSentences/ta/i_dont_like_it.mp3
6152,te,ExampleSentences/te/i_dont_like_it.mp3
6152,th,ExampleSentences/th/i_dont_like_it.mp3
6152,tr,ExampleSentences/tr/i_dont_like_it.mp3
6152,uk,ExampleSentences/uk/i_dont_like_it.mp3
6152,ur,ExampleSentences/ur/i_dont_like_it.mp3
6152,vi,ExampleSentences/vi/i_dont_like_it.mp3
6152,zh,ExampleSentences/zh/i_dont_like_it.mp3
6153,en,ExampleSentences/en/thats_great.mp3
6153,ar,ExampleSentences/ar/thats_great.mp3
6153,bg,ExampleSentences/bg/thats_great.mp3
6153,bn,ExampleSentences/bn/thats_great.mp3
6153,ca,ExampleSentences/ca/thats_great.mp3
6153,cs,ExampleSentences/cs/thats_great.mp3
6153,da,ExampleSentences/da/thats_great.mp3
6153,de,ExampleSentences/de/thats_great.mp3
6153,el,ExampleSentences/el/thats_great.mp3
6153,es,ExampleSentences/es/thats_great.mp3
6153,et,ExampleSentences/et/thats_great.mp3
6153,eu,ExampleSentences/eu/thats_great.mp3
6153,fi,ExampleSentences/fi/thats_great.mp3
6153,fr,ExampleSentences/fr/thats_great.mp3
6153,gu,ExampleSentences/gu/thats_great.mp3
6153,he,ExampleSentences/he/thats_great.mp3
6153,hi,ExampleSentences/hi/thats_great.mp3
6153,hr,ExampleSentences/hr/thats_great.mp3
6153,hu,ExampleSentences/hu/thats_great.mp3
6153,id,ExampleSentences/id/thats_great.mp3
6153,is,ExampleSentences/is/thats_great.mp3
6153,it,ExampleSentences/it/thats_great.mp3
6153,ja,ExampleSentences/ja/thats_great.mp3
6153,ko,ExampleSentences/ko/thats_great.mp3
6153,lt,ExampleSentences/lt/thats_great.mp3
6153,lv,ExampleSentences/lv/thats_great.mp3
6153,ml,ExampleSentences/ml/thats_great.mp3
6153,mr,ExampleSentences/mr/thats_great.mp3
6153,nl,ExampleSentences/nl/thats_great.mp3
6153,no,ExampleSentences/no/thats_great.mp3
6153,pl,ExampleSentences/pl/thats_great.mp3
6153,pt,ExampleSentences/pt/thats_great.mp3
6153,ro,ExampleSentences/ro/thats_great.mp3
6153,ru,ExampleSentences/ru/thats_great.mp3
6153,sk,ExampleSentences/sk/thats_great.mp3
6153,sl,ExampleSentences/sl/thats_great.mp3
6153,sv,ExampleSentences/sv/thats_great.mp3
6153,ta,ExampleSentences/ta/thats_great.mp3
6153,te,ExampleSentences/te/thats_great.mp3
6153,th,ExampleSentences/th/thats_great.mp3
6153,tr,ExampleSentences/tr/thats_great.mp3
6153,uk,ExampleSentences/uk/thats_great.mp3
6153,ur,ExampleSentences/ur/thats_great.mp3
6153,vi,ExampleSentences/vi/thats_great.mp3
6153,zh,ExampleSentences/zh/thats_great.mp3
6241,en,ExampleSentences/en/thats_terrible.mp3
6241,ar,ExampleSentences/ar/thats_terrible.mp3
6241,bg,ExampleSentences/bg/thats_terrible.mp3
6241,bn,ExampleSentences/bn/thats_terrible.mp3
6241,ca,ExampleSentences/ca/thats_terrible.mp3
6241,cs,ExampleSentences/cs/thats_terrible.mp3
6241,da,ExampleSentences/da/thats_terrible.mp3
6241,de,ExampleSentences/de/thats_terrible.mp3
6241,el,ExampleSentences/el/thats_terrible.mp3
6241,es,ExampleSentences/es/thats_terrible.mp3
6241,et,ExampleSentences/et/thats_terrible.mp3
6241,eu,ExampleSentences/eu/thats_terrible.mp3
6241,fi,ExampleSentences/fi/thats_terrible.mp3
6241,fr,ExampleSentences/fr/thats_terrible.mp3
6241,gu,ExampleSentences/gu/thats_terrible.mp3
6241,he,ExampleSentences/he/thats_terrible.mp3
6241,hi,ExampleSentences/hi/thats_terrible.mp3
6241,hr,ExampleSentences/hr/thats_terrible.mp3
6241,hu,ExampleSentences/hu/thats_terrible.mp3
6241,id,ExampleSentences/id/thats_terrible.mp3
6241,is,ExampleSentences/is/thats_terrible.mp3
6241,it,ExampleSentences/it/thats_terrible.mp3
6241,ja,ExampleSentences/ja/thats_terrible.mp3
6241,ko,ExampleSentences/ko/thats_terrible.mp3
6241,lt,ExampleSentences/lt/thats_terrible.mp3
6241,lv,ExampleSentences/lv/thats_terrible.mp3
6241,ml,ExampleSentences/ml/thats_terrible.mp3
6241,mr,ExampleSentences/mr/thats_terrible.mp3
6241,nl,ExampleSentences/nl/thats_terrible.mp3
6241,no,ExampleSentences/no/thats_terrible.mp3
6241,pl,ExampleSentences/pl/thats_terrible.mp3
6241,pt,ExampleSentences/pt/thats_terrible.mp3
6241,ro,ExampleSentences/ro/thats_terrible.mp3
6241,ru,ExampleSentences/ru/thats_terrible.mp3
6241,sk,ExampleSentences/sk/thats_terrible.mp3
6241,sl,ExampleSentences/sl/thats_terrible.mp3
6241,sv,ExampleSentences/sv/thats_terrible.mp3
6241,ta,ExampleSentences/ta/thats_terrible.mp3
6241,te,ExampleSentences/te/thats_terrible.mp3
6241,th,ExampleSentences/th/thats_terrible.mp3
6241,tr,ExampleSentences/tr/thats_terrible.mp3
6241,uk,ExampleSentences/uk/thats_terrible.mp3
6241,ur,ExampleSentences/ur/thats_terrible.mp3
6241,vi,ExampleSentences/vi/thats_terrible.mp3
6241,zh,ExampleSentences/zh/thats_terrible.mp3
6329,en,ExampleSentences/en/what_are_your_plans.mp3
6329,ar,ExampleSentences/ar/what_are_your_plans.mp3
6329,bg,ExampleSentences/bg/what_are_your_plans.mp3
6329,bn,ExampleSentences/bn/what_are_your_plans.mp3
6329,ca,ExampleSentences/ca/what_are_your_plans.mp3
6329,cs,ExampleSentences/cs/what_are_your_plans.mp3
6329,da,ExampleSentences/da/what_are_your_plans.mp3
6329,de,ExampleSentences/de/what_are_your_plans.mp3
6329,el,ExampleSentences/el/what_are_your_plans.mp3
6329,es,ExampleSentences/es/what_are_your_plans.mp3
6329,et,ExampleSentences/et/what_are_your_plans.mp3
6329,eu,ExampleSentences/eu/what_are_your_plans.mp3
6329,fi,ExampleSentences/fi/what_are_your_plans.mp3
6329,fr,ExampleSentences/fr/what_are_your_plans.mp3
6329,gu,ExampleSentences/gu/what_are_your_plans.mp3
6329,he,ExampleSentences/he/what_are_your_plans.mp3
6329,hi,ExampleSentences/hi/what_are_your_plans.mp3
6329,hr,ExampleSentences/hr/what_are_your_plans.mp3
6329,hu,ExampleSentences/hu/what_are_your_plans.mp3
6329,id,ExampleSentences/id/what_are_your_plans.mp3
6329,is,ExampleSentences/is/what_are_your_plans.mp3
6329,it,ExampleSentences/it/what_are_your_plans.mp3
6329,ja,ExampleSentences/ja/what_are_your_plans.mp3
6329,ko,ExampleSentences/ko/what_are_your_plans.mp3
6329,lt,ExampleSentences/lt/what_are_your_plans.mp3
6329,lv,ExampleSentences/lv/what_are_your_plans.mp3
6329,ml,ExampleSentences/ml/what_are_your_plans.mp3
6329,mr,ExampleSentences/mr/what_are_your_plans.mp3
6329,nl,ExampleSentences/nl/what_are_your_plans.mp3
6329,no,ExampleSentences/no/what_are_your_plans.mp3
6329,pl,ExampleSentences/pl/what_are_your_plans.mp3
6329,pt,ExampleSentences/pt/what_are_your_plans.mp3
6329,ro,ExampleSentences/ro/what_are_your_plans.mp3
6329,ru,ExampleSentences/ru/what_are_your_plans.mp3
6329,sk,ExampleSentences/sk/what_are_your_plans.mp3
6329,sl,ExampleSentences/sl/what_are_your_plans.mp3
6329,sv,ExampleSentences/sv/what_are_your_plans.mp3
6329,ta,ExampleSentences/ta/what_are_your_plans.mp3
6329,te,ExampleSentences/te/what_are_your_plans.mp3
6329,th,ExampleSentences/th/what_are_your_plans.mp3
6329,tr,ExampleSentences/tr/what_are_your_plans.mp3
6329,uk,ExampleSentences/uk/what_are_your_plans.mp3
6329,ur,ExampleSentences/ur/what_are_your_plans.mp3
6329,vi,ExampleSentences/vi/what_are_your_plans.mp3
6329,zh,ExampleSentences/zh/what_are_your_plans.mp3
6156,en,ExampleSentences/en/im_free_today.mp3
6156,ar,ExampleSentences/ar/im_free_today.mp3
6156,bg,ExampleSentences/bg/im_free_today.mp3
6156,bn,ExampleSentences/bn/im_free_today.mp3
6156,ca,ExampleSentences/ca/im_free_today.mp3
6156,cs,ExampleSentences/cs/im_free_today.mp3
6156,da,ExampleSentences/da/im_free_today.mp3
6156,de,ExampleSentences/de/im_free_today.mp3
6156,el,ExampleSentences/el/im_free_today.mp3
6156,es,ExampleSentences/es/im_free_today.mp3
6156,et,ExampleSentences/et/im_free_today.mp3
6156,eu,ExampleSentences/eu/im_free_today.mp3
6156,fi,ExampleSentences/fi/im_free_today.mp3
6156,fr,ExampleSentences/fr/im_free_today.mp3
6156,gu,ExampleSentences/gu/im_free_today.mp3
6156,he,ExampleSentences/he/im_free_today.mp3
6156,hi,ExampleSentences/hi/im_free_today.mp3
6156,hr,ExampleSentences/hr/im_free_today.mp3
6156,hu,ExampleSentences/hu/im_free_today.mp3
6156,id,ExampleSentences/id/im_free_today.mp3
6156,is,ExampleSentences/is/im_free_today.mp3
6156,it,ExampleSentences/it/im_free_today.mp3
6156,ja,ExampleSentences/ja/im_free_today.mp3
6156,ko,ExampleSentences/ko/im_free_today.mp3
6156,lt,ExampleSentences/lt/im_free_today.mp3
6156,lv,ExampleSentences/lv/im_free_today.mp3
6156,ml,ExampleSentences/ml/im_free_today.mp3
6156,mr,ExampleSentences/mr/im_free_today.mp3
6156,nl,ExampleSentences/nl/im_free_today.mp3
6156,no,ExampleSentences/no/im_free_today.mp3
6156,pl,ExampleSentences/pl/im_free_today.mp3
6156,pt,ExampleSentences/pt/im_free_today.mp3
6156,ro,ExampleSentences/ro/im_free_today.mp3
6156,ru,ExampleSentences/ru/im_free_today.mp3
6156,sk,ExampleSentences/sk/im_free_today.mp3
6156,sl,ExampleSentences/sl/im_free_today.mp3
6156,sv,ExampleSentences/sv/im_free_today.mp3
6156,ta,ExampleSentences/ta/im_free_today.mp3
6156,te,ExampleSentences/te/im_free_today.mp3
6156,th,ExampleSentences/th/im_free_today.mp3
6156,tr,ExampleSentences/tr/im_free_today.mp3
6156,uk,ExampleSentences/uk/im_free_today.mp3
6156,ur,ExampleSentences/ur/im_free_today.mp3
6156,vi,ExampleSentences/vi/im_free_today.mp3
6156,zh,ExampleSentences/zh/im_free_today.mp3
6244,en,ExampleSentences/en/im_busy_tomorrow.mp3
6244,ar,ExampleSentences/ar/im_busy_tomorrow.mp3
6244,bg,ExampleSentences/bg/im_busy_tomorrow.mp3
6244,bn,ExampleSentences/bn/im_busy_tomorrow.mp3
6244,ca,ExampleSentences/ca/im_busy_tomorrow.mp3
6244,cs,ExampleSentences/cs/im_busy_tomorrow.mp3
6244,da,ExampleSentences/da/im_busy_tomorrow.mp3
6244,de,ExampleSentences/de/im_busy_tomorrow.mp3
6244,el,ExampleSentences/el/im_busy_tomorrow.mp3
6244,es,ExampleSentences/es/im_busy_tomorrow.mp3
6244,et,ExampleSentences/et/im_busy_tomorrow.mp3
6244,eu,ExampleSentences/eu/im_busy_tomorrow.mp3
6244,fi,ExampleSentences/fi/im_busy_tomorrow.mp3
6244,fr,ExampleSentences/fr/im_busy_tomorrow.mp3
6244,gu,ExampleSentences/gu/im_busy_tomorrow.mp3
6244,he,ExampleSentences/he/im_busy_tomorrow.mp3
6244,hi,ExampleSentences/hi/im_busy_tomorrow.mp3
6244,hr,ExampleSentences/hr/im_busy_tomorrow.mp3
6244,hu,ExampleSentences/hu/im_busy_tomorrow.mp3
6244,id,ExampleSentences/id/im_busy_tomorrow.mp3
6244,is,ExampleSentences/is/im_busy_tomorrow.mp3
6244,it,ExampleSentences/it/im_busy_tomorrow.mp3
6244,ja,ExampleSentences/ja/im_busy_tomorrow.mp3
6244,ko,ExampleSentences/ko/im_busy_tomorrow.mp3
6244,lt,ExampleSentences/lt/im_busy_tomorrow.mp3
6244,lv,ExampleSentences/lv/im_busy_tomorrow.mp3
6244,ml,ExampleSentences/ml/im_busy_tomorrow.mp3
6244,mr,ExampleSentences/mr/im_busy_tomorrow.mp3
6244,nl,ExampleSentences/nl/im_busy_tomorrow.mp3
6244,no,ExampleSentences/no/im_busy_tomorrow.mp3
6244,pl,ExampleSentences/pl/im_busy_tomorrow.mp3
6244,pt,ExampleSentences/pt/im_busy_tomorrow.mp3
6244,ro,ExampleSentences/ro/im_busy_tomorrow.mp3
6244,ru,ExampleSentences/ru/im_busy_tomorrow.mp3
6244,sk,ExampleSentences/sk/im_busy_tomorrow.mp3
6244,sl,ExampleSentences/sl/im_busy_tomorrow.mp3
6244,sv,ExampleSentences/sv/im_busy_tomorrow.mp3
6244,ta,ExampleSentences/ta/im_busy_tomorrow.mp3
6244,te,ExampleSentences/te/im_busy_tomorrow.mp3
6244,th,ExampleSentences/th/im_busy_tomorrow.mp3
6244,tr,ExampleSentences/tr/im_busy_tomorrow.mp3
6244,uk,ExampleSentences/uk/im_busy_tomorrow.mp3
6244,ur,ExampleSentences/ur/im_busy_tomorrow.mp3
6244,vi,ExampleSentences/vi/im_busy_tomorrow.mp3
6244,zh,ExampleSentences/zh/im_busy_tomorrow.mp3
6245,en,ExampleSentences/en/lets_meet_tomorrow.mp3
6245,ar,ExampleSentences/ar/lets_meet_tomorrow.mp3
6245,bg,ExampleSentences/bg/lets_meet_tomorrow.mp3
6245,bn,ExampleSentences/bn/lets_meet_tomorrow.mp3
6245,ca,ExampleSentences/ca/lets_meet_tomorrow.mp3
6245,cs,ExampleSentences/cs/lets_meet_tomorrow.mp3
6245,da,ExampleSentences/da/lets_meet_tomorrow.mp3
6245,de,ExampleSentences/de/lets_meet_tomorrow.mp3
6245,el,ExampleSentences/el/lets_meet_tomorrow.mp3
6245,es,ExampleSentences/es/lets_meet_tomorrow.mp3
6245,et,ExampleSentences/et/lets_meet_tomorrow.mp3
6245,eu,ExampleSentences/eu/lets_meet_tomorrow.mp3
6245,fi,ExampleSentences/fi/lets_meet_tomorrow.mp3
6245,fr,ExampleSentences/fr/lets_meet_tomorrow.mp3
6245,gu,ExampleSentences/gu/lets_meet_tomorrow.mp3
6245,he,ExampleSentences/he/lets_meet_tomorrow.mp3
6245,hi,ExampleSentences/hi/lets_meet_tomorrow.mp3
6245,hr,ExampleSentences/hr/lets_meet_tomorrow.mp3
6245,hu,ExampleSentences/hu/lets_meet_tomorrow.mp3
6245,id,ExampleSentences/id/lets_meet_tomorrow.mp3
6245,is,ExampleSentences/is/lets_meet_tomorrow.mp3
6245,it,ExampleSentences/it/lets_meet_tomorrow.mp3
6245,ja,ExampleSentences/ja/lets_meet_tomorrow.mp3
6245,ko,ExampleSentences/ko/lets_meet_tomorrow.mp3
6245,lt,ExampleSentences/lt/lets_meet_tomorrow.mp3
6245,lv,ExampleSentences/lv/lets_meet_tomorrow.mp3
6245,ml,ExampleSentences/ml/lets_meet_tomorrow.mp3
6245,mr,ExampleSentences/mr/lets_meet_tomorrow.mp3
6245,nl,ExampleSentences/nl/lets_meet_tomorrow.mp3
6245,no,ExampleSentences/no/lets_meet_tomorrow.mp3
6245,pl,ExampleSentences/pl/lets_meet_tomorrow.mp3
6245,pt,ExampleSentences/pt/lets_meet_tomorrow.mp3
6245,ro,ExampleSentences/ro/lets_meet_tomorrow.mp3
6245,ru,ExampleSentences/ru/lets_meet_tomorrow.mp3
6245,sk,ExampleSentences/sk/lets_meet_tomorrow.mp3
6245,sl,ExampleSentences/sl/lets_meet_tomorrow.mp3
6245,sv,ExampleSentences/sv/lets_meet_tomorrow.mp3
6245,ta,ExampleSentences/ta/lets_meet_tomorrow.mp3
6245,te,ExampleSentences/te/lets_meet_tomorrow.mp3
6245,th,ExampleSentences/th/lets_meet_tomorrow.mp3
6245,tr,ExampleSentences/tr/lets_meet_tomorrow.mp3
6245,uk,ExampleSentences/uk/lets_meet_tomorrow.mp3
6245,ur,ExampleSentences/ur/lets_meet_tomorrow.mp3
6245,vi,ExampleSentences/vi/lets_meet_tomorrow.mp3
6245,zh,ExampleSentences/zh/lets_meet_tomorrow.mp3
6246,en,ExampleSentences/en/what_time.mp3
6246,ar,ExampleSentences/ar/what_time.mp3
6246,bg,ExampleSentences/bg/what_time.mp3
6246,bn,ExampleSentences/bn/what_time.mp3
6246,ca,ExampleSentences/ca/what_time.mp3
6246,cs,ExampleSentences/cs/what_time.mp3
6246,da,ExampleSentences/da/what_time.mp3
6246,de,ExampleSentences/de/what_time.mp3
6246,el,ExampleSentences/el/what_time.mp3
6246,es,ExampleSentences/es/what_time.mp3
6246,et,ExampleSentences/et/what_time.mp3
6246,eu,ExampleSentences/eu/what_time.mp3
6246,fi,ExampleSentences/fi/what_time.mp3
6246,fr,ExampleSentences/fr/what_time.mp3
6246,gu,ExampleSentences/gu/what_time.mp3
6246,he,ExampleSentences/he/what_time.mp3
6246,hi,ExampleSentences/hi/what_time.mp3
6246,hr,ExampleSentences/hr/what_time.mp3
6246,hu,ExampleSentences/hu/what_time.mp3
6246,id,ExampleSentences/id/what_time.mp3
6246,is,ExampleSentences/is/what_time.mp3
6246,it,ExampleSentences/it/what_time.mp3
6246,ja,ExampleSentences/ja/what_time.mp3
6246,ko,ExampleSentences/ko/what_time.mp3
6246,lt,ExampleSentences/lt/what_time.mp3
6246,lv,ExampleSentences/lv/what_time.mp3
6246,ml,ExampleSentences/ml/what_time.mp3
6246,mr,ExampleSentences/mr/what_time.mp3
6246,nl,ExampleSentences/nl/what_time.mp3
6246,no,ExampleSentences/no/what_time.mp3
6246,pl,ExampleSentences/pl/what_time.mp3
6246,pt,ExampleSentences/pt/what_time.mp3
6246,ro,ExampleSentences/ro/what_time.mp3
6246,ru,ExampleSentences/ru/what_time.mp3
6246,sk,ExampleSentences/sk/what_time.mp3
6246,sl,ExampleSentences/sl/what_time.mp3
6246,sv,ExampleSentences/sv/what_time.mp3
6246,ta,ExampleSentences/ta/what_time.mp3
6246,te,ExampleSentences/te/what_time.mp3
6246,th,ExampleSentences/th/what_time.mp3
6246,tr,ExampleSentences/tr/what_time.mp3
6246,uk,ExampleSentences/uk/what_time.mp3
6246,ur,ExampleSentences/ur/what_time.mp3
6246,vi,ExampleSentences/vi/what_time.mp3
6246,zh,ExampleSentences/zh/what_time.mp3
6247,en,ExampleSentences/en/see_you_soon.mp3
6247,ar,ExampleSentences/ar/see_you_soon.mp3
6247,bg,ExampleSentences/bg/see_you_soon.mp3
6247,bn,ExampleSentences/bn/see_you_soon.mp3
6247,ca,ExampleSentences/ca/see_you_soon.mp3
6247,cs,ExampleSentences/cs/see_you_soon.mp3
6247,da,ExampleSentences/da/see_you_soon.mp3
6247,de,ExampleSentences/de/see_you_soon.mp3
6247,el,ExampleSentences/el/see_you_soon.mp3
6247,es,ExampleSentences/es/see_you_soon.mp3
6247,et,ExampleSentences/et/see_you_soon.mp3
6247,eu,ExampleSentences/eu/see_you_soon.mp3
6247,fi,ExampleSentences/fi/see_you_soon.mp3
6247,fr,ExampleSentences/fr/see_you_soon.mp3
6247,gu,ExampleSentences/gu/see_you_soon.mp3
6247,he,ExampleSentences/he/see_you_soon.mp3
6247,hi,ExampleSentences/hi/see_you_soon.mp3
6247,hr,ExampleSentences/hr/see_you_soon.mp3
6247,hu,ExampleSentences/hu/see_you_soon.mp3
6247,id,ExampleSentences/id/see_you_soon.mp3
6247,is,ExampleSentences/is/see_you_soon.mp3
6247,it,ExampleSentences/it/see_you_soon.mp3
6247,ja,ExampleSentences/ja/see_you_soon.mp3
6247,ko,ExampleSentences/ko/see_you_soon.mp3
6247,lt,ExampleSentences/lt/see_you_soon.mp3
6247,lv,ExampleSentences/lv/see_you_soon.mp3
6247,ml,ExampleSentences/ml/see_you_soon.mp3
6247,mr,ExampleSentences/mr/see_you_soon.mp3
6247,nl,ExampleSentences/nl/see_you_soon.mp3
6247,no,ExampleSentences/no/see_you_soon.mp3
6247,pl,ExampleSentences/pl/see_you_soon.mp3
6247,pt,ExampleSentences/pt/see_you_soon.mp3
6247,ro,ExampleSentences/ro/see_you_soon.mp3
6247,ru,ExampleSentences/ru/see_you_soon.mp3
6247,sk,ExampleSentences/sk/see_you_soon.mp3
6247,sl,ExampleSentences/sl/see_you_soon.mp3
6247,sv,ExampleSentences/sv/see_you_soon.mp3
6247,ta,ExampleSentences/ta/see_you_soon.mp3
6247,te,ExampleSentences/te/see_you_soon.mp3
6247,th,ExampleSentences/th/see_you_soon.mp3
6247,tr,ExampleSentences/tr/see_you_soon.mp3
6247,uk,ExampleSentences/uk/see_you_soon.mp3
6247,ur,ExampleSentences/ur/see_you_soon.mp3
6247,vi,ExampleSentences/vi/see_you_soon.mp3
6247,zh,ExampleSentences/zh/see_you_soon.mp3
6248,en,ExampleSentences/en/call_me_later.mp3
6248,ar,ExampleSentences/ar/call_me_later.mp3
6248,bg,ExampleSentences/bg/call_me_later.mp3
6248,bn,ExampleSentences/bn/call_me_later.mp3
6248,ca,ExampleSentences/ca/call_me_later.mp3
6248,cs,ExampleSentences/cs/call_me_later.mp3
6248,da,ExampleSentences/da/call_me_later.mp3
6248,de,ExampleSentences/de/call_me_later.mp3
6248,el,ExampleSentences/el/call_me_later.mp3
6248,es,ExampleSentences/es/call_me_later.mp3
6248,et,ExampleSentences/et/call_me_later.mp3
6248,eu,ExampleSentences/eu/call_me_later.mp3
6248,fi,ExampleSentences/fi/call_me_later.mp3
6248,fr,ExampleSentences/fr/call_me_later.mp3
6248,gu,ExampleSentences/gu/call_me_later.mp3
6248,he,ExampleSentences/he/call_me_later.mp3
6248,hi,ExampleSentences/hi/call_me_later.mp3
6248,hr,ExampleSentences/hr/call_me_later.mp3
6248,hu,ExampleSentences/hu/call_me_later.mp3
6248,id,ExampleSentences/id/call_me_later.mp3
6248,is,ExampleSentences/is/call_me_later.mp3
6248,it,ExampleSentences/it/call_me_later.mp3
6248,ja,ExampleSentences/ja/call_me_later.mp3
6248,ko,ExampleSentences/ko/call_me_later.mp3
6248,lt,ExampleSentences/lt/call_me_later.mp3
6248,lv,ExampleSentences/lv/call_me_later.mp3
6248,ml,ExampleSentences/ml/call_me_later.mp3
6248,mr,ExampleSentences/mr/call_me_later.mp3
6248,nl,ExampleSentences/nl/call_me_later.mp3
6248,no,ExampleSentences/no/call_me_later.mp3
6248,pl,ExampleSentences/pl/call_me_later.mp3
6248,pt,ExampleSentences/pt/call_me_later.mp3
6248,ro,ExampleSentences/ro/call_me_later.mp3
6248,ru,ExampleSentences/ru/call_me_later.mp3
6248,sk,ExampleSentences/sk/call_me_later.mp3
6248,sl,ExampleSentences/sl/call_me_later.mp3
6248,sv,ExampleSentences/sv/call_me_later.mp3
6248,ta,ExampleSentences/ta/call_me_later.mp3
6248,te,ExampleSentences/te/call_me_later.mp3
6248,th,ExampleSentences/th/call_me_later.mp3
6248,tr,ExampleSentences/tr/call_me_later.mp3
6248,uk,ExampleSentences/uk/call_me_later.mp3
6248,ur,ExampleSentences/ur/call_me_later.mp3
6248,vi,ExampleSentences/vi/call_me_later.mp3
6248,zh,ExampleSentences/zh/call_me_later.mp3
6336,en,ExampleSentences/en/send_me_a_message.mp3
6336,ar,ExampleSentences/ar/send_me_a_message.mp3
6336,bg,ExampleSentences/bg/send_me_a_message.mp3
6336,bn,ExampleSentences/bn/send_me_a_message.mp3
6336,ca,ExampleSentences/ca/send_me_a_message.mp3
6336,cs,ExampleSentences/cs/send_me_a_message.mp3
6336,da,ExampleSentences/da/send_me_a_message.mp3
6336,de,ExampleSentences/de/send_me_a_message.mp3
6336,el,ExampleSentences/el/send_me_a_message.mp3
6336,es,ExampleSentences/es/send_me_a_message.mp3
6336,et,ExampleSentences/et/send_me_a_message.mp3
6336,eu,ExampleSentences/eu/send_me_a_message.mp3
6336,fi,ExampleSentences/fi/send_me_a_message.mp3
6336,fr,ExampleSentences/fr/send_me_a_message.mp3
6336,gu,ExampleSentences/gu/send_me_a_message.mp3
6336,he,ExampleSentences/he/send_me_a_message.mp3
6336,hi,ExampleSentences/hi/send_me_a_message.mp3
6336,hr,ExampleSentences/hr/send_me_a_message.mp3
6336,hu,ExampleSentences/hu/send_me_a_message.mp3
6336,id,ExampleSentences/id/send_me_a_message.mp3
6336,is,ExampleSentences/is/send_me_a_message.mp3
6336,it,ExampleSentences/it/send_me_a_message.mp3
6336,ja,ExampleSentences/ja/send_me_a_message.mp3
6336,ko,ExampleSentences/ko/send_me_a_message.mp3
6336,lt,ExampleSentences/lt/send_me_a_message.mp3
6336,lv,ExampleSentences/lv/send_me_a_message.mp3
6336,ml,ExampleSentences/ml/send_me_a_message.mp3
6336,mr,ExampleSentences/mr/send_me_a_message.mp3
6336,nl,ExampleSentences/nl/send_me_a_message.mp3
6336,no,ExampleSentences/no/send_me_a_message.mp3
6336,pl,ExampleSentences/pl/send_me_a_message.mp3
6336,pt,ExampleSentences/pt/send_me_a_message.mp3
6336,ro,ExampleSentences/ro/send_me_a_message.mp3
6336,ru,ExampleSentences/ru/send_me_a_message.mp3
6336,sk,ExampleSentences/sk/send_me_a_message.mp3
6336,sl,ExampleSentences/sl/send_me_a_message.mp3
6336,sv,ExampleSentences/sv/send_me_a_message.mp3
6336,ta,ExampleSentences/ta/send_me_a_message.mp3
6336,te,ExampleSentences/te/send_me_a_message.mp3
6336,th,ExampleSentences/th/send_me_a_message.mp3
6336,tr,ExampleSentences/tr/send_me_a_message.mp3
6336,uk,ExampleSentences/uk/send_me_a_message.mp3
6336,ur,ExampleSentences/ur/send_me_a_message.mp3
6336,vi,ExampleSentences/vi/send_me_a_message.mp3
6336,zh,ExampleSentences/zh/send_me_a_message.mp3
6337,en,ExampleSentences/en/ill_be_there.mp3
6337,ar,ExampleSentences/ar/ill_be_there.mp3
6337,bg,ExampleSentences/bg/ill_be_there.mp3
6337,bn,ExampleSentences/bn/ill_be_there.mp3
6337,ca,ExampleSentences/ca/ill_be_there.mp3
6337,cs,ExampleSentences/cs/ill_be_there.mp3
6337,da,ExampleSentences/da/ill_be_there.mp3
6337,de,ExampleSentences/de/ill_be_there.mp3
6337,el,ExampleSentences/el/ill_be_there.mp3
6337,es,ExampleSentences/es/ill_be_there.mp3
6337,et,ExampleSentences/et/ill_be_there.mp3
6337,eu,ExampleSentences/eu/ill_be_there.mp3
6337,fi,ExampleSentences/fi/ill_be_there.mp3
6337,fr,ExampleSentences/fr/ill_be_there.mp3
6337,gu,ExampleSentences/gu/ill_be_there.mp3
6337,he,ExampleSentences/he/ill_be_there.mp3
6337,hi,ExampleSentences/hi/ill_be_there.mp3
6337,hr,ExampleSentences/hr/ill_be_there.mp3
6337,hu,ExampleSentences/hu/ill_be_there.mp3
6337,id,ExampleSentences/id/ill_be_there.mp3
6337,is,ExampleSentences/is/ill_be_there.mp3
6337,it,ExampleSentences/it/ill_be_there.mp3
6337,ja,ExampleSentences/ja/ill_be_there.mp3
6337,ko,ExampleSentences/ko/ill_be_there.mp3
6337,lt,ExampleSentences/lt/ill_be_there.mp3
6337,lv,ExampleSentences/lv/ill_be_there.mp3
6337,ml,ExampleSentences/ml/ill_be_there.mp3
6337,mr,ExampleSentences/mr/ill_be_there.mp3
6337,nl,ExampleSentences/nl/ill_be_there.mp3
6337,no,ExampleSentences/no/ill_be_there.mp3
6337,pl,ExampleSentences/pl/ill_be_there.mp3
6337,pt,ExampleSentences/pt/ill_be_there.mp3
6337,ro,ExampleSentences/ro/ill_be_there.mp3
6337,ru,ExampleSentences/ru/ill_be_there.mp3
6337,sk,ExampleSentences/sk/ill_be_there.mp3
6337,sl,ExampleSentences/sl/ill_be_there.mp3
6337,sv,ExampleSentences/sv/ill_be_there.mp3
6337,ta,ExampleSentences/ta/ill_be_there.mp3
6337,te,ExampleSentences/te/ill_be_there.mp3
6337,th,ExampleSentences/th/ill_be_there.mp3
6337,tr,ExampleSentences/tr/ill_be_there.mp3
6337,uk,ExampleSentences/uk/ill_be_there.mp3
6337,ur,ExampleSentences/ur/ill_be_there.mp3
6337,vi,ExampleSentences/vi/ill_be_there.mp3
6337,zh,ExampleSentences/zh/ill_be_there.mp3
6164,en,ExampleSentences/en/take_care.mp3
6164,ar,ExampleSentences/ar/take_care.mp3
6164,bg,ExampleSentences/bg/take_care.mp3
6164,bn,ExampleSentences/bn/take_care.mp3
6164,ca,ExampleSentences/ca/take_care.mp3
6164,cs,ExampleSentences/cs/take_care.mp3
6164,da,ExampleSentences/da/take_care.mp3
6164,de,ExampleSentences/de/take_care.mp3
6164,el,ExampleSentences/el/take_care.mp3
6164,es,ExampleSentences/es/take_care.mp3
6164,et,ExampleSentences/et/take_care.mp3
6164,eu,ExampleSentences/eu/take_care.mp3
6164,fi,ExampleSentences/fi/take_care.mp3
6164,fr,ExampleSentences/fr/take_care.mp3
6164,gu,ExampleSentences/gu/take_care.mp3
6164,he,ExampleSentences/he/take_care.mp3
6164,hi,ExampleSentences/hi/take_care.mp3
6164,hr,ExampleSentences/hr/take_care.mp3
6164,hu,ExampleSentences/hu/take_care.mp3
6164,id,ExampleSentences/id/take_care.mp3
6164,is,ExampleSentences/is/take_care.mp3
6164,it,ExampleSentences/it/take_care.mp3
6164,ja,ExampleSentences/ja/take_care.mp3
6164,ko,ExampleSentences/ko/take_care.mp3
6164,lt,ExampleSentences/lt/take_care.mp3
6164,lv,ExampleSentences/lv/take_care.mp3
6164,ml,ExampleSentences/ml/take_care.mp3
6164,mr,ExampleSentences/mr/take_care.mp3
6164,nl,ExampleSentences/nl/take_care.mp3
6164,no,ExampleSentences/no/take_care.mp3
6164,pl,ExampleSentences/pl/take_care.mp3
6164,pt,ExampleSentences/pt/take_care.mp3
6164,ro,ExampleSentences/ro/take_care.mp3
6164,ru,ExampleSentences/ru/take_care.mp3
6164,sk,ExampleSentences/sk/take_care.mp3
6164,sl,ExampleSentences/sl/take_care.mp3
6164,sv,ExampleSentences/sv/take_care.mp3
6164,ta,ExampleSentences/ta/take_care.mp3
6164,te,ExampleSentences/te/take_care.mp3
6164,th,ExampleSentences/th/take_care.mp3
6164,tr,ExampleSentences/tr/take_care.mp3
6164,uk,ExampleSentences/uk/take_care.mp3
6164,ur,ExampleSentences/ur/take_care.mp3
6164,vi,ExampleSentences/vi/take_care.mp3
6164,zh,ExampleSentences/zh/take_care.mp3